schools_1km,hospitals_1km,transit_1km,Outlet_ID
0,0,0,OUT_00001
1,0,0,OUT_00002
0,0,0,OUT_00003
0,0,0,OUT_00004
1,0,0,OUT_00005
0,0,0,OUT_00006
0,0,0,OUT_00007
0,0,0,OUT_00008
0,0,0,OUT_00009
11,5,25,OUT_00010
0,0,0,OUT_00011
0,0,0,OUT_00012
0,0,5,OUT_00013
2,0,0,OUT_00014
0,0,0,OUT_00015
0,0,0,OUT_00016
1,0,0,OUT_00017
0,0,0,OUT_00018
0,0,0,OUT_00019
0,1,0,OUT_00020
0,0,0,OUT_00021
0,0,0,OUT_00022
1,0,0,OUT_00023
0,0,0,OUT_00024
0,0,0,OUT_00025
14,1,14,OUT_00026
0,0,0,OUT_00027
0,0,0,OUT_00028
4,2,2,OUT_00029
0,0,0,OUT_00030
0,0,0,OUT_00031
0,0,5,OUT_00032
0,0,0,OUT_00033
1,0,0,OUT_00034
0,0,0,OUT_00035
0,0,0,OUT_00036
0,0,0,OUT_00037
0,0,0,OUT_00038
0,0,0,OUT_00039
7,0,7,OUT_00040
0,0,0,OUT_00041
0,0,0,OUT_00042
0,0,0,OUT_00043
10,0,6,OUT_00044
3,0,3,OUT_00045
0,0,0,OUT_00046
1,0,0,OUT_00047
1,0,0,OUT_00048
1,0,0,OUT_00049
0,0,2,OUT_00050
0,0,0,OUT_00051
0,0,0,OUT_00052
0,0,0,OUT_00053
2,0,0,OUT_00054
1,0,0,OUT_00055
0,1,0,OUT_00056
0,0,0,OUT_00057
0,0,0,OUT_00058
0,0,0,OUT_00059
0,0,1,OUT_00060
0,0,0,OUT_00061
1,0,0,OUT_00062
0,0,0,OUT_00063
0,0,0,OUT_00064
0,0,0,OUT_00065
0,0,0,OUT_00066
0,0,0,OUT_00067
0,0,0,OUT_00068
3,0,0,OUT_00069
2,1,4,OUT_00070
0,0,1,OUT_00071
0,0,0,OUT_00072
0,0,0,OUT_00073
2,0,8,OUT_00074
0,0,0,OUT_00075
0,0,1,OUT_00076
0,0,0,OUT_00077
1,0,17,OUT_00078
1,0,0,OUT_00079
0,0,0,OUT_00080
0,0,0,OUT_00081
2,0,0,OUT_00082
0,0,0,OUT_00083
0,0,2,OUT_00084
0,0,0,OUT_00085
1,0,0,OUT_00086
0,0,0,OUT_00087
0,0,0,OUT_00088
1,0,4,OUT_00089
0,0,0,OUT_00090
0,0,1,OUT_00091
0,0,0,OUT_00092
1,0,0,OUT_00093
3,2,7,OUT_00094
0,0,0,OUT_00095
0,0,0,OUT_00096
0,0,0,OUT_00097
0,0,0,OUT_00098
1,0,7,OUT_00099
2,0,10,OUT_00100
0,0,0,OUT_00101
0,0,0,OUT_00102
0,0,0,OUT_00103
5,3,7,OUT_00104
3,0,1,OUT_00105
0,0,0,OUT_00106
0,0,0,OUT_00107
0,0,1,OUT_00108
0,0,0,OUT_00109
0,0,0,OUT_00110
0,0,0,OUT_00111
0,0,0,OUT_00112
2,0,9,OUT_00113
0,0,0,OUT_00114
2,1,2,OUT_00115
0,0,4,OUT_00116
0,0,1,OUT_00117
0,1,1,OUT_00118
2,0,0,OUT_00119
0,0,0,OUT_00120
0,0,0,OUT_00121
0,0,0,OUT_00122
0,0,0,OUT_00123
0,0,0,OUT_00124
0,0,9,OUT_00125
0,0,0,OUT_00126
0,0,0,OUT_00127
3,0,1,OUT_00128
1,0,0,OUT_00129
12,1,0,OUT_00130
0,0,0,OUT_00131
0,0,2,OUT_00132
0,0,0,OUT_00133
0,0,0,OUT_00134
3,0,8,OUT_00135
0,0,0,OUT_00136
0,0,0,OUT_00137
0,0,0,OUT_00138
1,0,0,OUT_00139
1,1,0,OUT_00140
0,0,0,OUT_00141
0,0,0,OUT_00142
0,0,0,OUT_00143
2,0,0,OUT_00144
2,1,0,OUT_00145
4,0,0,OUT_00146
1,0,0,OUT_00147
0,0,0,OUT_00148
0,0,0,OUT_00149
0,0,0,OUT_00150
2,0,1,OUT_00151
2,1,3,OUT_00152
1,0,0,OUT_00153
1,1,0,OUT_00154
0,0,0,OUT_00155
0,0,0,OUT_00156
0,0,0,OUT_00157
0,0,0,OUT_00158
0,0,7,OUT_00159
1,0,0,OUT_00160
0,0,0,OUT_00161
0,0,0,OUT_00162
0,1,0,OUT_00163
0,0,0,OUT_00164
1,0,0,OUT_00165
1,0,0,OUT_00166
0,0,0,OUT_00167
2,0,0,OUT_00168
2,1,1,OUT_00169
0,0,0,OUT_00170
0,0,0,OUT_00171
2,0,4,OUT_00172
0,0,0,OUT_00173
0,0,0,OUT_00174
0,0,1,OUT_00175
1,0,1,OUT_00176
0,0,0,OUT_00177
0,0,0,OUT_00178
4,3,0,OUT_00179
0,0,0,OUT_00180
0,0,0,OUT_00181
0,0,0,OUT_00182
0,0,0,OUT_00183
0,0,0,OUT_00184
0,0,0,OUT_00185
0,0,0,OUT_00186
0,0,0,OUT_00187
1,0,2,OUT_00188
0,0,0,OUT_00189
5,3,11,OUT_00190
0,0,0,OUT_00191
0,0,0,OUT_00192
0,0,0,OUT_00193
0,0,0,OUT_00194
0,0,0,OUT_00195
7,3,2,OUT_00196
0,0,0,OUT_00197
0,0,0,OUT_00198
0,0,0,OUT_00199
0,0,0,OUT_00200
0,0,0,OUT_00201
1,0,7,OUT_00202
0,0,0,OUT_00203
0,0,0,OUT_00204
0,0,0,OUT_00205
0,0,0,OUT_00206
0,0,0,OUT_00207
1,0,1,OUT_00208
0,0,0,OUT_00209
0,1,0,OUT_00210
0,0,0,OUT_00211
0,0,1,OUT_00212
0,0,0,OUT_00213
1,0,0,OUT_00214
1,0,0,OUT_00215
0,0,0,OUT_00216
0,0,0,OUT_00217
0,0,0,OUT_00218
0,0,0,OUT_00219
0,0,0,OUT_00220
0,0,0,OUT_00221
1,0,0,OUT_00222
0,0,0,OUT_00223
0,1,2,OUT_00224
0,0,0,OUT_00225
0,0,0,OUT_00226
0,0,0,OUT_00227
0,0,0,OUT_00228
0,0,0,OUT_00229
0,0,0,OUT_00230
0,0,0,OUT_00231
0,0,0,OUT_00232
0,0,0,OUT_00233
0,0,0,OUT_00234
0,0,0,OUT_00235
1,0,4,OUT_00236
0,0,4,OUT_00237
0,0,0,OUT_00238
0,0,0,OUT_00239
1,0,1,OUT_00240
0,0,0,OUT_00241
1,0,1,OUT_00242
0,0,0,OUT_00243
0,0,0,OUT_00244
0,0,0,OUT_00245
4,2,30,OUT_00246
2,1,0,OUT_00247
0,0,0,OUT_00248
0,0,0,OUT_00249
0,0,1,OUT_00250
0,0,1,OUT_00251
0,0,0,OUT_00252
0,0,0,OUT_00253
2,0,0,OUT_00254
2,1,13,OUT_00255
0,0,0,OUT_00256
1,0,0,OUT_00257
0,0,0,OUT_00258
0,0,0,OUT_00259
0,0,0,OUT_00260
0,0,0,OUT_00261
13,1,15,OUT_00262
0,0,0,OUT_00263
0,0,0,OUT_00264
0,0,0,OUT_00265
1,0,0,OUT_00266
0,0,1,OUT_00267
0,0,0,OUT_00268
1,0,0,OUT_00269
0,0,0,OUT_00270
0,0,0,OUT_00271
0,0,0,OUT_00272
0,0,0,OUT_00273
0,0,0,OUT_00274
0,0,0,OUT_00275
1,1,11,OUT_00276
0,0,0,OUT_00277
0,0,0,OUT_00278
0,0,0,OUT_00279
2,1,0,OUT_00280
0,0,0,OUT_00281
0,0,0,OUT_00282
1,0,0,OUT_00283
0,0,10,OUT_00284
0,0,0,OUT_00285
1,0,0,OUT_00286
0,0,0,OUT_00287
0,0,0,OUT_00288
0,0,0,OUT_00289
0,0,0,OUT_00290
1,0,8,OUT_00291
0,0,0,OUT_00292
0,0,0,OUT_00293
0,0,0,OUT_00294
2,1,0,OUT_00295
0,0,0,OUT_00296
1,0,1,OUT_00297
0,0,0,OUT_00298
0,0,1,OUT_00299
0,0,0,OUT_00300
0,0,0,OUT_00301
0,0,1,OUT_00302
36,8,12,OUT_00303
0,0,0,OUT_00304
0,0,0,OUT_00305
0,0,0,OUT_00306
1,0,1,OUT_00307
0,0,0,OUT_00308
0,0,0,OUT_00309
10,0,3,OUT_00310
0,0,0,OUT_00311
0,0,0,OUT_00312
1,0,1,OUT_00313
0,0,0,OUT_00314
0,0,1,OUT_00315
0,0,3,OUT_00316
0,0,0,OUT_00317
0,0,0,OUT_00318
0,0,0,OUT_00319
0,0,0,OUT_00320
1,0,0,OUT_00321
0,0,0,OUT_00322
2,0,5,OUT_00323
0,0,0,OUT_00324
0,0,0,OUT_00325
1,0,0,OUT_00326
0,0,0,OUT_00327
5,1,4,OUT_00328
0,0,0,OUT_00329
0,0,0,OUT_00330
0,0,0,OUT_00331
1,0,2,OUT_00332
4,1,4,OUT_00333
0,0,0,OUT_00334
2,0,0,OUT_00335
0,0,0,OUT_00336
3,3,2,OUT_00337
0,0,0,OUT_00338
0,1,0,OUT_00339
0,0,0,OUT_00340
0,0,0,OUT_00341
0,0,0,OUT_00342
1,0,0,OUT_00343
2,0,0,OUT_00344
0,0,0,OUT_00345
0,0,0,OUT_00346
1,0,0,OUT_00347
0,0,0,OUT_00348
0,0,0,OUT_00349
0,0,0,OUT_00350
0,0,0,OUT_00351
0,0,0,OUT_00352
0,0,1,OUT_00353
1,0,0,OUT_00354
0,0,0,OUT_00355
1,0,0,OUT_00356
0,0,0,OUT_00357
9,0,5,OUT_00358
1,0,0,OUT_00359
1,0,0,OUT_00360
0,0,0,OUT_00361
0,0,0,OUT_00362
0,0,0,OUT_00363
1,1,0,OUT_00364
0,0,0,OUT_00365
1,0,0,OUT_00366
0,0,0,OUT_00367
0,0,0,OUT_00368
0,0,0,OUT_00369
0,0,0,OUT_00370
0,0,0,OUT_00371
0,0,0,OUT_00372
1,0,0,OUT_00373
5,3,14,OUT_00374
0,0,0,OUT_00375
0,0,0,OUT_00376
0,0,0,OUT_00377
1,0,0,OUT_00378
0,0,0,OUT_00379
0,0,0,OUT_00380
5,1,5,OUT_00381
0,0,0,OUT_00382
0,0,0,OUT_00383
1,0,0,OUT_00384
1,0,0,OUT_00385
0,0,0,OUT_00386
0,0,0,OUT_00387
2,0,5,OUT_00388
2,1,7,OUT_00389
1,0,0,OUT_00390
0,0,0,OUT_00391
0,0,0,OUT_00392
0,0,0,OUT_00393
0,0,0,OUT_00394
0,0,0,OUT_00395
1,0,0,OUT_00396
1,0,5,OUT_00397
0,0,2,OUT_00398
11,1,16,OUT_00399
1,0,0,OUT_00400
0,0,0,OUT_00401
0,0,1,OUT_00402
1,1,0,OUT_00403
0,0,0,OUT_00404
0,0,0,OUT_00405
0,0,0,OUT_00406
0,0,0,OUT_00407
0,0,0,OUT_00408
0,0,0,OUT_00409
0,0,0,OUT_00410
0,0,1,OUT_00411
0,0,1,OUT_00412
0,0,0,OUT_00413
0,0,0,OUT_00414
0,0,0,OUT_00415
0,0,1,OUT_00416
1,0,0,OUT_00417
0,0,0,OUT_00418
2,0,0,OUT_00419
0,0,0,OUT_00420
0,0,0,OUT_00421
0,0,0,OUT_00422
0,0,0,OUT_00423
0,0,0,OUT_00424
0,0,0,OUT_00425
0,0,0,OUT_00426
0,0,0,OUT_00427
0,0,0,OUT_00428
2,0,0,OUT_00429
0,1,0,OUT_00430
0,0,0,OUT_00431
0,0,0,OUT_00432
0,0,0,OUT_00433
0,0,0,OUT_00434
0,0,0,OUT_00435
0,0,0,OUT_00436
0,0,0,OUT_00437
0,0,0,OUT_00438
0,0,0,OUT_00439
0,0,0,OUT_00440
0,0,0,OUT_00441
9,3,9,OUT_00442
0,0,0,OUT_00443
0,0,0,OUT_00444
0,0,0,OUT_00445
0,0,0,OUT_00446
0,0,2,OUT_00447
0,0,0,OUT_00448
1,0,0,OUT_00449
0,0,0,OUT_00450
1,0,0,OUT_00451
1,1,1,OUT_00452
0,0,0,OUT_00453
8,3,8,OUT_00454
0,0,0,OUT_00455
0,0,0,OUT_00456
0,0,0,OUT_00457
0,0,0,OUT_00458
1,0,0,OUT_00459
0,0,0,OUT_00460
2,0,0,OUT_00461
1,0,4,OUT_00462
0,0,0,OUT_00463
1,2,5,OUT_00464
0,0,0,OUT_00465
1,0,0,OUT_00466
0,0,0,OUT_00467
0,0,0,OUT_00468
0,0,0,OUT_00469
0,0,0,OUT_00470
0,0,0,OUT_00471
0,0,0,OUT_00472
0,0,0,OUT_00473
1,0,0,OUT_00474
0,0,0,OUT_00475
0,0,0,OUT_00476
0,0,0,OUT_00477
0,0,0,OUT_00478
0,0,0,OUT_00479
1,0,4,OUT_00480
0,0,1,OUT_00481
1,0,0,OUT_00482
9,0,7,OUT_00483
3,0,0,OUT_00484
0,0,0,OUT_00485
7,0,2,OUT_00486
0,0,0,OUT_00487
1,1,0,OUT_00488
0,0,0,OUT_00489
0,0,0,OUT_00490
2,0,2,OUT_00491
0,0,0,OUT_00492
0,0,0,OUT_00493
1,0,0,OUT_00494
1,0,4,OUT_00495
2,1,0,OUT_00496
0,0,6,OUT_00497
0,0,0,OUT_00498
0,0,0,OUT_00499
0,0,0,OUT_00500
0,0,0,OUT_00501
1,0,0,OUT_00502
0,0,0,OUT_00503
3,0,7,OUT_00504
0,0,0,OUT_00505
1,1,0,OUT_00506
1,0,0,OUT_00507
0,0,5,OUT_00508
0,0,0,OUT_00509
0,0,0,OUT_00510
0,0,0,OUT_00511
0,0,0,OUT_00512
0,0,1,OUT_00513
0,0,3,OUT_00514
0,0,0,OUT_00515
4,0,1,OUT_00516
0,0,0,OUT_00517
0,0,0,OUT_00518
1,0,0,OUT_00519
0,0,0,OUT_00520
18,1,11,OUT_00521
1,0,2,OUT_00522
0,0,0,OUT_00523
27,1,13,OUT_00524
0,0,0,OUT_00525
0,0,0,OUT_00526
0,0,0,OUT_00527
1,0,1,OUT_00528
0,0,0,OUT_00529
0,0,1,OUT_00530
0,0,0,OUT_00531
0,0,0,OUT_00532
0,0,0,OUT_00533
0,0,0,OUT_00534
3,0,2,OUT_00535
0,0,0,OUT_00536
0,0,0,OUT_00537
0,0,0,OUT_00538
0,0,0,OUT_00539
0,0,0,OUT_00540
0,0,0,OUT_00541
0,0,0,OUT_00542
0,0,0,OUT_00543
0,0,0,OUT_00544
1,0,0,OUT_00545
1,0,0,OUT_00546
0,0,0,OUT_00547
0,0,0,OUT_00548
3,0,6,OUT_00549
0,0,0,OUT_00550
4,2,8,OUT_00551
0,0,1,OUT_00552
0,0,0,OUT_00553
0,0,0,OUT_00554
0,0,2,OUT_00555
1,0,0,OUT_00556
0,0,0,OUT_00557
0,0,0,OUT_00558
1,0,0,OUT_00559
0,0,0,OUT_00560
0,0,0,OUT_00561
2,0,0,OUT_00562
1,0,1,OUT_00563
0,0,0,OUT_00564
0,0,0,OUT_00565
0,0,0,OUT_00566
0,1,0,OUT_00567
1,1,0,OUT_00568
1,1,0,OUT_00569
0,0,0,OUT_00570
0,0,0,OUT_00571
5,1,0,OUT_00572
0,0,0,OUT_00573
0,0,0,OUT_00574
1,0,0,OUT_00575
0,0,0,OUT_00576
2,0,0,OUT_00577
0,0,0,OUT_00578
2,3,4,OUT_00579
0,0,0,OUT_00580
0,0,0,OUT_00581
0,0,0,OUT_00582
0,0,0,OUT_00583
0,0,0,OUT_00584
0,0,0,OUT_00585
0,0,0,OUT_00586
0,0,0,OUT_00587
0,0,0,OUT_00588
3,0,8,OUT_00589
0,0,1,OUT_00590
1,1,1,OUT_00591
14,1,14,OUT_00592
1,1,3,OUT_00593
0,0,0,OUT_00594
0,0,0,OUT_00595
0,0,0,OUT_00596
0,0,0,OUT_00597
1,0,0,OUT_00598
0,0,0,OUT_00599
0,0,0,OUT_00600
1,0,1,OUT_00601
0,0,0,OUT_00602
1,0,2,OUT_00603
13,2,11,OUT_00604
2,2,5,OUT_00605
0,0,0,OUT_00606
0,0,0,OUT_00607
0,0,0,OUT_00608
1,2,0,OUT_00609
0,0,0,OUT_00610
2,1,1,OUT_00611
0,1,0,OUT_00612
0,0,8,OUT_00613
1,0,0,OUT_00614
0,0,0,OUT_00615
2,1,4,OUT_00616
0,0,0,OUT_00617
0,0,0,OUT_00618
0,0,0,OUT_00619
0,0,0,OUT_00620
0,0,0,OUT_00621
0,0,0,OUT_00622
0,0,0,OUT_00623
0,0,0,OUT_00624
0,0,0,OUT_00625
0,0,0,OUT_00626
0,0,0,OUT_00627
0,0,0,OUT_00628
0,0,0,OUT_00629
0,1,0,OUT_00630
0,0,0,OUT_00631
0,0,0,OUT_00632
0,0,0,OUT_00633
8,0,4,OUT_00634
0,0,0,OUT_00635
1,0,0,OUT_00636
2,0,6,OUT_00637
0,0,2,OUT_00638
0,0,1,OUT_00639
1,0,0,OUT_00640
0,0,0,OUT_00641
0,0,0,OUT_00642
1,0,2,OUT_00643
0,0,0,OUT_00644
8,0,9,OUT_00645
0,0,1,OUT_00646
0,0,0,OUT_00647
0,0,0,OUT_00648
2,0,0,OUT_00649
0,0,0,OUT_00650
0,0,0,OUT_00651
2,0,6,OUT_00652
0,0,0,OUT_00653
1,0,4,OUT_00654
1,0,0,OUT_00655
0,0,5,OUT_00656
0,0,0,OUT_00657
0,0,0,OUT_00658
0,0,0,OUT_00659
0,0,0,OUT_00660
1,1,0,OUT_00661
0,0,0,OUT_00662
0,0,2,OUT_00663
6,3,20,OUT_00664
1,0,0,OUT_00665
0,0,0,OUT_00666
0,0,0,OUT_00667
1,0,0,OUT_00668
2,0,5,OUT_00669
0,0,0,OUT_00670
0,0,0,OUT_00671
0,0,0,OUT_00672
3,0,3,OUT_00673
0,0,0,OUT_00674
0,0,0,OUT_00675
0,0,3,OUT_00676
4,3,4,OUT_00677
0,0,0,OUT_00678
0,1,0,OUT_00679
0,0,0,OUT_00680
0,0,0,OUT_00681
10,0,16,OUT_00682
1,0,8,OUT_00683
1,0,0,OUT_00684
1,0,0,OUT_00685
0,0,0,OUT_00686
1,0,0,OUT_00687
0,0,0,OUT_00688
1,0,1,OUT_00689
1,0,0,OUT_00690
0,0,1,OUT_00691
0,0,0,OUT_00692
0,0,0,OUT_00693
4,0,8,OUT_00694
0,0,0,OUT_00695
0,0,0,OUT_00696
2,2,5,OUT_00697
0,0,0,OUT_00698
0,0,0,OUT_00699
0,0,8,OUT_00700
0,0,0,OUT_00701
0,0,0,OUT_00702
0,0,0,OUT_00703
0,0,4,OUT_00704
0,0,0,OUT_00705
0,0,0,OUT_00706
0,0,0,OUT_00707
2,1,0,OUT_00708
0,0,0,OUT_00709
0,0,0,OUT_00710
0,0,0,OUT_00711
0,0,0,OUT_00712
0,0,0,OUT_00713
0,0,0,OUT_00714
0,0,0,OUT_00715
0,0,0,OUT_00716
0,0,0,OUT_00717
0,0,3,OUT_00718
0,0,0,OUT_00719
0,0,0,OUT_00720
2,0,3,OUT_00721
1,0,1,OUT_00722
0,0,0,OUT_00723
0,0,0,OUT_00724
0,0,0,OUT_00725
0,0,0,OUT_00726
0,0,0,OUT_00727
0,0,1,OUT_00728
0,0,0,OUT_00729
0,0,0,OUT_00730
2,0,0,OUT_00731
0,0,0,OUT_00732
0,0,0,OUT_00733
0,0,0,OUT_00734
0,0,0,OUT_00735
0,0,3,OUT_00736
0,0,0,OUT_00737
0,0,0,OUT_00738
0,0,6,OUT_00739
1,0,0,OUT_00740
2,3,4,OUT_00741
1,0,0,OUT_00742
2,0,0,OUT_00743
0,0,0,OUT_00744
0,0,0,OUT_00745
1,0,0,OUT_00746
0,0,0,OUT_00747
0,0,0,OUT_00748
0,0,0,OUT_00749
0,0,0,OUT_00750
0,1,3,OUT_00751
0,0,0,OUT_00752
0,0,0,OUT_00753
0,0,0,OUT_00754
0,0,0,OUT_00755
4,0,8,OUT_00756
0,0,0,OUT_00757
1,0,0,OUT_00758
0,1,0,OUT_00759
0,0,0,OUT_00760
5,2,0,OUT_00761
6,0,19,OUT_00762
0,0,0,OUT_00763
0,0,20,OUT_00764
0,0,0,OUT_00765
0,0,0,OUT_00766
0,0,0,OUT_00767
2,3,0,OUT_00768
0,0,0,OUT_00769
12,1,0,OUT_00770
2,0,1,OUT_00771
0,0,0,OUT_00772
0,0,0,OUT_00773
2,0,0,OUT_00774
0,0,0,OUT_00775
0,0,0,OUT_00776
1,0,0,OUT_00777
0,0,0,OUT_00778
0,0,0,OUT_00779
0,0,0,OUT_00780
4,0,3,OUT_00781
4,1,11,OUT_00782
0,0,0,OUT_00783
4,0,3,OUT_00784
0,0,0,OUT_00785
1,0,1,OUT_00786
0,0,0,OUT_00787
1,0,0,OUT_00788
0,0,0,OUT_00789
0,0,3,OUT_00790
0,0,0,OUT_00791
2,0,6,OUT_00792
0,0,0,OUT_00793
0,0,0,OUT_00794
2,0,0,OUT_00795
0,0,0,OUT_00796
0,0,0,OUT_00797
0,0,0,OUT_00798
1,1,1,OUT_00799
0,0,0,OUT_00800
0,0,0,OUT_00801
0,0,0,OUT_00802
0,0,0,OUT_00803
1,0,0,OUT_00804
0,0,0,OUT_00805
0,0,0,OUT_00806
0,0,0,OUT_00807
0,0,0,OUT_00808
0,0,0,OUT_00809
0,0,0,OUT_00810
0,0,0,OUT_00811
0,0,0,OUT_00812
0,0,0,OUT_00813
0,0,0,OUT_00814
0,2,1,OUT_00815
1,0,3,OUT_00816
1,0,2,OUT_00817
2,0,1,OUT_00818
0,0,0,OUT_00819
1,0,5,OUT_00820
0,0,0,OUT_00821
1,0,0,OUT_00822
1,2,2,OUT_00823
0,0,0,OUT_00824
1,0,0,OUT_00825
0,0,0,OUT_00826
0,0,2,OUT_00827
0,0,0,OUT_00828
2,1,1,OUT_00829
0,0,0,OUT_00830
1,0,0,OUT_00831
0,0,0,OUT_00832
1,0,0,OUT_00833
3,1,13,OUT_00834
0,0,0,OUT_00835
0,0,0,OUT_00836
0,0,0,OUT_00837
0,0,0,OUT_00838
1,0,0,OUT_00839
0,0,0,OUT_00840
18,6,13,OUT_00841
0,0,0,OUT_00842
0,0,0,OUT_00843
0,0,0,OUT_00844
0,0,0,OUT_00845
0,0,0,OUT_00846
2,1,0,OUT_00847
0,0,0,OUT_00848
0,0,2,OUT_00849
0,0,0,OUT_00850
1,1,0,OUT_00851
0,0,0,OUT_00852
0,0,0,OUT_00853
0,0,0,OUT_00854
0,0,0,OUT_00855
1,0,3,OUT_00856
1,3,1,OUT_00857
0,0,1,OUT_00858
0,0,0,OUT_00859
0,0,0,OUT_00860
0,0,0,OUT_00861
0,0,0,OUT_00862
0,0,0,OUT_00863
0,0,0,OUT_00864
3,2,4,OUT_00865
2,1,5,OUT_00866
3,1,1,OUT_00867
1,0,0,OUT_00868
0,0,0,OUT_00869
12,2,10,OUT_00870
1,0,1,OUT_00871
2,0,0,OUT_00872
0,0,0,OUT_00873
0,0,0,OUT_00874
0,0,0,OUT_00875
22,4,19,OUT_00876
11,8,25,OUT_00877
0,1,0,OUT_00878
3,0,1,OUT_00879
0,0,0,OUT_00880
1,0,0,OUT_00881
0,0,0,OUT_00882
3,0,0,OUT_00883
1,0,1,OUT_00884
0,0,0,OUT_00885
0,0,0,OUT_00886
0,0,0,OUT_00887
0,0,0,OUT_00888
0,0,0,OUT_00889
0,1,0,OUT_00890
0,0,0,OUT_00891
0,0,0,OUT_00892
0,0,0,OUT_00893
0,0,0,OUT_00894
1,0,0,OUT_00895
0,0,0,OUT_00896
1,0,0,OUT_00897
0,0,0,OUT_00898
0,0,0,OUT_00899
0,1,0,OUT_00900
0,0,0,OUT_00901
0,0,0,OUT_00902
2,0,0,OUT_00903
0,0,0,OUT_00904
8,3,10,OUT_00905
0,0,0,OUT_00906
13,1,21,OUT_00907
0,0,0,OUT_00908
4,2,5,OUT_00909
0,0,0,OUT_00910
0,0,0,OUT_00911
1,0,0,OUT_00912
1,0,10,OUT_00913
0,0,0,OUT_00914
0,0,3,OUT_00915
0,0,0,OUT_00916
0,0,0,OUT_00917
0,0,0,OUT_00918
0,0,0,OUT_00919
0,0,0,OUT_00920
0,0,0,OUT_00921
1,0,0,OUT_00922
0,0,0,OUT_00923
14,0,14,OUT_00924
0,0,1,OUT_00925
0,0,0,OUT_00926
5,1,2,OUT_00927
0,0,0,OUT_00928
0,0,0,OUT_00929
0,0,0,OUT_00930
0,0,0,OUT_00931
0,0,0,OUT_00932
0,0,0,OUT_00933
0,0,0,OUT_00934
1,0,0,OUT_00935
0,0,0,OUT_00936
0,0,0,OUT_00937
1,0,0,OUT_00938
0,0,0,OUT_00939
2,1,0,OUT_00940
0,0,0,OUT_00941
0,0,0,OUT_00942
0,0,0,OUT_00943
3,0,0,OUT_00944
0,0,0,OUT_00945
0,0,0,OUT_00946
9,1,13,OUT_00947
0,0,0,OUT_00948
0,0,0,OUT_00949
0,0,0,OUT_00950
24,1,12,OUT_00951
1,1,0,OUT_00952
0,0,0,OUT_00953
2,0,3,OUT_00954
0,0,0,OUT_00955
1,0,1,OUT_00956
0,0,0,OUT_00957
0,0,0,OUT_00958
0,0,0,OUT_00959
0,0,0,OUT_00960
0,0,0,OUT_00961
1,0,2,OUT_00962
4,0,0,OUT_00963
0,0,0,OUT_00964
0,0,0,OUT_00965
1,0,0,OUT_00966
1,0,0,OUT_00967
0,0,3,OUT_00968
0,0,0,OUT_00969
0,0,0,OUT_00970
2,2,6,OUT_00971
0,0,0,OUT_00972
2,0,0,OUT_00973
0,0,12,OUT_00974
0,0,0,OUT_00975
0,0,0,OUT_00976
2,1,0,OUT_00977
0,0,0,OUT_00978
0,0,0,OUT_00979
0,0,0,OUT_00980
0,0,0,OUT_00981
0,0,2,OUT_00982
3,3,0,OUT_00983
0,0,1,OUT_00984
0,0,0,OUT_00985
0,0,0,OUT_00986
1,0,3,OUT_00987
0,0,0,OUT_00988
0,0,1,OUT_00989
0,0,1,OUT_00990
11,3,6,OUT_00991
1,0,0,OUT_00992
0,0,0,OUT_00993
0,0,1,OUT_00994
0,0,0,OUT_00995
1,0,0,OUT_00996
0,0,0,OUT_00997
0,0,0,OUT_00998
0,0,1,OUT_00999
1,0,0,OUT_01000
0,0,0,OUT_01001
1,0,0,OUT_01002
0,0,0,OUT_01003
0,0,0,OUT_01004
0,0,0,OUT_01005
0,0,5,OUT_01006
0,0,0,OUT_01007
0,0,0,OUT_01008
2,0,0,OUT_01009
0,0,0,OUT_01010
0,0,0,OUT_01011
0,0,0,OUT_01012
0,0,0,OUT_01013
0,0,0,OUT_01014
0,0,0,OUT_01015
0,0,0,OUT_01016
0,0,0,OUT_01017
0,0,0,OUT_01018
0,0,2,OUT_01019
0,0,0,OUT_01020
1,0,1,OUT_01021
4,0,0,OUT_01022
0,0,0,OUT_01023
2,0,0,OUT_01024
0,0,2,OUT_01025
0,0,0,OUT_01026
0,0,0,OUT_01027
0,0,0,OUT_01028
0,0,0,OUT_01029
2,0,1,OUT_01030
0,0,0,OUT_01031
0,0,0,OUT_01032
3,0,8,OUT_01033
0,0,0,OUT_01034
2,0,0,OUT_01035
0,0,0,OUT_01036
0,0,0,OUT_01037
0,0,0,OUT_01038
0,0,0,OUT_01039
1,0,0,OUT_01040
1,0,0,OUT_01041
0,0,0,OUT_01042
3,1,0,OUT_01043
0,0,0,OUT_01044
7,2,3,OUT_01045
0,0,0,OUT_01046
2,2,6,OUT_01047
0,0,0,OUT_01048
0,0,1,OUT_01049
0,0,0,OUT_01050
0,0,0,OUT_01051
0,1,0,OUT_01052
0,0,0,OUT_01053
1,0,6,OUT_01054
0,0,0,OUT_01055
0,0,0,OUT_01056
0,0,0,OUT_01057
1,1,0,OUT_01058
0,0,0,OUT_01059
0,0,6,OUT_01060
0,0,0,OUT_01061
0,0,1,OUT_01062
0,0,2,OUT_01063
1,0,0,OUT_01064
0,0,0,OUT_01065
0,0,0,OUT_01066
0,0,0,OUT_01067
0,0,0,OUT_01068
0,0,0,OUT_01069
2,0,0,OUT_01070
0,0,0,OUT_01071
0,0,4,OUT_01072
0,0,3,OUT_01073
2,1,0,OUT_01074
2,0,0,OUT_01075
0,1,1,OUT_01076
0,0,0,OUT_01077
12,4,11,OUT_01078
0,0,0,OUT_01079
0,0,0,OUT_01080
1,0,0,OUT_01081
0,0,0,OUT_01082
0,0,0,OUT_01083
0,0,0,OUT_01084
3,0,0,OUT_01085
0,0,0,OUT_01086
0,0,5,OUT_01087
0,0,0,OUT_01088
0,0,1,OUT_01089
0,0,0,OUT_01090
0,0,0,OUT_01091
0,0,0,OUT_01092
0,0,0,OUT_01093
14,1,16,OUT_01094
1,0,0,OUT_01095
0,0,0,OUT_01096
0,0,0,OUT_01097
0,0,0,OUT_01098
0,0,0,OUT_01099
2,0,3,OUT_01100
4,0,10,OUT_01101
1,0,0,OUT_01102
2,1,1,OUT_01103
0,0,0,OUT_01104
0,0,3,OUT_01105
0,0,0,OUT_01106
0,0,0,OUT_01107
0,0,0,OUT_01108
0,0,0,OUT_01109
0,2,4,OUT_01110
0,0,0,OUT_01111
0,0,0,OUT_01112
0,0,0,OUT_01113
0,0,2,OUT_01114
1,0,0,OUT_01115
0,0,0,OUT_01116
2,0,6,OUT_01117
0,0,0,OUT_01118
0,0,1,OUT_01119
0,0,0,OUT_01120
2,0,3,OUT_01121
0,0,0,OUT_01122
0,0,0,OUT_01123
0,0,0,OUT_01124
0,0,0,OUT_01125
0,0,0,OUT_01126
0,0,0,OUT_01127
0,0,0,OUT_01128
1,1,0,OUT_01129
0,0,0,OUT_01130
1,0,1,OUT_01131
0,0,0,OUT_01132
1,1,5,OUT_01133
0,0,0,OUT_01134
0,0,0,OUT_01135
0,0,0,OUT_01136
0,0,3,OUT_01137
0,0,0,OUT_01138
0,0,0,OUT_01139
0,0,0,OUT_01140
0,0,0,OUT_01141
0,0,0,OUT_01142
0,0,0,OUT_01143
1,0,0,OUT_01144
0,0,1,OUT_01145
2,0,1,OUT_01146
0,0,2,OUT_01147
0,0,0,OUT_01148
0,0,0,OUT_01149
0,0,0,OUT_01150
2,0,0,OUT_01151
0,0,0,OUT_01152
0,0,0,OUT_01153
0,0,0,OUT_01154
0,0,0,OUT_01155
0,0,0,OUT_01156
0,0,0,OUT_01157
0,0,1,OUT_01158
0,0,0,OUT_01159
0,0,0,OUT_01160
0,0,0,OUT_01161
0,0,1,OUT_01162
0,0,0,OUT_01163
3,0,6,OUT_01164
0,0,0,OUT_01165
0,0,0,OUT_01166
3,3,0,OUT_01167
0,0,0,OUT_01168
1,0,0,OUT_01169
0,0,0,OUT_01170
0,0,0,OUT_01171
0,0,0,OUT_01172
0,0,0,OUT_01173
0,0,0,OUT_01174
0,0,0,OUT_01175
1,0,2,OUT_01176
0,0,0,OUT_01177
0,0,0,OUT_01178
0,0,0,OUT_01179
2,0,0,OUT_01180
1,1,1,OUT_01181
0,0,0,OUT_01182
6,1,0,OUT_01183
2,0,2,OUT_01184
0,0,0,OUT_01185
0,0,0,OUT_01186
0,0,0,OUT_01187
0,0,0,OUT_01188
0,0,0,OUT_01189
0,0,0,OUT_01190
0,0,0,OUT_01191
0,0,0,OUT_01192
0,0,0,OUT_01193
0,0,0,OUT_01194
1,0,3,OUT_01195
0,0,0,OUT_01196
2,0,3,OUT_01197
0,0,0,OUT_01198
4,0,1,OUT_01199
0,0,1,OUT_01200
0,0,0,OUT_01201
0,0,0,OUT_01202
1,0,0,OUT_01203
0,0,0,OUT_01204
0,0,0,OUT_01205
0,0,0,OUT_01206
8,0,5,OUT_01207
0,0,0,OUT_01208
0,0,0,OUT_01209
0,0,2,OUT_01210
1,1,1,OUT_01211
0,0,0,OUT_01212
1,0,0,OUT_01213
0,0,4,OUT_01214
0,0,0,OUT_01215
0,0,0,OUT_01216
0,0,0,OUT_01217
1,1,3,OUT_01218
0,0,9,OUT_01219
2,0,0,OUT_01220
1,0,1,OUT_01221
0,0,0,OUT_01222
0,0,0,OUT_01223
0,0,0,OUT_01224
1,1,0,OUT_01225
1,0,3,OUT_01226
0,0,0,OUT_01227
0,0,0,OUT_01228
0,0,0,OUT_01229
0,0,0,OUT_01230
0,0,0,OUT_01231
0,0,0,OUT_01232
0,0,0,OUT_01233
0,0,0,OUT_01234
0,0,0,OUT_01235
6,1,4,OUT_01236
0,0,0,OUT_01237
0,0,0,OUT_01238
0,0,0,OUT_01239
0,0,0,OUT_01240
0,0,0,OUT_01241
0,0,0,OUT_01242
0,0,0,OUT_01243
19,4,16,OUT_01244
9,0,16,OUT_01245
0,0,2,OUT_01246
0,0,0,OUT_01247
0,0,0,OUT_01248
0,0,1,OUT_01249
0,0,0,OUT_01250
0,0,0,OUT_01251
2,3,3,OUT_01252
1,0,0,OUT_01253
0,0,0,OUT_01254
0,0,0,OUT_01255
0,0,0,OUT_01256
1,0,0,OUT_01257
1,0,0,OUT_01258
0,0,0,OUT_01259
0,0,0,OUT_01260
0,1,24,OUT_01261
0,0,0,OUT_01262
0,0,0,OUT_01263
0,1,0,OUT_01264
0,0,0,OUT_01265
0,0,16,OUT_01266
2,0,0,OUT_01267
1,0,0,OUT_01268
0,0,2,OUT_01269
0,0,0,OUT_01270
0,0,0,OUT_01271
5,3,6,OUT_01272
0,0,1,OUT_01273
5,1,0,OUT_01274
0,0,0,OUT_01275
0,0,0,OUT_01276
12,5,12,OUT_01277
2,0,0,OUT_01278
0,0,0,OUT_01279
0,0,0,OUT_01280
0,0,0,OUT_01281
2,0,1,OUT_01282
23,0,11,OUT_01283
3,0,0,OUT_01284
0,0,0,OUT_01285
0,0,5,OUT_01286
0,0,0,OUT_01287
0,0,0,OUT_01288
0,1,0,OUT_01289
0,1,8,OUT_01290
0,0,4,OUT_01291
0,0,0,OUT_01292
4,1,4,OUT_01293
1,0,0,OUT_01294
0,0,0,OUT_01295
0,0,0,OUT_01296
0,0,0,OUT_01297
0,0,0,OUT_01298
0,0,0,OUT_01299
0,0,0,OUT_01300
0,0,0,OUT_01301
0,0,0,OUT_01302
0,0,0,OUT_01303
0,0,0,OUT_01304
0,0,0,OUT_01305
0,0,0,OUT_01306
1,0,2,OUT_01307
0,0,0,OUT_01308
0,0,0,OUT_01309
0,0,0,OUT_01310
0,0,0,OUT_01311
0,0,0,OUT_01312
0,0,1,OUT_01313
0,0,0,OUT_01314
0,0,0,OUT_01315
0,0,0,OUT_01316
0,0,2,OUT_01317
0,0,0,OUT_01318
0,0,0,OUT_01319
0,0,0,OUT_01320
1,0,1,OUT_01321
2,0,12,OUT_01322
1,0,0,OUT_01323
0,0,1,OUT_01324
0,1,0,OUT_01325
0,0,0,OUT_01326
0,0,3,OUT_01327
1,0,0,OUT_01328
2,4,1,OUT_01329
0,0,0,OUT_01330
0,0,0,OUT_01331
0,0,0,OUT_01332
0,0,0,OUT_01333
0,0,1,OUT_01334
0,0,2,OUT_01335
0,0,0,OUT_01336
0,0,0,OUT_01337
0,0,0,OUT_01338
0,0,0,OUT_01339
0,0,0,OUT_01340
0,3,0,OUT_01341
0,0,0,OUT_01342
0,0,0,OUT_01343
0,0,0,OUT_01344
0,0,0,OUT_01345
2,1,17,OUT_01346
1,0,0,OUT_01347
2,0,1,OUT_01348
8,3,15,OUT_01349
1,0,0,OUT_01350
7,2,3,OUT_01351
4,2,11,OUT_01352
0,0,0,OUT_01353
0,0,0,OUT_01354
0,0,0,OUT_01355
1,0,3,OUT_01356
13,0,9,OUT_01357
0,0,0,OUT_01358
1,0,4,OUT_01359
0,0,0,OUT_01360
0,0,0,OUT_01361
1,0,0,OUT_01362
0,0,0,OUT_01363
1,0,0,OUT_01364
0,0,0,OUT_01365
0,0,0,OUT_01366
1,0,15,OUT_01367
0,0,1,OUT_01368
0,0,1,OUT_01369
2,1,0,OUT_01370
0,0,0,OUT_01371
0,0,0,OUT_01372
0,0,0,OUT_01373
0,0,0,OUT_01374
0,0,2,OUT_01375
0,0,0,OUT_01376
0,0,2,OUT_01377
0,0,0,OUT_01378
0,0,0,OUT_01379
4,0,3,OUT_01380
1,0,1,OUT_01381
0,0,0,OUT_01382
0,0,0,OUT_01383
0,0,0,OUT_01384
0,0,0,OUT_01385
1,0,0,OUT_01386
0,0,0,OUT_01387
0,0,0,OUT_01388
0,0,0,OUT_01389
2,1,0,OUT_01390
0,0,0,OUT_01391
0,0,0,OUT_01392
0,0,0,OUT_01393
1,0,8,OUT_01394
0,0,0,OUT_01395
0,0,2,OUT_01396
0,0,0,OUT_01397
0,0,0,OUT_01398
0,0,0,OUT_01399
0,0,0,OUT_01400
0,0,0,OUT_01401
0,0,0,OUT_01402
0,0,0,OUT_01403
0,0,0,OUT_01404
0,0,1,OUT_01405
1,0,8,OUT_01406
0,0,0,OUT_01407
0,0,1,OUT_01408
0,0,0,OUT_01409
0,0,0,OUT_01410
0,1,0,OUT_01411
0,0,1,OUT_01412
1,0,0,OUT_01413
0,0,0,OUT_01414
2,1,1,OUT_01415
0,1,0,OUT_01416
0,0,0,OUT_01417
0,0,0,OUT_01418
0,0,0,OUT_01419
0,0,0,OUT_01420
0,0,8,OUT_01421
0,0,0,OUT_01422
0,0,0,OUT_01423
0,0,1,OUT_01424
3,0,5,OUT_01425
0,0,0,OUT_01426
0,0,0,OUT_01427
0,0,0,OUT_01428
1,0,0,OUT_01429
0,0,0,OUT_01430
0,0,0,OUT_01431
0,0,0,OUT_01432
0,0,0,OUT_01433
0,0,0,OUT_01434
0,0,0,OUT_01435
1,0,0,OUT_01436
0,0,0,OUT_01437
5,1,9,OUT_01438
0,0,0,OUT_01439
5,1,0,OUT_01440
0,0,0,OUT_01441
1,1,0,OUT_01442
0,0,0,OUT_01443
0,0,0,OUT_01444
0,0,0,OUT_01445
2,0,0,OUT_01446
0,0,0,OUT_01447
16,0,5,OUT_01448
0,1,0,OUT_01449
0,0,0,OUT_01450
0,0,0,OUT_01451
0,0,0,OUT_01452
0,0,0,OUT_01453
2,0,1,OUT_01454
0,0,0,OUT_01455
0,0,0,OUT_01456
1,0,1,OUT_01457
0,0,0,OUT_01458
0,0,0,OUT_01459
2,1,0,OUT_01460
3,1,0,OUT_01461
0,0,0,OUT_01462
0,0,0,OUT_01463
1,0,0,OUT_01464
0,0,0,OUT_01465
1,0,0,OUT_01466
0,0,0,OUT_01467
0,0,0,OUT_01468
0,0,4,OUT_01469
0,0,0,OUT_01470
0,0,0,OUT_01471
1,0,0,OUT_01472
1,2,0,OUT_01473
0,0,0,OUT_01474
0,0,0,OUT_01475
0,0,0,OUT_01476
17,2,17,OUT_01477
0,0,0,OUT_01478
0,0,0,OUT_01479
0,0,0,OUT_01480
0,0,0,OUT_01481
0,0,0,OUT_01482
0,0,0,OUT_01483
0,0,0,OUT_01484
0,0,0,OUT_01485
0,0,0,OUT_01486
0,0,0,OUT_01487
14,2,12,OUT_01488
0,0,0,OUT_01489
0,0,0,OUT_01490
1,1,0,OUT_01491
0,0,0,OUT_01492
0,0,0,OUT_01493
2,0,0,OUT_01494
33,5,15,OUT_01495
0,0,0,OUT_01496
0,0,0,OUT_01497
0,0,0,OUT_01498
10,1,21,OUT_01499
0,0,0,OUT_01500
1,0,0,OUT_01501
2,1,0,OUT_01502
0,0,0,OUT_01503
0,0,0,OUT_01504
0,0,0,OUT_01505
1,0,1,OUT_01506
1,0,0,OUT_01507
1,0,0,OUT_01508
2,0,0,OUT_01509
0,0,0,OUT_01510
1,0,0,OUT_01511
3,1,11,OUT_01512
0,0,0,OUT_01513
0,0,0,OUT_01514
0,0,0,OUT_01515
0,0,11,OUT_01516
1,0,0,OUT_01517
0,0,1,OUT_01518
0,0,0,OUT_01519
1,2,4,OUT_01520
0,0,1,OUT_01521
0,0,1,OUT_01522
0,0,0,OUT_01523
0,0,0,OUT_01524
0,0,2,OUT_01525
0,0,0,OUT_01526
0,0,0,OUT_01527
1,0,1,OUT_01528
0,0,0,OUT_01529
0,0,0,OUT_01530
0,0,0,OUT_01531
0,0,0,OUT_01532
0,1,0,OUT_01533
2,0,0,OUT_01534
0,0,0,OUT_01535
0,0,0,OUT_01536
0,0,0,OUT_01537
0,0,0,OUT_01538
0,0,0,OUT_01539
1,0,0,OUT_01540
2,0,1,OUT_01541
0,0,0,OUT_01542
0,0,0,OUT_01543
0,0,0,OUT_01544
0,0,0,OUT_01545
10,0,5,OUT_01546
0,0,0,OUT_01547
0,0,0,OUT_01548
0,0,0,OUT_01549
0,0,0,OUT_01550
1,0,0,OUT_01551
0,0,0,OUT_01552
3,1,1,OUT_01553
0,2,0,OUT_01554
0,0,0,OUT_01555
1,0,5,OUT_01556
0,0,0,OUT_01557
0,0,0,OUT_01558
1,0,1,OUT_01559
0,0,0,OUT_01560
1,0,0,OUT_01561
0,0,0,OUT_01562
0,1,0,OUT_01563
0,1,0,OUT_01564
0,0,0,OUT_01565
0,0,0,OUT_01566
0,0,0,OUT_01567
1,0,0,OUT_01568
0,0,0,OUT_01569
0,0,0,OUT_01570
0,0,0,OUT_01571
0,0,1,OUT_01572
0,0,0,OUT_01573
0,0,0,OUT_01574
0,0,0,OUT_01575
0,0,0,OUT_01576
0,0,0,OUT_01577
0,0,0,OUT_01578
0,0,0,OUT_01579
0,0,0,OUT_01580
2,0,0,OUT_01581
0,0,0,OUT_01582
0,0,0,OUT_01583
0,0,0,OUT_01584
0,0,0,OUT_01585
1,0,0,OUT_01586
2,0,5,OUT_01587
1,1,0,OUT_01588
1,3,0,OUT_01589
0,0,0,OUT_01590
7,0,1,OUT_01591
0,0,0,OUT_01592
9,0,5,OUT_01593
0,0,0,OUT_01594
0,0,0,OUT_01595
0,0,1,OUT_01596
2,0,0,OUT_01597
0,0,0,OUT_01598
1,0,0,OUT_01599
2,0,0,OUT_01600
1,0,1,OUT_01601
0,0,0,OUT_01602
0,0,6,OUT_01603
0,0,0,OUT_01604
0,0,0,OUT_01605
0,0,0,OUT_01606
0,0,0,OUT_01607
0,0,0,OUT_01608
0,0,0,OUT_01609
1,3,2,OUT_01610
0,0,0,OUT_01611
0,0,0,OUT_01612
0,1,0,OUT_01613
0,0,0,OUT_01614
0,0,0,OUT_01615
3,1,0,OUT_01616
1,0,0,OUT_01617
0,0,0,OUT_01618
1,0,1,OUT_01619
1,1,0,OUT_01620
0,0,0,OUT_01621
0,0,1,OUT_01622
0,0,0,OUT_01623
0,0,0,OUT_01624
0,0,1,OUT_01625
0,0,0,OUT_01626
0,0,0,OUT_01627
0,0,1,OUT_01628
1,0,0,OUT_01629
0,0,0,OUT_01630
1,0,11,OUT_01631
0,0,0,OUT_01632
0,0,0,OUT_01633
2,0,0,OUT_01634
1,0,0,OUT_01635
0,0,0,OUT_01636
0,0,0,OUT_01637
0,0,0,OUT_01638
0,0,1,OUT_01639
0,0,0,OUT_01640
0,0,0,OUT_01641
0,0,0,OUT_01642
2,0,12,OUT_01643
0,0,0,OUT_01644
1,0,1,OUT_01645
0,0,0,OUT_01646
0,0,0,OUT_01647
4,1,1,OUT_01648
0,0,0,OUT_01649
1,0,0,OUT_01650
0,0,0,OUT_01651
1,0,0,OUT_01652
0,0,0,OUT_01653
0,0,0,OUT_01654
0,0,0,OUT_01655
0,0,0,OUT_01656
0,0,0,OUT_01657
1,1,0,OUT_01658
0,0,0,OUT_01659
32,6,11,OUT_01660
1,0,0,OUT_01661
1,0,0,OUT_01662
0,0,0,OUT_01663
0,0,0,OUT_01664
0,0,0,OUT_01665
0,0,0,OUT_01666
0,0,0,OUT_01667
2,0,0,OUT_01668
0,0,1,OUT_01669
0,0,0,OUT_01670
0,0,0,OUT_01671
0,0,0,OUT_01672
1,0,2,OUT_01673
0,0,0,OUT_01674
0,0,0,OUT_01675
0,0,0,OUT_01676
0,0,0,OUT_01677
0,0,0,OUT_01678
0,0,0,OUT_01679
0,0,0,OUT_01680
0,0,0,OUT_01681
1,0,1,OUT_01682
0,0,0,OUT_01683
0,0,0,OUT_01684
0,0,0,OUT_01685
0,0,0,OUT_01686
0,1,1,OUT_01687
0,0,0,OUT_01688
0,0,0,OUT_01689
1,0,0,OUT_01690
0,0,0,OUT_01691
1,0,0,OUT_01692
0,0,0,OUT_01693
0,0,0,OUT_01694
0,0,0,OUT_01695
0,0,0,OUT_01696
0,0,2,OUT_01697
0,0,0,OUT_01698
0,0,0,OUT_01699
2,2,0,OUT_01700
5,0,0,OUT_01701
1,0,2,OUT_01702
0,0,0,OUT_01703
0,0,0,OUT_01704
0,0,0,OUT_01705
0,0,0,OUT_01706
0,0,0,OUT_01707
1,1,0,OUT_01708
11,0,9,OUT_01709
0,0,0,OUT_01710
1,0,0,OUT_01711
2,0,0,OUT_01712
0,0,0,OUT_01713
0,0,0,OUT_01714
1,1,1,OUT_01715
0,0,0,OUT_01716
0,0,8,OUT_01717
0,0,5,OUT_01718
0,0,0,OUT_01719
0,0,0,OUT_01720
0,0,0,OUT_01721
0,0,0,OUT_01722
0,0,0,OUT_01723
0,0,0,OUT_01724
0,0,2,OUT_01725
2,0,0,OUT_01726
0,0,0,OUT_01727
0,0,0,OUT_01728
1,1,2,OUT_01729
3,1,3,OUT_01730
0,0,0,OUT_01731
0,0,0,OUT_01732
0,0,0,OUT_01733
0,0,0,OUT_01734
0,0,0,OUT_01735
0,0,0,OUT_01736
0,0,0,OUT_01737
0,0,1,OUT_01738
1,0,0,OUT_01739
1,1,0,OUT_01740
0,0,15,OUT_01741
0,0,1,OUT_01742
0,0,0,OUT_01743
0,0,0,OUT_01744
1,0,0,OUT_01745
2,3,0,OUT_01746
25,1,14,OUT_01747
0,0,0,OUT_01748
0,0,0,OUT_01749
0,0,0,OUT_01750
0,0,0,OUT_01751
2,0,0,OUT_01752
8,1,6,OUT_01753
0,0,0,OUT_01754
3,1,1,OUT_01755
0,0,1,OUT_01756
0,0,0,OUT_01757
0,0,0,OUT_01758
0,0,1,OUT_01759
0,0,0,OUT_01760
0,0,0,OUT_01761
0,0,0,OUT_01762
0,0,1,OUT_01763
10,2,9,OUT_01764
2,1,11,OUT_01765
0,1,0,OUT_01766
0,0,0,OUT_01767
0,0,0,OUT_01768
0,0,0,OUT_01769
0,0,0,OUT_01770
0,0,0,OUT_01771
0,0,0,OUT_01772
0,0,0,OUT_01773
0,0,0,OUT_01774
0,1,0,OUT_01775
3,0,6,OUT_01776
0,1,0,OUT_01777
0,0,0,OUT_01778
1,0,0,OUT_01779
14,1,10,OUT_01780
0,0,0,OUT_01781
0,0,0,OUT_01782
1,0,0,OUT_01783
28,5,17,OUT_01784
0,0,0,OUT_01785
0,0,0,OUT_01786
0,0,0,OUT_01787
0,0,0,OUT_01788
2,1,5,OUT_01789
0,0,0,OUT_01790
0,0,0,OUT_01791
0,0,0,OUT_01792
0,0,0,OUT_01793
0,0,0,OUT_01794
0,0,0,OUT_01795
1,0,10,OUT_01796
0,1,0,OUT_01797
0,0,0,OUT_01798
0,0,0,OUT_01799
0,0,1,OUT_01800
0,0,0,OUT_01801
2,3,0,OUT_01802
3,0,0,OUT_01803
0,0,0,OUT_01804
0,0,0,OUT_01805
0,0,0,OUT_01806
8,2,10,OUT_01807
0,0,0,OUT_01808
0,0,0,OUT_01809
0,0,0,OUT_01810
0,0,0,OUT_01811
0,0,0,OUT_01812
0,0,0,OUT_01813
0,0,0,OUT_01814
0,0,3,OUT_01815
2,0,0,OUT_01816
0,0,0,OUT_01817
0,0,0,OUT_01818
0,0,0,OUT_01819
2,1,0,OUT_01820
0,0,0,OUT_01821
1,0,0,OUT_01822
0,0,3,OUT_01823
0,0,0,OUT_01824
1,1,13,OUT_01825
0,0,0,OUT_01826
2,0,8,OUT_01827
0,1,0,OUT_01828
0,0,0,OUT_01829
0,0,0,OUT_01830
0,1,0,OUT_01831
0,0,0,OUT_01832
0,0,0,OUT_01833
0,0,0,OUT_01834
0,0,0,OUT_01835
0,0,0,OUT_01836
0,0,0,OUT_01837
2,0,14,OUT_01838
0,0,4,OUT_01839
1,1,0,OUT_01840
0,0,0,OUT_01841
0,0,0,OUT_01842
1,1,0,OUT_01843
2,3,0,OUT_01844
0,0,0,OUT_01845
2,0,2,OUT_01846
0,0,0,OUT_01847
0,0,0,OUT_01848
0,0,0,OUT_01849
0,0,0,OUT_01850
1,0,4,OUT_01851
0,0,0,OUT_01852
0,0,10,OUT_01853
0,0,0,OUT_01854
0,0,0,OUT_01855
0,0,0,OUT_01856
7,2,2,OUT_01857
0,0,0,OUT_01858
2,0,0,OUT_01859
1,1,0,OUT_01860
0,0,1,OUT_01861
0,0,0,OUT_01862
0,0,0,OUT_01863
0,0,0,OUT_01864
0,0,1,OUT_01865
0,0,2,OUT_01866
0,0,0,OUT_01867
2,0,7,OUT_01868
0,0,0,OUT_01869
0,0,0,OUT_01870
0,0,0,OUT_01871
1,0,0,OUT_01872
0,0,0,OUT_01873
0,0,0,OUT_01874
8,0,5,OUT_01875
0,0,0,OUT_01876
11,0,10,OUT_01877
19,4,30,OUT_01878
1,0,0,OUT_01879
0,1,0,OUT_01880
0,0,1,OUT_01881
2,1,0,OUT_01882
2,2,2,OUT_01883
0,0,1,OUT_01884
0,0,0,OUT_01885
18,1,21,OUT_01886
2,0,8,OUT_01887
0,0,0,OUT_01888
0,0,0,OUT_01889
0,0,0,OUT_01890
0,0,0,OUT_01891
0,0,0,OUT_01892
0,0,0,OUT_01893
6,2,0,OUT_01894
5,1,0,OUT_01895
0,0,0,OUT_01896
0,0,0,OUT_01897
1,0,0,OUT_01898
0,0,0,OUT_01899
0,0,0,OUT_01900
0,0,0,OUT_01901
0,0,0,OUT_01902
0,0,0,OUT_01903
0,0,0,OUT_01904
1,0,1,OUT_01905
1,0,0,OUT_01906
0,0,0,OUT_01907
0,0,0,OUT_01908
0,0,0,OUT_01909
1,1,1,OUT_01910
0,0,0,OUT_01911
4,1,8,OUT_01912
0,0,0,OUT_01913
0,0,0,OUT_01914
0,0,0,OUT_01915
2,0,5,OUT_01916
0,0,0,OUT_01917
0,0,4,OUT_01918
0,0,0,OUT_01919
0,0,0,OUT_01920
0,0,1,OUT_01921
5,0,6,OUT_01922
2,1,2,OUT_01923
0,0,0,OUT_01924
0,0,0,OUT_01925
0,0,0,OUT_01926
0,0,0,OUT_01927
0,0,0,OUT_01928
0,0,0,OUT_01929
2,0,10,OUT_01930
0,0,0,OUT_01931
31,8,19,OUT_01932
0,0,0,OUT_01933
0,0,0,OUT_01934
0,0,0,OUT_01935
0,0,0,OUT_01936
1,0,0,OUT_01937
0,0,0,OUT_01938
0,0,1,OUT_01939
0,0,0,OUT_01940
0,0,0,OUT_01941
0,1,0,OUT_01942
0,0,8,OUT_01943
3,0,3,OUT_01944
0,0,0,OUT_01945
2,3,0,OUT_01946
0,0,0,OUT_01947
0,0,0,OUT_01948
3,0,8,OUT_01949
2,0,0,OUT_01950
0,0,0,OUT_01951
0,0,0,OUT_01952
2,0,0,OUT_01953
0,0,0,OUT_01954
0,0,0,OUT_01955
0,0,0,OUT_01956
0,0,0,OUT_01957
0,1,0,OUT_01958
0,0,0,OUT_01959
0,0,0,OUT_01960
1,0,0,OUT_01961
3,0,0,OUT_01962
1,0,0,OUT_01963
0,2,0,OUT_01964
3,2,11,OUT_01965
0,0,0,OUT_01966
0,0,0,OUT_01967
0,0,0,OUT_01968
3,0,3,OUT_01969
1,0,0,OUT_01970
0,0,2,OUT_01971
0,0,0,OUT_01972
0,0,4,OUT_01973
0,1,0,OUT_01974
2,0,0,OUT_01975
0,0,0,OUT_01976
1,0,0,OUT_01977
0,1,0,OUT_01978
0,0,0,OUT_01979
2,3,0,OUT_01980
0,0,0,OUT_01981
0,0,0,OUT_01982
0,0,0,OUT_01983
0,0,0,OUT_01984
0,0,0,OUT_01985
0,0,0,OUT_01986
0,0,0,OUT_01987
0,0,0,OUT_01988
1,1,1,OUT_01989
0,0,0,OUT_01990
2,1,1,OUT_01991
0,0,0,OUT_01992
0,0,0,OUT_01993
0,0,0,OUT_01994
0,0,0,OUT_01995
0,0,0,OUT_01996
0,0,19,OUT_01997
0,0,0,OUT_01998
1,0,0,OUT_01999
0,0,8,OUT_02000
0,0,0,OUT_02001
0,0,0,OUT_02002
3,0,1,OUT_02003
0,1,1,OUT_02004
0,0,1,OUT_02005
0,0,0,OUT_02006
0,0,0,OUT_02007
0,0,0,OUT_02008
0,0,0,OUT_02009
0,0,0,OUT_02010
0,0,0,OUT_02011
0,0,0,OUT_02012
0,0,0,OUT_02013
0,0,0,OUT_02014
0,0,0,OUT_02015
0,0,2,OUT_02016
0,0,0,OUT_02017
2,3,5,OUT_02018
0,0,0,OUT_02019
0,0,0,OUT_02020
1,0,0,OUT_02021
1,0,0,OUT_02022
0,0,0,OUT_02023
0,0,0,OUT_02024
0,0,0,OUT_02025
6,2,10,OUT_02026
0,0,0,OUT_02027
35,5,14,OUT_02028
0,0,0,OUT_02029
0,0,0,OUT_02030
0,0,0,OUT_02031
0,0,0,OUT_02032
0,0,0,OUT_02033
10,4,17,OUT_02034
1,0,0,OUT_02035
1,0,0,OUT_02036
2,1,0,OUT_02037
0,0,1,OUT_02038
0,0,0,OUT_02039
0,0,0,OUT_02040
0,0,0,OUT_02041
1,0,17,OUT_02042
0,0,0,OUT_02043
0,0,0,OUT_02044
0,0,0,OUT_02045
13,2,17,OUT_02046
0,0,0,OUT_02047
1,1,0,OUT_02048
0,0,0,OUT_02049
0,0,0,OUT_02050
1,0,0,OUT_02051
0,0,0,OUT_02052
0,0,0,OUT_02053
1,0,0,OUT_02054
0,0,0,OUT_02055
0,1,0,OUT_02056
0,0,0,OUT_02057
0,0,0,OUT_02058
4,0,9,OUT_02059
3,0,0,OUT_02060
1,0,8,OUT_02061
0,0,0,OUT_02062
1,0,4,OUT_02063
0,0,0,OUT_02064
0,0,0,OUT_02065
1,0,0,OUT_02066
0,0,0,OUT_02067
0,0,0,OUT_02068
0,0,1,OUT_02069
0,0,0,OUT_02070
0,0,0,OUT_02071
0,0,0,OUT_02072
0,0,0,OUT_02073
0,0,0,OUT_02074
0,0,1,OUT_02075
0,0,0,OUT_02076
11,2,12,OUT_02077
0,0,0,OUT_02078
0,0,0,OUT_02079
0,0,0,OUT_02080
1,1,0,OUT_02081
0,0,0,OUT_02082
6,3,3,OUT_02083
0,0,0,OUT_02084
1,0,0,OUT_02085
0,0,1,OUT_02086
1,0,0,OUT_02087
0,0,0,OUT_02088
0,0,0,OUT_02089
0,0,0,OUT_02090
0,0,0,OUT_02091
1,0,0,OUT_02092
0,0,0,OUT_02093
0,0,0,OUT_02094
0,0,0,OUT_02095
0,0,0,OUT_02096
0,0,0,OUT_02097
1,0,2,OUT_02098
1,0,18,OUT_02099
1,0,0,OUT_02100
1,0,0,OUT_02101
0,0,0,OUT_02102
1,0,0,OUT_02103
5,3,12,OUT_02104
0,0,0,OUT_02105
0,0,1,OUT_02106
0,0,1,OUT_02107
0,0,0,OUT_02108
1,0,3,OUT_02109
0,0,0,OUT_02110
0,0,0,OUT_02111
1,0,0,OUT_02112
0,0,0,OUT_02113
1,0,0,OUT_02114
0,0,0,OUT_02115
0,1,1,OUT_02116
0,0,0,OUT_02117
0,0,0,OUT_02118
0,0,0,OUT_02119
0,0,0,OUT_02120
1,0,3,OUT_02121
0,0,0,OUT_02122
0,0,0,OUT_02123
3,0,1,OUT_02124
0,1,0,OUT_02125
0,0,0,OUT_02126
0,0,0,OUT_02127
1,0,0,OUT_02128
0,0,3,OUT_02129
0,0,0,OUT_02130
0,0,0,OUT_02131
0,0,0,OUT_02132
4,0,0,OUT_02133
1,1,4,OUT_02134
21,0,19,OUT_02135
0,0,0,OUT_02136
0,0,0,OUT_02137
0,0,1,OUT_02138
0,0,0,OUT_02139
0,0,0,OUT_02140
0,0,2,OUT_02141
0,0,0,OUT_02142
0,0,0,OUT_02143
3,0,1,OUT_02144
0,0,0,OUT_02145
0,0,0,OUT_02146
0,0,1,OUT_02147
1,0,0,OUT_02148
1,0,3,OUT_02149
1,0,0,OUT_02150
0,0,0,OUT_02151
0,0,0,OUT_02152
1,0,3,OUT_02153
0,0,0,OUT_02154
0,0,0,OUT_02155
0,0,0,OUT_02156
2,1,0,OUT_02157
0,0,0,OUT_02158
0,0,4,OUT_02159
2,0,3,OUT_02160
0,0,1,OUT_02161
0,0,0,OUT_02162
0,0,0,OUT_02163
0,0,0,OUT_02164
0,0,0,OUT_02165
0,0,0,OUT_02166
0,0,0,OUT_02167
2,0,1,OUT_02168
0,0,0,OUT_02169
0,0,0,OUT_02170
0,0,0,OUT_02171
0,0,0,OUT_02172
0,0,1,OUT_02173
0,0,0,OUT_02174
0,0,0,OUT_02175
1,1,0,OUT_02176
4,0,1,OUT_02177
1,0,7,OUT_02178
0,0,0,OUT_02179
0,0,0,OUT_02180
12,1,0,OUT_02181
0,0,0,OUT_02182
0,0,0,OUT_02183
0,0,0,OUT_02184
0,0,0,OUT_02185
1,0,14,OUT_02186
2,3,6,OUT_02187
0,0,0,OUT_02188
0,0,0,OUT_02189
0,0,0,OUT_02190
0,0,0,OUT_02191
0,0,1,OUT_02192
0,0,0,OUT_02193
0,0,2,OUT_02194
0,0,0,OUT_02195
0,0,0,OUT_02196
0,0,0,OUT_02197
0,0,0,OUT_02198
0,0,0,OUT_02199
2,0,0,OUT_02200
1,0,7,OUT_02201
2,0,0,OUT_02202
0,0,0,OUT_02203
6,0,0,OUT_02204
1,0,0,OUT_02205
0,0,0,OUT_02206
0,0,0,OUT_02207
0,0,0,OUT_02208
0,0,0,OUT_02209
0,0,0,OUT_02210
0,0,0,OUT_02211
14,1,8,OUT_02212
0,0,0,OUT_02213
0,0,0,OUT_02214
0,0,6,OUT_02215
0,0,0,OUT_02216
0,0,0,OUT_02217
1,0,0,OUT_02218
4,1,1,OUT_02219
0,0,0,OUT_02220
0,0,0,OUT_02221
0,0,0,OUT_02222
0,0,1,OUT_02223
1,0,0,OUT_02224
11,1,9,OUT_02225
0,0,0,OUT_02226
1,0,0,OUT_02227
0,0,0,OUT_02228
1,0,0,OUT_02229
0,0,0,OUT_02230
3,2,15,OUT_02231
2,0,3,OUT_02232
0,0,0,OUT_02233
0,0,0,OUT_02234
0,0,0,OUT_02235
3,1,4,OUT_02236
0,0,0,OUT_02237
0,0,0,OUT_02238
2,0,1,OUT_02239
1,0,3,OUT_02240
0,0,3,OUT_02241
0,0,0,OUT_02242
30,5,16,OUT_02243
0,0,1,OUT_02244
1,0,0,OUT_02245
0,0,1,OUT_02246
0,0,0,OUT_02247
1,0,0,OUT_02248
0,0,0,OUT_02249
0,0,0,OUT_02250
0,0,4,OUT_02251
0,0,0,OUT_02252
0,0,0,OUT_02253
0,0,0,OUT_02254
0,0,1,OUT_02255
0,0,14,OUT_02256
0,0,0,OUT_02257
1,0,0,OUT_02258
0,0,1,OUT_02259
1,0,0,OUT_02260
0,0,0,OUT_02261
2,1,0,OUT_02262
0,0,0,OUT_02263
1,0,0,OUT_02264
1,0,0,OUT_02265
0,0,8,OUT_02266
0,0,3,OUT_02267
0,0,0,OUT_02268
0,0,0,OUT_02269
0,0,0,OUT_02270
0,0,0,OUT_02271
0,0,0,OUT_02272
0,0,0,OUT_02273
0,0,0,OUT_02274
1,0,0,OUT_02275
16,7,29,OUT_02276
0,0,0,OUT_02277
0,0,0,OUT_02278
1,0,0,OUT_02279
0,0,0,OUT_02280
0,0,0,OUT_02281
0,0,0,OUT_02282
0,0,0,OUT_02283
0,0,0,OUT_02284
0,0,0,OUT_02285
0,0,0,OUT_02286
1,0,0,OUT_02287
1,0,0,OUT_02288
1,0,0,OUT_02289
0,0,0,OUT_02290
0,0,0,OUT_02291
0,0,0,OUT_02292
0,0,0,OUT_02293
1,0,3,OUT_02294
4,0,0,OUT_02295
0,0,0,OUT_02296
0,1,0,OUT_02297
0,0,0,OUT_02298
0,0,0,OUT_02299
0,0,0,OUT_02300
0,0,0,OUT_02301
0,0,0,OUT_02302
4,0,5,OUT_02303
4,1,0,OUT_02304
0,0,0,OUT_02305
0,0,0,OUT_02306
1,0,4,OUT_02307
0,0,0,OUT_02308
0,0,0,OUT_02309
0,0,0,OUT_02310
0,0,0,OUT_02311
9,3,16,OUT_02312
0,0,0,OUT_02313
0,0,0,OUT_02314
0,0,0,OUT_02315
0,0,0,OUT_02316
0,0,0,OUT_02317
0,0,0,OUT_02318
0,0,0,OUT_02319
0,0,0,OUT_02320
2,0,3,OUT_02321
0,0,0,OUT_02322
1,0,1,OUT_02323
1,0,0,OUT_02324
2,0,6,OUT_02325
0,0,0,OUT_02326
1,0,3,OUT_02327
8,2,14,OUT_02328
0,0,0,OUT_02329
1,0,0,OUT_02330
0,0,0,OUT_02331
0,0,0,OUT_02332
2,3,0,OUT_02333
0,0,1,OUT_02334
0,0,0,OUT_02335
0,0,0,OUT_02336
0,0,1,OUT_02337
0,0,0,OUT_02338
2,0,0,OUT_02339
4,1,0,OUT_02340
9,0,16,OUT_02341
0,0,0,OUT_02342
0,0,0,OUT_02343
1,0,0,OUT_02344
0,0,1,OUT_02345
0,0,0,OUT_02346
0,0,0,OUT_02347
0,0,0,OUT_02348
0,0,0,OUT_02349
0,0,0,OUT_02350
16,1,14,OUT_02351
0,0,0,OUT_02352
0,0,0,OUT_02353
0,1,0,OUT_02354
0,0,0,OUT_02355
0,0,0,OUT_02356
0,1,0,OUT_02357
1,1,0,OUT_02358
2,0,0,OUT_02359
0,0,0,OUT_02360
0,0,0,OUT_02361
0,0,0,OUT_02362
0,0,0,OUT_02363
0,0,0,OUT_02364
1,0,3,OUT_02365
0,0,0,OUT_02366
1,1,16,OUT_02367
0,0,1,OUT_02368
1,0,0,OUT_02369
1,1,0,OUT_02370
0,0,0,OUT_02371
1,0,0,OUT_02372
0,0,0,OUT_02373
1,0,9,OUT_02374
1,0,0,OUT_02375
13,2,14,OUT_02376
0,0,0,OUT_02377
0,0,0,OUT_02378
0,0,6,OUT_02379
0,0,0,OUT_02380
0,0,0,OUT_02381
0,0,0,OUT_02382
0,0,0,OUT_02383
0,0,0,OUT_02384
0,0,0,OUT_02385
0,0,0,OUT_02386
0,0,0,OUT_02387
0,0,0,OUT_02388
0,0,0,OUT_02389
1,2,5,OUT_02390
0,0,0,OUT_02391
27,1,14,OUT_02392
0,0,0,OUT_02393
0,0,0,OUT_02394
1,2,4,OUT_02395
0,0,2,OUT_02396
0,0,0,OUT_02397
0,0,1,OUT_02398
0,0,0,OUT_02399
1,1,1,OUT_02400
0,0,0,OUT_02401
1,0,1,OUT_02402
0,0,0,OUT_02403
0,0,0,OUT_02404
0,0,0,OUT_02405
0,0,1,OUT_02406
0,0,0,OUT_02407
0,0,0,OUT_02408
0,0,0,OUT_02409
3,2,2,OUT_02410
0,0,0,OUT_02411
0,0,0,OUT_02412
0,0,0,OUT_02413
0,0,0,OUT_02414
0,0,1,OUT_02415
0,0,0,OUT_02416
1,0,0,OUT_02417
0,0,0,OUT_02418
0,0,0,OUT_02419
1,0,1,OUT_02420
4,0,3,OUT_02421
2,1,1,OUT_02422
0,0,0,OUT_02423
0,0,0,OUT_02424
0,0,0,OUT_02425
0,0,0,OUT_02426
14,2,13,OUT_02427
0,0,0,OUT_02428
0,0,3,OUT_02429
1,0,0,OUT_02430
0,0,0,OUT_02431
0,0,0,OUT_02432
0,1,0,OUT_02433
4,1,11,OUT_02434
0,0,0,OUT_02435
0,0,0,OUT_02436
1,0,0,OUT_02437
0,0,0,OUT_02438
0,0,0,OUT_02439
0,0,4,OUT_02440
0,0,4,OUT_02441
2,0,0,OUT_02442
1,0,0,OUT_02443
0,0,0,OUT_02444
4,0,28,OUT_02445
1,1,4,OUT_02446
1,0,1,OUT_02447
3,0,1,OUT_02448
0,0,0,OUT_02449
0,0,0,OUT_02450
0,0,0,OUT_02451
0,0,0,OUT_02452
0,0,0,OUT_02453
0,0,0,OUT_02454
0,0,0,OUT_02455
1,0,0,OUT_02456
2,0,0,OUT_02457
0,0,0,OUT_02458
0,0,0,OUT_02459
0,0,0,OUT_02460
1,0,1,OUT_02461
0,0,8,OUT_02462
0,0,1,OUT_02463
0,0,0,OUT_02464
0,0,0,OUT_02465
0,0,2,OUT_02466
0,0,3,OUT_02467
0,0,0,OUT_02468
0,0,0,OUT_02469
0,0,0,OUT_02470
0,0,0,OUT_02471
0,0,0,OUT_02472
0,0,0,OUT_02473
0,0,0,OUT_02474
0,0,0,OUT_02475
0,0,0,OUT_02476
0,0,0,OUT_02477
0,0,0,OUT_02478
0,0,0,OUT_02479
1,0,1,OUT_02480
0,0,15,OUT_02481
0,0,9,OUT_02482
0,0,0,OUT_02483
0,0,0,OUT_02484
0,0,0,OUT_02485
0,0,0,OUT_02486
7,1,0,OUT_02487
0,0,0,OUT_02488
0,0,0,OUT_02489
0,0,0,OUT_02490
0,0,0,OUT_02491
0,0,0,OUT_02492
0,0,0,OUT_02493
0,0,3,OUT_02494
0,0,0,OUT_02495
2,0,1,OUT_02496
0,0,0,OUT_02497
0,0,0,OUT_02498
0,0,0,OUT_02499
0,0,0,OUT_02500
1,0,0,OUT_02501
1,0,0,OUT_02502
0,0,0,OUT_02503
0,0,0,OUT_02504
0,0,0,OUT_02505
0,0,0,OUT_02506
0,0,0,OUT_02507
1,0,0,OUT_02508
1,0,0,OUT_02509
0,0,0,OUT_02510
0,0,0,OUT_02511
0,0,0,OUT_02512
0,0,0,OUT_02513
0,0,0,OUT_02514
1,0,14,OUT_02515
0,0,0,OUT_02516
1,0,4,OUT_02517
1,1,2,OUT_02518
0,0,0,OUT_02519
0,0,4,OUT_02520
0,0,0,OUT_02521
0,0,0,OUT_02522
16,3,18,OUT_02523
0,0,0,OUT_02524
0,0,0,OUT_02525
0,0,0,OUT_02526
0,0,0,OUT_02527
0,0,0,OUT_02528
0,0,0,OUT_02529
0,0,0,OUT_02530
0,0,0,OUT_02531
0,0,0,OUT_02532
2,0,7,OUT_02533
0,0,0,OUT_02534
0,0,0,OUT_02535
0,0,0,OUT_02536
0,0,0,OUT_02537
0,0,0,OUT_02538
1,0,0,OUT_02539
0,0,0,OUT_02540
6,3,6,OUT_02541
1,0,0,OUT_02542
0,0,0,OUT_02543
0,0,0,OUT_02544
0,0,0,OUT_02545
14,2,16,OUT_02546
0,0,0,OUT_02547
0,0,7,OUT_02548
1,0,0,OUT_02549
0,0,0,OUT_02550
1,1,0,OUT_02551
0,0,0,OUT_02552
2,0,1,OUT_02553
0,0,0,OUT_02554
0,0,0,OUT_02555
0,0,0,OUT_02556
0,0,1,OUT_02557
0,0,0,OUT_02558
0,0,0,OUT_02559
0,0,0,OUT_02560
0,0,0,OUT_02561
9,3,9,OUT_02562
0,0,0,OUT_02563
0,0,0,OUT_02564
0,0,0,OUT_02565
0,0,0,OUT_02566
2,0,0,OUT_02567
0,0,0,OUT_02568
2,1,3,OUT_02569
1,2,0,OUT_02570
0,0,0,OUT_02571
0,0,0,OUT_02572
2,0,14,OUT_02573
0,0,1,OUT_02574
1,0,0,OUT_02575
1,0,0,OUT_02576
0,0,0,OUT_02577
1,0,2,OUT_02578
0,0,0,OUT_02579
0,0,0,OUT_02580
1,0,8,OUT_02581
1,0,0,OUT_02582
1,1,4,OUT_02583
1,0,5,OUT_02584
0,0,0,OUT_02585
0,0,2,OUT_02586
0,0,2,OUT_02587
0,0,0,OUT_02588
1,0,0,OUT_02589
0,0,0,OUT_02590
0,0,0,OUT_02591
2,0,0,OUT_02592
0,0,0,OUT_02593
5,1,0,OUT_02594
1,1,1,OUT_02595
2,0,0,OUT_02596
0,0,0,OUT_02597
0,0,3,OUT_02598
0,0,0,OUT_02599
0,0,0,OUT_02600
2,1,11,OUT_02601
0,0,3,OUT_02602
2,0,0,OUT_02603
5,3,11,OUT_02604
0,0,0,OUT_02605
0,0,0,OUT_02606
1,0,0,OUT_02607
1,0,0,OUT_02608
0,0,0,OUT_02609
0,0,0,OUT_02610
0,0,0,OUT_02611
0,0,0,OUT_02612
0,0,0,OUT_02613
0,0,0,OUT_02614
0,0,0,OUT_02615
0,0,1,OUT_02616
0,0,0,OUT_02617
0,0,0,OUT_02618
1,0,0,OUT_02619
2,1,5,OUT_02620
0,0,0,OUT_02621
0,0,0,OUT_02622
2,3,11,OUT_02623
0,0,0,OUT_02624
0,0,0,OUT_02625
1,0,0,OUT_02626
0,0,0,OUT_02627
0,0,0,OUT_02628
0,0,0,OUT_02629
0,0,3,OUT_02630
1,0,0,OUT_02631
1,0,8,OUT_02632
0,0,0,OUT_02633
0,0,0,OUT_02634
0,0,0,OUT_02635
3,0,1,OUT_02636
0,0,0,OUT_02637
0,0,0,OUT_02638
0,0,0,OUT_02639
0,0,0,OUT_02640
0,0,0,OUT_02641
0,0,0,OUT_02642
0,0,0,OUT_02643
0,0,0,OUT_02644
0,0,0,OUT_02645
0,0,0,OUT_02646
10,4,8,OUT_02647
9,0,0,OUT_02648
0,0,0,OUT_02649
0,0,0,OUT_02650
1,0,1,OUT_02651
11,2,12,OUT_02652
1,0,0,OUT_02653
0,0,0,OUT_02654
0,0,0,OUT_02655
4,0,0,OUT_02656
0,0,5,OUT_02657
1,0,0,OUT_02658
1,0,0,OUT_02659
0,0,4,OUT_02660
0,0,0,OUT_02661
0,0,0,OUT_02662
0,0,0,OUT_02663
0,0,0,OUT_02664
3,1,4,OUT_02665
0,0,0,OUT_02666
15,1,9,OUT_02667
0,0,0,OUT_02668
0,0,0,OUT_02669
0,0,1,OUT_02670
0,1,0,OUT_02671
0,0,0,OUT_02672
0,0,0,OUT_02673
1,0,4,OUT_02674
0,0,0,OUT_02675
2,0,1,OUT_02676
1,0,5,OUT_02677
0,0,0,OUT_02678
0,0,0,OUT_02679
0,0,0,OUT_02680
13,0,13,OUT_02681
0,0,0,OUT_02682
0,0,0,OUT_02683
6,0,20,OUT_02684
0,0,0,OUT_02685
1,1,2,OUT_02686
0,0,0,OUT_02687
0,0,0,OUT_02688
0,0,0,OUT_02689
0,0,0,OUT_02690
1,0,1,OUT_02691
0,0,0,OUT_02692
0,0,0,OUT_02693
0,0,0,OUT_02694
0,0,0,OUT_02695
0,0,0,OUT_02696
15,0,12,OUT_02697
0,0,0,OUT_02698
0,0,0,OUT_02699
0,0,0,OUT_02700
0,0,0,OUT_02701
0,0,0,OUT_02702
0,0,0,OUT_02703
5,2,0,OUT_02704
3,0,0,OUT_02705
0,0,1,OUT_02706
0,0,1,OUT_02707
3,0,3,OUT_02708
0,0,0,OUT_02709
0,0,1,OUT_02710
1,0,0,OUT_02711
0,0,0,OUT_02712
0,0,1,OUT_02713
1,0,8,OUT_02714
0,0,0,OUT_02715
0,0,0,OUT_02716
0,0,1,OUT_02717
0,0,3,OUT_02718
0,0,0,OUT_02719
0,0,0,OUT_02720
0,0,0,OUT_02721
0,0,0,OUT_02722
0,0,0,OUT_02723
3,0,12,OUT_02724
0,1,0,OUT_02725
0,0,0,OUT_02726
0,0,6,OUT_02727
0,0,0,OUT_02728
1,0,1,OUT_02729
0,0,0,OUT_02730
0,0,0,OUT_02731
0,0,0,OUT_02732
0,0,0,OUT_02733
3,1,1,OUT_02734
0,0,0,OUT_02735
0,0,0,OUT_02736
0,0,0,OUT_02737
1,0,0,OUT_02738
0,0,0,OUT_02739
18,4,14,OUT_02740
1,0,0,OUT_02741
2,1,3,OUT_02742
0,0,6,OUT_02743
0,0,0,OUT_02744
13,1,17,OUT_02745
0,0,1,OUT_02746
0,0,3,OUT_02747
0,0,0,OUT_02748
0,0,0,OUT_02749
0,0,0,OUT_02750
0,0,0,OUT_02751
0,0,0,OUT_02752
1,0,0,OUT_02753
0,0,0,OUT_02754
1,0,0,OUT_02755
0,0,0,OUT_02756
1,0,0,OUT_02757
5,1,7,OUT_02758
8,3,9,OUT_02759
0,0,0,OUT_02760
13,2,21,OUT_02761
0,0,3,OUT_02762
2,0,0,OUT_02763
0,0,0,OUT_02764
2,0,4,OUT_02765
0,0,0,OUT_02766
0,0,0,OUT_02767
0,0,0,OUT_02768
0,0,0,OUT_02769
0,0,3,OUT_02770
0,0,0,OUT_02771
5,3,6,OUT_02772
0,0,0,OUT_02773
2,1,12,OUT_02774
0,0,0,OUT_02775
0,0,0,OUT_02776
0,0,0,OUT_02777
0,0,0,OUT_02778
0,0,0,OUT_02779
1,0,1,OUT_02780
0,0,0,OUT_02781
0,0,0,OUT_02782
0,0,4,OUT_02783
0,0,0,OUT_02784
0,0,0,OUT_02785
0,0,0,OUT_02786
0,0,0,OUT_02787
0,0,0,OUT_02788
1,0,1,OUT_02789
0,0,3,OUT_02790
0,0,0,OUT_02791
1,0,2,OUT_02792
0,0,0,OUT_02793
0,0,0,OUT_02794
0,0,0,OUT_02795
0,0,0,OUT_02796
0,1,0,OUT_02797
0,0,0,OUT_02798
0,0,0,OUT_02799
8,4,20,OUT_02800
0,0,0,OUT_02801
1,0,0,OUT_02802
2,0,1,OUT_02803
5,0,12,OUT_02804
0,0,0,OUT_02805
0,0,0,OUT_02806
0,0,0,OUT_02807
1,0,0,OUT_02808
0,0,0,OUT_02809
0,0,0,OUT_02810
3,3,0,OUT_02811
0,0,0,OUT_02812
0,0,0,OUT_02813
0,0,0,OUT_02814
0,0,0,OUT_02815
0,0,0,OUT_02816
0,0,0,OUT_02817
0,0,0,OUT_02818
0,0,0,OUT_02819
0,0,0,OUT_02820
1,0,0,OUT_02821
1,0,8,OUT_02822
3,0,5,OUT_02823
1,0,22,OUT_02824
0,0,0,OUT_02825
1,0,0,OUT_02826
1,0,3,OUT_02827
3,0,0,OUT_02828
0,0,0,OUT_02829
0,0,1,OUT_02830
0,0,0,OUT_02831
3,2,2,OUT_02832
0,0,0,OUT_02833
0,0,0,OUT_02834
0,0,0,OUT_02835
0,0,0,OUT_02836
0,0,0,OUT_02837
2,3,0,OUT_02838
0,0,0,OUT_02839
0,0,0,OUT_02840
1,0,0,OUT_02841
0,0,0,OUT_02842
2,0,0,OUT_02843
1,0,0,OUT_02844
0,0,0,OUT_02845
1,0,0,OUT_02846
0,0,0,OUT_02847
0,0,0,OUT_02848
0,0,0,OUT_02849
1,0,0,OUT_02850
1,0,0,OUT_02851
0,0,0,OUT_02852
0,0,0,OUT_02853
0,0,0,OUT_02854
1,0,0,OUT_02855
0,0,0,OUT_02856
7,1,0,OUT_02857
0,0,3,OUT_02858
0,0,0,OUT_02859
0,0,0,OUT_02860
0,0,1,OUT_02861
0,0,0,OUT_02862
0,0,0,OUT_02863
2,1,0,OUT_02864
0,0,2,OUT_02865
0,0,0,OUT_02866
1,0,0,OUT_02867
0,0,0,OUT_02868
0,0,0,OUT_02869
0,0,0,OUT_02870
1,0,5,OUT_02871
0,0,0,OUT_02872
0,0,0,OUT_02873
0,1,0,OUT_02874
0,0,0,OUT_02875
0,0,0,OUT_02876
0,1,4,OUT_02877
0,0,0,OUT_02878
0,0,0,OUT_02879
0,0,0,OUT_02880
0,0,0,OUT_02881
1,0,0,OUT_02882
3,0,14,OUT_02883
0,0,1,OUT_02884
0,0,0,OUT_02885
0,0,0,OUT_02886
1,0,0,OUT_02887
0,0,0,OUT_02888
1,1,0,OUT_02889
4,1,0,OUT_02890
0,0,0,OUT_02891
1,0,0,OUT_02892
0,0,0,OUT_02893
2,0,3,OUT_02894
0,0,0,OUT_02895
0,0,0,OUT_02896
0,0,0,OUT_02897
0,0,0,OUT_02898
0,0,0,OUT_02899
0,0,0,OUT_02900
0,0,5,OUT_02901
1,2,8,OUT_02902
1,0,3,OUT_02903
1,0,0,OUT_02904
0,0,0,OUT_02905
0,0,0,OUT_02906
0,0,1,OUT_02907
0,0,0,OUT_02908
0,0,0,OUT_02909
0,0,0,OUT_02910
0,0,0,OUT_02911
0,0,0,OUT_02912
0,0,0,OUT_02913
0,0,0,OUT_02914
0,0,0,OUT_02915
0,0,0,OUT_02916
2,0,1,OUT_02917
0,0,0,OUT_02918
0,0,0,OUT_02919
0,0,0,OUT_02920
0,0,0,OUT_02921
0,0,1,OUT_02922
1,0,0,OUT_02923
0,0,0,OUT_02924
0,0,0,OUT_02925
2,0,6,OUT_02926
0,0,6,OUT_02927
1,1,10,OUT_02928
0,0,0,OUT_02929
2,0,0,OUT_02930
1,0,0,OUT_02931
2,1,1,OUT_02932
0,0,0,OUT_02933
0,0,0,OUT_02934
0,0,0,OUT_02935
1,0,2,OUT_02936
0,0,0,OUT_02937
2,0,7,OUT_02938
0,0,0,OUT_02939
0,0,0,OUT_02940
0,0,1,OUT_02941
0,0,0,OUT_02942
8,0,3,OUT_02943
8,0,2,OUT_02944
0,0,0,OUT_02945
1,0,0,OUT_02946
1,1,0,OUT_02947
0,0,0,OUT_02948
0,0,0,OUT_02949
2,0,0,OUT_02950
0,0,0,OUT_02951
0,0,0,OUT_02952
0,0,0,OUT_02953
1,1,0,OUT_02954
0,0,0,OUT_02955
3,0,7,OUT_02956
0,0,8,OUT_02957
1,0,1,OUT_02958
0,0,0,OUT_02959
0,0,2,OUT_02960
4,0,3,OUT_02961
0,0,0,OUT_02962
0,0,0,OUT_02963
0,0,0,OUT_02964
0,0,0,OUT_02965
0,0,3,OUT_02966
0,0,0,OUT_02967
0,0,0,OUT_02968
6,1,6,OUT_02969
2,0,1,OUT_02970
0,0,0,OUT_02971
0,0,1,OUT_02972
0,0,0,OUT_02973
0,0,0,OUT_02974
0,0,0,OUT_02975
0,0,0,OUT_02976
0,0,0,OUT_02977
0,0,0,OUT_02978
0,0,0,OUT_02979
0,0,0,OUT_02980
0,0,3,OUT_02981
1,0,0,OUT_02982
0,0,1,OUT_02983
2,0,0,OUT_02984
1,0,0,OUT_02985
0,0,0,OUT_02986
0,0,2,OUT_02987
0,0,0,OUT_02988
1,0,6,OUT_02989
0,0,0,OUT_02990
1,0,0,OUT_02991
0,0,0,OUT_02992
0,0,0,OUT_02993
0,0,0,OUT_02994
0,0,1,OUT_02995
0,0,0,OUT_02996
4,0,0,OUT_02997
2,0,6,OUT_02998
0,0,6,OUT_02999
1,0,0,OUT_03000
0,0,0,OUT_03001
2,0,0,OUT_03002
0,0,0,OUT_03003
2,0,0,OUT_03004
0,1,0,OUT_03005
1,0,0,OUT_03006
0,0,0,OUT_03007
0,0,0,OUT_03008
1,1,5,OUT_03009
0,0,0,OUT_03010
0,0,0,OUT_03011
1,0,0,OUT_03012
0,0,0,OUT_03013
2,0,0,OUT_03014
0,0,1,OUT_03015
0,0,0,OUT_03016
0,0,0,OUT_03017
0,0,0,OUT_03018
0,0,0,OUT_03019
0,0,0,OUT_03020
0,0,0,OUT_03021
0,0,0,OUT_03022
2,0,3,OUT_03023
0,0,0,OUT_03024
1,0,1,OUT_03025
0,0,0,OUT_03026
1,0,0,OUT_03027
1,0,0,OUT_03028
0,0,0,OUT_03029
0,0,0,OUT_03030
1,0,1,OUT_03031
1,1,0,OUT_03032
0,0,0,OUT_03033
0,0,0,OUT_03034
0,0,0,OUT_03035
0,0,0,OUT_03036
0,0,0,OUT_03037
0,0,1,OUT_03038
0,0,0,OUT_03039
0,0,0,OUT_03040
1,0,0,OUT_03041
0,0,0,OUT_03042
2,0,0,OUT_03043
1,3,0,OUT_03044
0,0,0,OUT_03045
0,0,4,OUT_03046
0,0,0,OUT_03047
1,0,0,OUT_03048
1,0,0,OUT_03049
0,0,0,OUT_03050
0,0,0,OUT_03051
0,0,0,OUT_03052
0,0,0,OUT_03053
0,0,0,OUT_03054
0,0,0,OUT_03055
0,0,0,OUT_03056
1,0,0,OUT_03057
0,0,0,OUT_03058
0,0,6,OUT_03059
0,0,0,OUT_03060
2,0,0,OUT_03061
1,0,0,OUT_03062
2,0,0,OUT_03063
0,0,0,OUT_03064
0,0,0,OUT_03065
0,0,0,OUT_03066
0,0,0,OUT_03067
0,0,0,OUT_03068
0,0,0,OUT_03069
0,0,0,OUT_03070
1,0,0,OUT_03071
0,0,0,OUT_03072
0,0,0,OUT_03073
0,0,0,OUT_03074
2,3,0,OUT_03075
0,0,0,OUT_03076
0,0,0,OUT_03077
1,0,0,OUT_03078
0,0,0,OUT_03079
0,0,0,OUT_03080
1,0,0,OUT_03081
0,0,0,OUT_03082
0,0,0,OUT_03083
1,0,0,OUT_03084
0,0,0,OUT_03085
0,0,1,OUT_03086
0,0,0,OUT_03087
0,0,0,OUT_03088
1,0,0,OUT_03089
1,0,0,OUT_03090
0,0,0,OUT_03091
2,2,5,OUT_03092
1,0,0,OUT_03093
2,0,0,OUT_03094
0,0,0,OUT_03095
4,0,9,OUT_03096
0,0,0,OUT_03097
0,0,3,OUT_03098
0,0,0,OUT_03099
0,0,9,OUT_03100
12,1,17,OUT_03101
0,0,0,OUT_03102
1,0,1,OUT_03103
1,0,0,OUT_03104
0,0,0,OUT_03105
0,0,0,OUT_03106
0,0,0,OUT_03107
2,0,0,OUT_03108
0,0,0,OUT_03109
0,0,0,OUT_03110
0,0,0,OUT_03111
0,0,0,OUT_03112
0,0,0,OUT_03113
0,0,0,OUT_03114
0,0,0,OUT_03115
0,0,0,OUT_03116
0,0,0,OUT_03117
0,0,4,OUT_03118
3,0,8,OUT_03119
0,0,1,OUT_03120
0,0,0,OUT_03121
1,0,0,OUT_03122
0,0,0,OUT_03123
0,0,0,OUT_03124
11,2,12,OUT_03125
0,0,0,OUT_03126
0,0,0,OUT_03127
0,0,0,OUT_03128
11,1,0,OUT_03129
0,0,5,OUT_03130
0,0,0,OUT_03131
0,0,0,OUT_03132
13,2,20,OUT_03133
0,0,0,OUT_03134
0,0,0,OUT_03135
1,0,0,OUT_03136
0,0,0,OUT_03137
0,0,0,OUT_03138
0,0,4,OUT_03139
1,0,0,OUT_03140
0,0,0,OUT_03141
0,0,0,OUT_03142
0,0,0,OUT_03143
1,0,0,OUT_03144
0,0,0,OUT_03145
0,0,0,OUT_03146
0,0,0,OUT_03147
2,0,1,OUT_03148
0,0,0,OUT_03149
0,0,0,OUT_03150
0,0,0,OUT_03151
0,0,0,OUT_03152
0,0,0,OUT_03153
1,0,0,OUT_03154
1,0,3,OUT_03155
0,0,0,OUT_03156
0,0,0,OUT_03157
1,0,0,OUT_03158
0,0,0,OUT_03159
0,0,0,OUT_03160
0,0,0,OUT_03161
1,0,3,OUT_03162
0,0,0,OUT_03163
0,0,0,OUT_03164
5,1,0,OUT_03165
0,0,1,OUT_03166
0,0,0,OUT_03167
0,0,0,OUT_03168
0,0,0,OUT_03169
0,0,0,OUT_03170
0,0,3,OUT_03171
0,0,0,OUT_03172
0,0,0,OUT_03173
13,3,14,OUT_03174
0,0,11,OUT_03175
0,0,14,OUT_03176
0,0,0,OUT_03177
0,0,0,OUT_03178
0,0,0,OUT_03179
0,0,5,OUT_03180
0,0,0,OUT_03181
11,0,5,OUT_03182
0,0,0,OUT_03183
1,0,3,OUT_03184
0,0,0,OUT_03185
8,1,14,OUT_03186
1,0,0,OUT_03187
0,0,0,OUT_03188
0,0,0,OUT_03189
1,0,0,OUT_03190
0,0,0,OUT_03191
0,0,0,OUT_03192
0,0,0,OUT_03193
1,0,0,OUT_03194
0,0,0,OUT_03195
0,0,0,OUT_03196
0,0,0,OUT_03197
0,0,0,OUT_03198
2,0,1,OUT_03199
0,0,2,OUT_03200
2,1,0,OUT_03201
0,0,0,OUT_03202
4,0,7,OUT_03203
1,0,7,OUT_03204
0,0,0,OUT_03205
4,0,5,OUT_03206
1,0,0,OUT_03207
1,0,0,OUT_03208
0,0,0,OUT_03209
2,0,1,OUT_03210
0,0,0,OUT_03211
11,1,9,OUT_03212
9,3,9,OUT_03213
0,0,0,OUT_03214
0,0,1,OUT_03215
0,0,0,OUT_03216
1,0,4,OUT_03217
0,0,0,OUT_03218
13,2,17,OUT_03219
0,0,0,OUT_03220
0,0,0,OUT_03221
0,0,0,OUT_03222
0,0,0,OUT_03223
0,0,0,OUT_03224
0,0,2,OUT_03225
1,0,0,OUT_03226
0,0,0,OUT_03227
0,0,0,OUT_03228
0,0,0,OUT_03229
9,1,8,OUT_03230
1,0,0,OUT_03231
3,3,0,OUT_03232
0,0,0,OUT_03233
1,0,3,OUT_03234
12,4,6,OUT_03235
0,0,0,OUT_03236
0,0,0,OUT_03237
0,0,0,OUT_03238
15,1,10,OUT_03239
0,0,0,OUT_03240
0,0,0,OUT_03241
1,0,3,OUT_03242
0,0,0,OUT_03243
0,0,1,OUT_03244
1,0,1,OUT_03245
0,1,0,OUT_03246
0,0,0,OUT_03247
0,0,0,OUT_03248
0,0,0,OUT_03249
0,0,0,OUT_03250
0,0,0,OUT_03251
0,0,0,OUT_03252
0,0,0,OUT_03253
0,0,11,OUT_03254
0,0,0,OUT_03255
0,1,0,OUT_03256
3,0,1,OUT_03257
0,0,0,OUT_03258
0,0,0,OUT_03259
1,0,0,OUT_03260
0,0,0,OUT_03261
1,0,0,OUT_03262
2,0,0,OUT_03263
0,0,0,OUT_03264
1,0,0,OUT_03265
0,0,0,OUT_03266
0,0,0,OUT_03267
0,1,0,OUT_03268
0,0,0,OUT_03269
0,0,0,OUT_03270
0,0,0,OUT_03271
0,0,0,OUT_03272
0,0,0,OUT_03273
0,0,0,OUT_03274
0,0,0,OUT_03275
3,3,0,OUT_03276
0,0,0,OUT_03277
0,0,1,OUT_03278
0,0,0,OUT_03279
1,0,0,OUT_03280
1,0,0,OUT_03281
0,0,0,OUT_03282
2,0,0,OUT_03283
1,0,1,OUT_03284
1,0,0,OUT_03285
0,0,0,OUT_03286
1,0,1,OUT_03287
2,3,8,OUT_03288
0,0,0,OUT_03289
3,1,3,OUT_03290
0,0,2,OUT_03291
2,0,2,OUT_03292
0,0,0,OUT_03293
0,0,0,OUT_03294
0,0,0,OUT_03295
0,0,1,OUT_03296
2,0,0,OUT_03297
0,0,0,OUT_03298
0,0,0,OUT_03299
0,0,0,OUT_03300
0,0,9,OUT_03301
0,0,0,OUT_03302
0,0,0,OUT_03303
0,0,0,OUT_03304
0,0,1,OUT_03305
2,0,0,OUT_03306
0,0,0,OUT_03307
0,0,0,OUT_03308
0,0,0,OUT_03309
1,0,0,OUT_03310
0,1,0,OUT_03311
0,0,0,OUT_03312
0,0,0,OUT_03313
7,0,1,OUT_03314
0,0,0,OUT_03315
0,0,0,OUT_03316
2,0,1,OUT_03317
0,0,0,OUT_03318
1,2,0,OUT_03319
2,0,6,OUT_03320
0,0,0,OUT_03321
0,0,0,OUT_03322
0,0,0,OUT_03323
0,0,0,OUT_03324
0,0,0,OUT_03325
4,0,0,OUT_03326
0,0,0,OUT_03327
0,0,0,OUT_03328
0,0,0,OUT_03329
0,0,2,OUT_03330
0,0,0,OUT_03331
0,0,0,OUT_03332
0,0,0,OUT_03333
0,0,4,OUT_03334
0,0,0,OUT_03335
0,0,0,OUT_03336
0,1,1,OUT_03337
4,0,4,OUT_03338
2,0,0,OUT_03339
0,0,0,OUT_03340
0,0,0,OUT_03341
1,3,0,OUT_03342
0,0,0,OUT_03343
0,0,0,OUT_03344
4,0,4,OUT_03345
0,0,0,OUT_03346
0,0,0,OUT_03347
0,0,0,OUT_03348
0,0,0,OUT_03349
0,0,0,OUT_03350
0,0,0,OUT_03351
0,0,0,OUT_03352
0,0,0,OUT_03353
1,0,2,OUT_03354
6,1,0,OUT_03355
4,2,8,OUT_03356
0,0,0,OUT_03357
0,1,0,OUT_03358
0,0,4,OUT_03359
2,3,2,OUT_03360
0,0,1,OUT_03361
0,0,2,OUT_03362
0,0,0,OUT_03363
0,0,0,OUT_03364
0,0,0,OUT_03365
0,0,0,OUT_03366
0,3,0,OUT_03367
0,0,0,OUT_03368
0,1,3,OUT_03369
22,1,17,OUT_03370
2,1,6,OUT_03371
2,3,1,OUT_03372
5,1,5,OUT_03373
0,0,0,OUT_03374
0,0,0,OUT_03375
0,0,0,OUT_03376
1,0,5,OUT_03377
0,0,0,OUT_03378
3,3,0,OUT_03379
0,0,0,OUT_03380
0,0,0,OUT_03381
0,0,0,OUT_03382
0,0,0,OUT_03383
2,0,0,OUT_03384
0,0,4,OUT_03385
6,3,12,OUT_03386
0,0,0,OUT_03387
4,0,0,OUT_03388
1,0,0,OUT_03389
1,0,20,OUT_03390
0,0,0,OUT_03391
0,0,0,OUT_03392
2,1,1,OUT_03393
0,0,0,OUT_03394
0,0,0,OUT_03395
0,0,0,OUT_03396
0,0,1,OUT_03397
0,0,0,OUT_03398
0,0,0,OUT_03399
0,0,5,OUT_03400
1,0,1,OUT_03401
1,0,0,OUT_03402
4,0,0,OUT_03403
0,0,0,OUT_03404
1,0,0,OUT_03405
0,0,0,OUT_03406
0,0,0,OUT_03407
0,0,0,OUT_03408
0,0,0,OUT_03409
1,0,0,OUT_03410
0,0,0,OUT_03411
0,0,0,OUT_03412
0,0,0,OUT_03413
0,0,0,OUT_03414
0,0,1,OUT_03415
0,1,0,OUT_03416
2,0,1,OUT_03417
0,2,1,OUT_03418
0,0,0,OUT_03419
0,0,0,OUT_03420
2,0,3,OUT_03421
0,0,0,OUT_03422
0,0,0,OUT_03423
0,0,0,OUT_03424
0,0,0,OUT_03425
0,0,0,OUT_03426
0,0,0,OUT_03427
0,0,0,OUT_03428
1,1,0,OUT_03429
0,0,0,OUT_03430
0,0,2,OUT_03431
2,1,2,OUT_03432
0,0,0,OUT_03433
0,0,4,OUT_03434
2,1,7,OUT_03435
1,0,0,OUT_03436
1,2,0,OUT_03437
0,0,0,OUT_03438
1,0,0,OUT_03439
0,0,0,OUT_03440
1,1,2,OUT_03441
1,2,1,OUT_03442
0,0,0,OUT_03443
0,0,0,OUT_03444
0,0,0,OUT_03445
0,0,0,OUT_03446
0,0,0,OUT_03447
0,0,0,OUT_03448
0,0,0,OUT_03449
1,1,0,OUT_03450
20,9,21,OUT_03451
0,0,0,OUT_03452
0,0,0,OUT_03453
5,2,5,OUT_03454
0,0,0,OUT_03455
0,0,0,OUT_03456
1,0,0,OUT_03457
0,0,8,OUT_03458
0,0,0,OUT_03459
0,0,0,OUT_03460
0,0,0,OUT_03461
0,0,6,OUT_03462
0,0,0,OUT_03463
0,0,0,OUT_03464
0,0,0,OUT_03465
0,0,0,OUT_03466
0,0,1,OUT_03467
0,0,0,OUT_03468
0,0,0,OUT_03469
0,0,0,OUT_03470
0,0,0,OUT_03471
0,0,0,OUT_03472
0,0,0,OUT_03473
0,0,0,OUT_03474
0,0,0,OUT_03475
0,0,0,OUT_03476
0,0,0,OUT_03477
0,0,0,OUT_03478
0,0,0,OUT_03479
0,0,4,OUT_03480
0,0,0,OUT_03481
0,0,0,OUT_03482
1,0,0,OUT_03483
1,1,6,OUT_03484
0,0,0,OUT_03485
1,0,12,OUT_03486
2,0,1,OUT_03487
0,0,0,OUT_03488
0,0,0,OUT_03489
0,0,1,OUT_03490
1,0,0,OUT_03491
0,0,0,OUT_03492
0,0,0,OUT_03493
1,0,0,OUT_03494
0,0,0,OUT_03495
0,1,0,OUT_03496
0,1,0,OUT_03497
1,2,10,OUT_03498
0,0,1,OUT_03499
1,1,22,OUT_03500
0,0,0,OUT_03501
0,0,0,OUT_03502
1,0,0,OUT_03503
0,0,1,OUT_03504
0,0,0,OUT_03505
1,0,0,OUT_03506
4,0,3,OUT_03507
1,0,0,OUT_03508
1,0,0,OUT_03509
4,1,1,OUT_03510
0,0,0,OUT_03511
0,0,0,OUT_03512
0,0,0,OUT_03513
0,0,0,OUT_03514
6,2,4,OUT_03515
0,0,0,OUT_03516
0,1,0,OUT_03517
0,0,0,OUT_03518
0,0,0,OUT_03519
3,0,0,OUT_03520
0,0,0,OUT_03521
0,0,0,OUT_03522
3,2,0,OUT_03523
3,0,5,OUT_03524
2,1,0,OUT_03525
1,0,3,OUT_03526
0,0,0,OUT_03527
1,0,1,OUT_03528
0,0,0,OUT_03529
0,0,1,OUT_03530
0,0,0,OUT_03531
1,0,0,OUT_03532
0,0,0,OUT_03533
1,0,2,OUT_03534
0,0,0,OUT_03535
1,0,0,OUT_03536
0,0,0,OUT_03537
0,0,0,OUT_03538
0,0,1,OUT_03539
0,0,9,OUT_03540
1,0,0,OUT_03541
0,0,4,OUT_03542
0,0,0,OUT_03543
0,0,0,OUT_03544
0,0,0,OUT_03545
0,0,0,OUT_03546
0,0,0,OUT_03547
1,0,0,OUT_03548
0,0,0,OUT_03549
0,0,0,OUT_03550
0,0,0,OUT_03551
1,0,0,OUT_03552
0,0,0,OUT_03553
0,0,0,OUT_03554
0,0,0,OUT_03555
1,0,21,OUT_03556
0,0,0,OUT_03557
0,0,0,OUT_03558
0,0,0,OUT_03559
0,0,0,OUT_03560
1,0,2,OUT_03561
0,0,0,OUT_03562
5,1,0,OUT_03563
18,1,10,OUT_03564
0,0,0,OUT_03565
0,0,0,OUT_03566
3,0,5,OUT_03567
0,0,0,OUT_03568
0,0,5,OUT_03569
0,0,3,OUT_03570
0,0,0,OUT_03571
0,0,1,OUT_03572
0,0,0,OUT_03573
0,0,0,OUT_03574
0,0,0,OUT_03575
0,0,3,OUT_03576
3,1,13,OUT_03577
0,0,0,OUT_03578
0,0,0,OUT_03579
1,0,14,OUT_03580
0,0,0,OUT_03581
0,0,0,OUT_03582
1,0,0,OUT_03583
0,0,0,OUT_03584
0,0,0,OUT_03585
2,1,0,OUT_03586
0,0,0,OUT_03587
0,0,0,OUT_03588
0,0,0,OUT_03589
1,1,0,OUT_03590
0,0,0,OUT_03591
11,3,12,OUT_03592
1,0,0,OUT_03593
0,0,1,OUT_03594
0,0,0,OUT_03595
0,0,0,OUT_03596
0,0,0,OUT_03597
0,0,0,OUT_03598
0,0,0,OUT_03599
0,0,0,OUT_03600
1,0,0,OUT_03601
0,0,0,OUT_03602
0,0,0,OUT_03603
0,0,0,OUT_03604
3,1,1,OUT_03605
0,0,0,OUT_03606
0,0,0,OUT_03607
0,0,0,OUT_03608
1,0,0,OUT_03609
12,0,9,OUT_03610
1,1,0,OUT_03611
0,0,0,OUT_03612
0,0,0,OUT_03613
0,0,0,OUT_03614
0,0,0,OUT_03615
0,0,2,OUT_03616
2,0,2,OUT_03617
0,0,0,OUT_03618
0,0,0,OUT_03619
0,0,0,OUT_03620
0,0,0,OUT_03621
0,0,0,OUT_03622
0,0,9,OUT_03623
0,0,0,OUT_03624
0,0,0,OUT_03625
0,0,0,OUT_03626
0,0,0,OUT_03627
1,0,0,OUT_03628
0,0,0,OUT_03629
0,0,0,OUT_03630
0,0,0,OUT_03631
0,0,0,OUT_03632
2,0,0,OUT_03633
0,0,0,OUT_03634
1,0,0,OUT_03635
2,1,0,OUT_03636
0,0,0,OUT_03637
0,0,0,OUT_03638
0,0,0,OUT_03639
0,0,0,OUT_03640
0,0,0,OUT_03641
0,0,0,OUT_03642
7,0,11,OUT_03643
1,0,0,OUT_03644
3,0,3,OUT_03645
0,0,0,OUT_03646
0,0,0,OUT_03647
0,0,1,OUT_03648
0,0,0,OUT_03649
0,0,1,OUT_03650
1,0,0,OUT_03651
0,0,0,OUT_03652
0,0,1,OUT_03653
2,0,6,OUT_03654
0,0,0,OUT_03655
0,0,0,OUT_03656
0,1,0,OUT_03657
0,0,0,OUT_03658
0,0,0,OUT_03659
0,0,0,OUT_03660
0,0,0,OUT_03661
0,0,0,OUT_03662
0,0,0,OUT_03663
0,0,0,OUT_03664
0,0,0,OUT_03665
0,0,0,OUT_03666
2,0,5,OUT_03667
0,0,0,OUT_03668
5,1,0,OUT_03669
1,0,0,OUT_03670
0,0,0,OUT_03671
0,0,4,OUT_03672
0,0,0,OUT_03673
0,0,0,OUT_03674
0,0,0,OUT_03675
0,0,6,OUT_03676
0,0,0,OUT_03677
6,3,10,OUT_03678
0,0,0,OUT_03679
0,3,0,OUT_03680
1,0,1,OUT_03681
0,0,8,OUT_03682
0,0,0,OUT_03683
1,0,2,OUT_03684
0,0,0,OUT_03685
1,0,0,OUT_03686
0,0,0,OUT_03687
1,0,0,OUT_03688
0,0,0,OUT_03689
0,0,0,OUT_03690
0,0,0,OUT_03691
0,0,0,OUT_03692
0,0,0,OUT_03693
0,0,0,OUT_03694
1,0,0,OUT_03695
0,0,0,OUT_03696
1,3,1,OUT_03697
0,0,0,OUT_03698
0,0,0,OUT_03699
0,0,6,OUT_03700
0,0,0,OUT_03701
0,0,0,OUT_03702
0,0,0,OUT_03703
0,0,0,OUT_03704
14,5,25,OUT_03705
0,0,0,OUT_03706
0,0,1,OUT_03707
0,0,0,OUT_03708
0,0,0,OUT_03709
2,0,0,OUT_03710
1,1,9,OUT_03711
0,0,0,OUT_03712
1,0,0,OUT_03713
1,1,0,OUT_03714
0,0,1,OUT_03715
0,0,1,OUT_03716
0,0,0,OUT_03717
0,0,0,OUT_03718
0,0,0,OUT_03719
0,0,5,OUT_03720
0,0,0,OUT_03721
2,0,1,OUT_03722
0,0,0,OUT_03723
0,0,0,OUT_03724
0,0,0,OUT_03725
0,0,0,OUT_03726
0,0,0,OUT_03727
0,0,3,OUT_03728
1,0,1,OUT_03729
0,0,0,OUT_03730
0,0,7,OUT_03731
7,0,5,OUT_03732
0,3,0,OUT_03733
0,0,0,OUT_03734
1,0,2,OUT_03735
0,0,0,OUT_03736
0,0,3,OUT_03737
0,0,0,OUT_03738
0,0,1,OUT_03739
0,0,0,OUT_03740
0,0,0,OUT_03741
0,0,2,OUT_03742
0,0,0,OUT_03743
0,0,0,OUT_03744
7,0,4,OUT_03745
0,0,0,OUT_03746
1,0,0,OUT_03747
0,0,3,OUT_03748
0,0,0,OUT_03749
0,0,0,OUT_03750
0,0,0,OUT_03751
0,0,0,OUT_03752
0,0,0,OUT_03753
0,0,0,OUT_03754
0,0,0,OUT_03755
0,0,0,OUT_03756
0,0,0,OUT_03757
0,0,0,OUT_03758
0,0,0,OUT_03759
0,0,0,OUT_03760
1,0,0,OUT_03761
2,0,0,OUT_03762
0,0,6,OUT_03763
0,0,3,OUT_03764
0,0,0,OUT_03765
1,0,0,OUT_03766
0,0,0,OUT_03767
1,1,0,OUT_03768
0,0,0,OUT_03769
0,0,0,OUT_03770
0,0,2,OUT_03771
0,0,0,OUT_03772
0,0,0,OUT_03773
2,0,0,OUT_03774
0,0,0,OUT_03775
0,0,0,OUT_03776
0,0,0,OUT_03777
0,0,0,OUT_03778
6,3,9,OUT_03779
0,0,0,OUT_03780
9,3,13,OUT_03781
3,0,0,OUT_03782
0,0,0,OUT_03783
0,0,0,OUT_03784
0,0,9,OUT_03785
0,0,0,OUT_03786
0,0,0,OUT_03787
3,0,0,OUT_03788
0,0,0,OUT_03789
1,0,0,OUT_03790
0,0,0,OUT_03791
0,0,1,OUT_03792
0,0,0,OUT_03793
0,0,0,OUT_03794
1,1,0,OUT_03795
0,0,0,OUT_03796
1,0,1,OUT_03797
0,0,0,OUT_03798
0,0,3,OUT_03799
0,0,0,OUT_03800
0,0,0,OUT_03801
0,0,0,OUT_03802
1,0,0,OUT_03803
1,0,1,OUT_03804
0,0,0,OUT_03805
1,0,0,OUT_03806
0,0,0,OUT_03807
1,0,1,OUT_03808
15,1,11,OUT_03809
1,0,1,OUT_03810
0,0,0,OUT_03811
0,0,0,OUT_03812
0,0,6,OUT_03813
0,0,0,OUT_03814
0,0,0,OUT_03815
1,1,20,OUT_03816
0,0,0,OUT_03817
1,0,2,OUT_03818
0,0,0,OUT_03819
0,0,0,OUT_03820
1,0,0,OUT_03821
0,0,0,OUT_03822
0,0,1,OUT_03823
0,0,0,OUT_03824
0,0,0,OUT_03825
1,0,0,OUT_03826
0,0,0,OUT_03827
0,0,0,OUT_03828
2,1,5,OUT_03829
0,0,0,OUT_03830
0,0,0,OUT_03831
0,0,0,OUT_03832
0,0,0,OUT_03833
0,0,0,OUT_03834
0,0,1,OUT_03835
2,0,0,OUT_03836
0,0,0,OUT_03837
3,1,1,OUT_03838
0,0,0,OUT_03839
1,0,0,OUT_03840
0,0,0,OUT_03841
2,0,0,OUT_03842
0,0,0,OUT_03843
0,0,0,OUT_03844
0,0,4,OUT_03845
0,0,0,OUT_03846
0,0,0,OUT_03847
0,0,0,OUT_03848
6,2,5,OUT_03849
5,0,0,OUT_03850
0,0,0,OUT_03851
0,0,0,OUT_03852
0,0,0,OUT_03853
0,0,0,OUT_03854
0,0,0,OUT_03855
2,2,5,OUT_03856
1,0,0,OUT_03857
0,0,0,OUT_03858
9,1,7,OUT_03859
0,0,0,OUT_03860
1,0,0,OUT_03861
1,0,2,OUT_03862
0,0,0,OUT_03863
0,0,0,OUT_03864
0,0,0,OUT_03865
0,0,0,OUT_03866
1,0,0,OUT_03867
0,0,0,OUT_03868
3,2,4,OUT_03869
0,0,0,OUT_03870
0,0,0,OUT_03871
0,0,0,OUT_03872
0,0,0,OUT_03873
0,0,2,OUT_03874
0,0,8,OUT_03875
0,0,0,OUT_03876
0,0,0,OUT_03877
0,1,0,OUT_03878
0,0,0,OUT_03879
0,0,0,OUT_03880
1,0,0,OUT_03881
0,0,0,OUT_03882
1,1,0,OUT_03883
2,0,7,OUT_03884
0,0,0,OUT_03885
0,0,0,OUT_03886
2,1,0,OUT_03887
1,0,2,OUT_03888
0,0,0,OUT_03889
0,0,0,OUT_03890
19,3,19,OUT_03891
2,0,0,OUT_03892
0,1,1,OUT_03893
0,0,0,OUT_03894
0,0,0,OUT_03895
0,0,0,OUT_03896
0,0,0,OUT_03897
0,0,0,OUT_03898
1,0,2,OUT_03899
0,0,0,OUT_03900
0,0,0,OUT_03901
0,0,2,OUT_03902
2,0,5,OUT_03903
2,0,0,OUT_03904
0,0,0,OUT_03905
1,0,0,OUT_03906
1,0,16,OUT_03907
0,0,0,OUT_03908
0,0,0,OUT_03909
2,1,8,OUT_03910
2,0,1,OUT_03911
0,0,0,OUT_03912
1,0,1,OUT_03913
10,0,1,OUT_03914
1,3,1,OUT_03915
0,0,2,OUT_03916
0,0,0,OUT_03917
0,0,0,OUT_03918
0,0,0,OUT_03919
0,0,0,OUT_03920
0,0,0,OUT_03921
0,0,0,OUT_03922
0,0,0,OUT_03923
1,0,8,OUT_03924
0,0,0,OUT_03925
0,0,0,OUT_03926
0,0,0,OUT_03927
0,0,1,OUT_03928
0,0,0,OUT_03929
2,0,0,OUT_03930
0,0,0,OUT_03931
14,2,17,OUT_03932
3,0,10,OUT_03933
0,0,0,OUT_03934
1,0,0,OUT_03935
0,0,0,OUT_03936
0,0,0,OUT_03937
0,0,0,OUT_03938
2,0,0,OUT_03939
0,0,0,OUT_03940
0,0,0,OUT_03941
0,0,0,OUT_03942
0,0,0,OUT_03943
0,0,0,OUT_03944
0,0,0,OUT_03945
0,0,0,OUT_03946
0,0,0,OUT_03947
0,0,0,OUT_03948
0,0,2,OUT_03949
0,0,0,OUT_03950
0,0,0,OUT_03951
0,0,3,OUT_03952
0,0,1,OUT_03953
0,0,0,OUT_03954
0,1,0,OUT_03955
2,0,0,OUT_03956
0,0,0,OUT_03957
0,0,0,OUT_03958
2,0,3,OUT_03959
5,1,0,OUT_03960
0,0,0,OUT_03961
0,0,0,OUT_03962
1,0,5,OUT_03963
1,0,12,OUT_03964
0,0,0,OUT_03965
0,0,0,OUT_03966
0,0,1,OUT_03967
0,0,0,OUT_03968
0,0,0,OUT_03969
0,0,0,OUT_03970
1,1,9,OUT_03971
0,0,7,OUT_03972
0,0,0,OUT_03973
0,0,0,OUT_03974
1,0,0,OUT_03975
0,0,0,OUT_03976
0,0,0,OUT_03977
0,0,0,OUT_03978
2,0,1,OUT_03979
1,0,0,OUT_03980
0,0,5,OUT_03981
0,0,1,OUT_03982
1,0,0,OUT_03983
0,0,0,OUT_03984
0,0,0,OUT_03985
0,0,0,OUT_03986
1,0,1,OUT_03987
0,0,5,OUT_03988
3,0,0,OUT_03989
0,0,0,OUT_03990
0,0,0,OUT_03991
0,0,0,OUT_03992
0,1,0,OUT_03993
0,0,0,OUT_03994
0,0,2,OUT_03995
0,0,0,OUT_03996
0,0,1,OUT_03997
1,0,0,OUT_03998
0,0,0,OUT_03999
0,0,0,OUT_04000
0,0,0,OUT_04001
0,0,0,OUT_04002
0,0,0,OUT_04003
1,1,0,OUT_04004
0,0,2,OUT_04005
0,0,0,OUT_04006
0,0,0,OUT_04007
0,0,0,OUT_04008
0,0,0,OUT_04009
1,0,0,OUT_04010
1,0,1,OUT_04011
0,0,0,OUT_04012
0,0,0,OUT_04013
0,0,0,OUT_04014
0,0,0,OUT_04015
1,0,1,OUT_04016
0,0,1,OUT_04017
0,0,0,OUT_04018
0,0,0,OUT_04019
11,1,4,OUT_04020
0,0,0,OUT_04021
0,0,0,OUT_04022
0,0,0,OUT_04023
0,0,0,OUT_04024
0,0,0,OUT_04025
0,0,1,OUT_04026
0,0,2,OUT_04027
1,0,12,OUT_04028
12,4,10,OUT_04029
0,0,2,OUT_04030
2,0,3,OUT_04031
0,0,8,OUT_04032
9,1,0,OUT_04033
0,0,7,OUT_04034
0,0,7,OUT_04035
1,0,4,OUT_04036
0,0,0,OUT_04037
0,0,0,OUT_04038
0,0,2,OUT_04039
0,0,0,OUT_04040
0,0,0,OUT_04041
0,0,2,OUT_04042
0,0,0,OUT_04043
0,0,0,OUT_04044
0,0,2,OUT_04045
2,0,3,OUT_04046
0,0,0,OUT_04047
0,1,0,OUT_04048
0,0,0,OUT_04049
0,0,0,OUT_04050
0,0,0,OUT_04051
2,0,0,OUT_04052
0,0,0,OUT_04053
0,0,0,OUT_04054
0,0,0,OUT_04055
0,0,0,OUT_04056
0,0,0,OUT_04057
3,1,3,OUT_04058
1,0,0,OUT_04059
0,0,0,OUT_04060
20,7,20,OUT_04061
20,6,15,OUT_04062
0,0,0,OUT_04063
0,0,0,OUT_04064
0,0,0,OUT_04065
0,0,1,OUT_04066
0,0,0,OUT_04067
0,0,0,OUT_04068
0,0,4,OUT_04069
1,2,6,OUT_04070
0,0,0,OUT_04071
0,0,0,OUT_04072
0,0,0,OUT_04073
2,1,0,OUT_04074
0,0,0,OUT_04075
0,0,0,OUT_04076
0,0,0,OUT_04077
1,1,0,OUT_04078
0,0,0,OUT_04079
0,0,0,OUT_04080
0,0,0,OUT_04081
0,0,0,OUT_04082
3,1,2,OUT_04083
0,0,0,OUT_04084
2,0,0,OUT_04085
0,0,0,OUT_04086
0,0,0,OUT_04087
1,0,0,OUT_04088
0,0,0,OUT_04089
0,0,0,OUT_04090
1,0,14,OUT_04091
14,0,12,OUT_04092
0,0,0,OUT_04093
3,1,4,OUT_04094
0,0,0,OUT_04095
0,0,0,OUT_04096
0,0,1,OUT_04097
1,0,0,OUT_04098
0,0,1,OUT_04099
0,0,0,OUT_04100
3,0,3,OUT_04101
0,0,0,OUT_04102
0,0,0,OUT_04103
8,1,8,OUT_04104
4,2,15,OUT_04105
0,0,0,OUT_04106
0,0,0,OUT_04107
3,1,9,OUT_04108
0,0,0,OUT_04109
0,0,0,OUT_04110
0,0,4,OUT_04111
0,0,0,OUT_04112
0,0,0,OUT_04113
0,0,0,OUT_04114
0,0,0,OUT_04115
1,1,6,OUT_04116
0,0,0,OUT_04117
1,1,8,OUT_04118
0,0,0,OUT_04119
0,0,0,OUT_04120
0,0,0,OUT_04121
2,0,1,OUT_04122
0,0,0,OUT_04123
0,0,0,OUT_04124
0,0,0,OUT_04125
0,0,1,OUT_04126
0,0,0,OUT_04127
0,0,0,OUT_04128
2,1,0,OUT_04129
1,0,0,OUT_04130
3,1,0,OUT_04131
0,0,0,OUT_04132
3,0,5,OUT_04133
0,0,0,OUT_04134
0,0,0,OUT_04135
2,0,0,OUT_04136
0,0,0,OUT_04137
1,0,1,OUT_04138
1,0,4,OUT_04139
2,0,0,OUT_04140
1,1,0,OUT_04141
0,0,0,OUT_04142
0,0,0,OUT_04143
0,0,0,OUT_04144
0,0,0,OUT_04145
0,0,0,OUT_04146
0,0,0,OUT_04147
1,1,0,OUT_04148
0,0,0,OUT_04149
0,0,0,OUT_04150
1,0,0,OUT_04151
0,0,0,OUT_04152
3,0,11,OUT_04153
1,0,0,OUT_04154
0,0,0,OUT_04155
0,0,0,OUT_04156
0,0,1,OUT_04157
1,0,18,OUT_04158
2,0,0,OUT_04159
0,0,10,OUT_04160
4,0,1,OUT_04161
0,0,0,OUT_04162
0,1,9,OUT_04163
0,0,1,OUT_04164
0,0,0,OUT_04165
5,1,0,OUT_04166
0,0,6,OUT_04167
0,0,0,OUT_04168
0,0,0,OUT_04169
0,0,0,OUT_04170
0,1,0,OUT_04171
0,0,0,OUT_04172
0,0,0,OUT_04173
4,0,0,OUT_04174
0,0,0,OUT_04175
0,0,0,OUT_04176
1,0,0,OUT_04177
0,0,0,OUT_04178
0,0,0,OUT_04179
0,0,0,OUT_04180
1,0,3,OUT_04181
0,0,0,OUT_04182
2,0,11,OUT_04183
5,0,1,OUT_04184
0,0,0,OUT_04185
0,0,0,OUT_04186
0,0,0,OUT_04187
1,0,0,OUT_04188
2,0,0,OUT_04189
0,0,0,OUT_04190
0,0,0,OUT_04191
0,0,0,OUT_04192
0,0,0,OUT_04193
0,0,0,OUT_04194
0,0,0,OUT_04195
0,0,0,OUT_04196
0,0,0,OUT_04197
0,0,0,OUT_04198
1,0,0,OUT_04199
0,1,0,OUT_04200
2,1,3,OUT_04201
0,0,0,OUT_04202
1,0,0,OUT_04203
0,0,0,OUT_04204
1,0,0,OUT_04205
0,0,0,OUT_04206
0,0,0,OUT_04207
0,0,0,OUT_04208
1,0,0,OUT_04209
0,0,0,OUT_04210
4,0,5,OUT_04211
0,0,0,OUT_04212
1,1,0,OUT_04213
0,0,0,OUT_04214
0,0,0,OUT_04215
0,0,1,OUT_04216
0,0,0,OUT_04217
0,0,0,OUT_04218
0,0,0,OUT_04219
13,1,0,OUT_04220
1,0,0,OUT_04221
0,0,2,OUT_04222
1,0,0,OUT_04223
0,0,0,OUT_04224
0,0,0,OUT_04225
0,0,0,OUT_04226
0,0,0,OUT_04227
0,0,0,OUT_04228
0,0,0,OUT_04229
0,0,0,OUT_04230
1,0,0,OUT_04231
0,0,0,OUT_04232
0,0,0,OUT_04233
0,0,0,OUT_04234
1,0,0,OUT_04235
1,0,14,OUT_04236
0,0,0,OUT_04237
1,0,0,OUT_04238
3,0,8,OUT_04239
2,0,0,OUT_04240
2,0,0,OUT_04241
0,0,0,OUT_04242
0,0,0,OUT_04243
0,0,0,OUT_04244
0,0,0,OUT_04245
0,0,0,OUT_04246
0,0,0,OUT_04247
2,0,0,OUT_04248
21,1,8,OUT_04249
0,0,0,OUT_04250
0,0,0,OUT_04251
0,0,0,OUT_04252
0,0,0,OUT_04253
2,1,0,OUT_04254
0,0,0,OUT_04255
0,0,1,OUT_04256
0,0,0,OUT_04257
8,0,1,OUT_04258
0,0,0,OUT_04259
0,2,2,OUT_04260
0,0,0,OUT_04261
1,0,4,OUT_04262
0,0,1,OUT_04263
0,0,2,OUT_04264
0,0,0,OUT_04265
1,0,1,OUT_04266
2,0,1,OUT_04267
0,0,0,OUT_04268
0,0,0,OUT_04269
2,0,3,OUT_04270
0,0,0,OUT_04271
0,0,0,OUT_04272
0,0,0,OUT_04273
0,0,0,OUT_04274
0,0,0,OUT_04275
1,0,14,OUT_04276
0,0,0,OUT_04277
2,0,3,OUT_04278
0,0,0,OUT_04279
2,0,1,OUT_04280
1,0,7,OUT_04281
0,0,0,OUT_04282
0,1,0,OUT_04283
0,0,0,OUT_04284
0,0,0,OUT_04285
0,0,0,OUT_04286
0,0,0,OUT_04287
0,0,0,OUT_04288
2,1,3,OUT_04289
0,0,1,OUT_04290
1,0,0,OUT_04291
0,0,0,OUT_04292
1,0,9,OUT_04293
0,0,0,OUT_04294
0,0,0,OUT_04295
1,0,1,OUT_04296
0,0,0,OUT_04297
0,0,0,OUT_04298
5,4,7,OUT_04299
0,0,4,OUT_04300
0,0,0,OUT_04301
0,0,0,OUT_04302
0,0,1,OUT_04303
0,0,0,OUT_04304
4,2,1,OUT_04305
1,0,1,OUT_04306
0,0,0,OUT_04307
1,0,2,OUT_04308
1,0,1,OUT_04309
0,0,0,OUT_04310
2,0,3,OUT_04311
0,0,0,OUT_04312
0,0,5,OUT_04313
1,0,6,OUT_04314
0,0,0,OUT_04315
0,0,0,OUT_04316
1,0,0,OUT_04317
1,0,0,OUT_04318
0,0,0,OUT_04319
0,0,0,OUT_04320
0,0,0,OUT_04321
0,0,0,OUT_04322
0,0,0,OUT_04323
1,0,0,OUT_04324
1,0,0,OUT_04325
1,0,0,OUT_04326
0,0,0,OUT_04327
1,0,0,OUT_04328
0,0,1,OUT_04329
1,0,0,OUT_04330
0,0,0,OUT_04331
0,0,2,OUT_04332
1,0,0,OUT_04333
0,0,0,OUT_04334
2,0,0,OUT_04335
0,0,0,OUT_04336
0,0,0,OUT_04337
0,0,0,OUT_04338
0,0,0,OUT_04339
0,0,0,OUT_04340
0,0,0,OUT_04341
1,0,15,OUT_04342
0,0,0,OUT_04343
0,0,0,OUT_04344
0,0,0,OUT_04345
0,0,0,OUT_04346
0,0,0,OUT_04347
3,1,0,OUT_04348
0,0,0,OUT_04349
0,0,0,OUT_04350
0,0,0,OUT_04351
0,0,0,OUT_04352
0,0,0,OUT_04353
0,0,0,OUT_04354
0,0,0,OUT_04355
0,0,0,OUT_04356
0,0,4,OUT_04357
0,0,0,OUT_04358
0,0,0,OUT_04359
0,0,0,OUT_04360
2,1,0,OUT_04361
0,0,0,OUT_04362
1,0,0,OUT_04363
1,1,30,OUT_04364
0,0,0,OUT_04365
1,0,1,OUT_04366
1,0,0,OUT_04367
2,0,4,OUT_04368
0,0,0,OUT_04369
0,0,0,OUT_04370
1,0,1,OUT_04371
16,5,21,OUT_04372
1,0,0,OUT_04373
1,0,0,OUT_04374
2,1,0,OUT_04375
2,1,0,OUT_04376
0,0,0,OUT_04377
0,0,0,OUT_04378
0,0,0,OUT_04379
2,0,0,OUT_04380
0,0,0,OUT_04381
1,0,1,OUT_04382
3,0,8,OUT_04383
3,2,13,OUT_04384
0,0,0,OUT_04385
0,0,0,OUT_04386
0,0,0,OUT_04387
0,0,0,OUT_04388
0,1,0,OUT_04389
1,0,0,OUT_04390
0,0,0,OUT_04391
0,0,0,OUT_04392
1,0,0,OUT_04393
1,0,0,OUT_04394
0,0,0,OUT_04395
0,0,0,OUT_04396
0,0,0,OUT_04397
1,0,0,OUT_04398
6,1,15,OUT_04399
0,0,0,OUT_04400
1,1,0,OUT_04401
0,0,9,OUT_04402
0,0,0,OUT_04403
0,0,0,OUT_04404
0,0,0,OUT_04405
0,0,0,OUT_04406
0,0,0,OUT_04407
0,0,0,OUT_04408
0,0,0,OUT_04409
0,0,0,OUT_04410
0,0,0,OUT_04411
2,3,0,OUT_04412
1,1,3,OUT_04413
2,0,10,OUT_04414
0,0,0,OUT_04415
0,0,0,OUT_04416
0,0,3,OUT_04417
0,0,0,OUT_04418
1,0,2,OUT_04419
1,0,1,OUT_04420
0,0,0,OUT_04421
0,0,0,OUT_04422
1,0,9,OUT_04423
0,0,0,OUT_04424
25,1,11,OUT_04425
0,0,0,OUT_04426
1,0,0,OUT_04427
0,0,0,OUT_04428
0,0,3,OUT_04429
0,0,0,OUT_04430
0,0,0,OUT_04431
2,0,6,OUT_04432
0,0,0,OUT_04433
1,0,0,OUT_04434
0,0,0,OUT_04435
0,0,0,OUT_04436
0,0,0,OUT_04437
0,0,0,OUT_04438
0,0,0,OUT_04439
0,0,0,OUT_04440
1,0,1,OUT_04441
0,0,0,OUT_04442
0,0,0,OUT_04443
0,0,0,OUT_04444
2,3,0,OUT_04445
0,0,0,OUT_04446
0,0,0,OUT_04447
1,0,0,OUT_04448
5,1,7,OUT_04449
0,0,0,OUT_04450
0,0,0,OUT_04451
0,0,2,OUT_04452
3,1,1,OUT_04453
0,0,0,OUT_04454
2,0,0,OUT_04455
0,0,0,OUT_04456
2,1,2,OUT_04457
2,3,6,OUT_04458
0,0,0,OUT_04459
0,0,0,OUT_04460
1,0,1,OUT_04461
0,0,0,OUT_04462
0,0,1,OUT_04463
0,0,0,OUT_04464
0,0,4,OUT_04465
10,0,9,OUT_04466
0,0,0,OUT_04467
0,0,0,OUT_04468
1,0,0,OUT_04469
0,0,0,OUT_04470
4,1,0,OUT_04471
2,3,6,OUT_04472
0,0,0,OUT_04473
0,0,0,OUT_04474
0,1,0,OUT_04475
0,0,0,OUT_04476
10,1,20,OUT_04477
0,0,2,OUT_04478
0,0,0,OUT_04479
0,0,0,OUT_04480
0,0,0,OUT_04481
0,0,0,OUT_04482
0,0,0,OUT_04483
1,0,1,OUT_04484
0,0,0,OUT_04485
0,0,0,OUT_04486
0,0,0,OUT_04487
1,0,0,OUT_04488
1,0,0,OUT_04489
0,0,0,OUT_04490
0,0,3,OUT_04491
0,0,0,OUT_04492
0,0,0,OUT_04493
1,0,0,OUT_04494
0,0,0,OUT_04495
2,0,8,OUT_04496
2,2,5,OUT_04497
0,0,0,OUT_04498
1,2,2,OUT_04499
0,0,0,OUT_04500
0,0,0,OUT_04501
4,2,2,OUT_04502
0,0,0,OUT_04503
0,0,0,OUT_04504
0,0,1,OUT_04505
0,1,0,OUT_04506
1,0,4,OUT_04507
0,0,1,OUT_04508
0,0,0,OUT_04509
2,0,0,OUT_04510
0,0,4,OUT_04511
0,0,0,OUT_04512
1,1,3,OUT_04513
0,0,0,OUT_04514
0,0,0,OUT_04515
0,0,0,OUT_04516
0,0,0,OUT_04517
1,1,0,OUT_04518
0,0,0,OUT_04519
0,0,0,OUT_04520
2,0,0,OUT_04521
0,0,0,OUT_04522
0,0,0,OUT_04523
0,0,0,OUT_04524
0,0,0,OUT_04525
1,0,0,OUT_04526
0,0,0,OUT_04527
0,0,0,OUT_04528
0,0,0,OUT_04529
0,0,0,OUT_04530
0,0,0,OUT_04531
1,0,0,OUT_04532
1,0,0,OUT_04533
0,0,0,OUT_04534
0,0,0,OUT_04535
0,0,0,OUT_04536
0,0,0,OUT_04537
0,0,0,OUT_04538
0,0,0,OUT_04539
0,0,0,OUT_04540
0,0,0,OUT_04541
0,0,0,OUT_04542
0,0,0,OUT_04543
1,0,1,OUT_04544
1,0,0,OUT_04545
0,0,0,OUT_04546
0,0,0,OUT_04547
0,0,0,OUT_04548
1,0,0,OUT_04549
0,0,0,OUT_04550
0,0,2,OUT_04551
0,0,0,OUT_04552
4,2,2,OUT_04553
0,1,1,OUT_04554
0,0,0,OUT_04555
0,0,0,OUT_04556
0,0,5,OUT_04557
1,0,0,OUT_04558
0,0,0,OUT_04559
0,0,0,OUT_04560
1,0,1,OUT_04561
0,0,0,OUT_04562
0,0,0,OUT_04563
0,0,0,OUT_04564
0,0,0,OUT_04565
0,0,1,OUT_04566
0,0,1,OUT_04567
0,0,8,OUT_04568
0,0,0,OUT_04569
0,0,0,OUT_04570
1,2,1,OUT_04571
0,0,0,OUT_04572
0,0,0,OUT_04573
1,0,0,OUT_04574
4,0,0,OUT_04575
0,0,0,OUT_04576
0,0,0,OUT_04577
4,1,6,OUT_04578
0,0,1,OUT_04579
0,0,0,OUT_04580
2,0,0,OUT_04581
0,0,0,OUT_04582
3,0,10,OUT_04583
0,0,0,OUT_04584
1,0,13,OUT_04585
1,0,0,OUT_04586
1,0,1,OUT_04587
0,0,0,OUT_04588
12,1,3,OUT_04589
0,2,0,OUT_04590
0,0,0,OUT_04591
0,0,0,OUT_04592
0,0,0,OUT_04593
0,0,0,OUT_04594
0,0,0,OUT_04595
0,0,0,OUT_04596
0,0,0,OUT_04597
0,0,0,OUT_04598
2,0,10,OUT_04599
4,1,13,OUT_04600
1,0,1,OUT_04601
4,1,5,OUT_04602
0,0,0,OUT_04603
0,0,0,OUT_04604
15,3,15,OUT_04605
8,2,11,OUT_04606
13,1,9,OUT_04607
0,0,0,OUT_04608
0,0,0,OUT_04609
1,0,0,OUT_04610
0,0,0,OUT_04611
0,1,7,OUT_04612
0,0,0,OUT_04613
0,0,0,OUT_04614
1,0,1,OUT_04615
0,0,0,OUT_04616
1,0,0,OUT_04617
2,1,0,OUT_04618
1,1,0,OUT_04619
0,0,0,OUT_04620
4,1,11,OUT_04621
0,0,0,OUT_04622
0,0,0,OUT_04623
0,0,0,OUT_04624
0,0,0,OUT_04625
0,0,0,OUT_04626
0,0,0,OUT_04627
0,0,0,OUT_04628
2,0,0,OUT_04629
0,0,0,OUT_04630
0,0,0,OUT_04631
2,0,0,OUT_04632
0,0,0,OUT_04633
0,0,3,OUT_04634
2,0,1,OUT_04635
0,1,0,OUT_04636
0,0,0,OUT_04637
0,0,0,OUT_04638
0,0,0,OUT_04639
0,0,0,OUT_04640
7,1,7,OUT_04641
2,0,1,OUT_04642
0,0,0,OUT_04643
0,0,0,OUT_04644
0,0,0,OUT_04645
1,0,0,OUT_04646
1,0,0,OUT_04647
0,0,0,OUT_04648
0,0,0,OUT_04649
0,0,1,OUT_04650
0,0,0,OUT_04651
0,0,0,OUT_04652
1,0,0,OUT_04653
0,0,17,OUT_04654
0,0,0,OUT_04655
0,0,0,OUT_04656
0,0,0,OUT_04657
0,0,0,OUT_04658
0,1,12,OUT_04659
0,0,0,OUT_04660
0,0,0,OUT_04661
0,0,0,OUT_04662
0,0,0,OUT_04663
0,1,0,OUT_04664
1,0,14,OUT_04665
2,0,0,OUT_04666
1,1,1,OUT_04667
0,0,0,OUT_04668
0,0,0,OUT_04669
0,0,0,OUT_04670
0,0,6,OUT_04671
0,0,0,OUT_04672
1,0,0,OUT_04673
0,0,0,OUT_04674
0,0,0,OUT_04675
4,1,0,OUT_04676
0,0,0,OUT_04677
2,0,0,OUT_04678
3,1,8,OUT_04679
0,0,0,OUT_04680
0,0,0,OUT_04681
0,0,1,OUT_04682
0,0,0,OUT_04683
0,0,0,OUT_04684
0,0,0,OUT_04685
0,0,0,OUT_04686
0,0,0,OUT_04687
1,0,0,OUT_04688
0,0,0,OUT_04689
1,3,0,OUT_04690
0,0,0,OUT_04691
0,0,0,OUT_04692
0,0,0,OUT_04693
0,0,0,OUT_04694
0,0,0,OUT_04695
0,0,0,OUT_04696
0,0,0,OUT_04697
13,1,0,OUT_04698
0,0,0,OUT_04699
0,0,0,OUT_04700
0,0,1,OUT_04701
8,0,25,OUT_04702
1,0,0,OUT_04703
0,0,0,OUT_04704
0,0,0,OUT_04705
3,0,8,OUT_04706
0,0,0,OUT_04707
23,9,19,OUT_04708
0,0,0,OUT_04709
0,0,0,OUT_04710
0,0,0,OUT_04711
0,0,2,OUT_04712
0,0,0,OUT_04713
0,0,0,OUT_04714
0,0,0,OUT_04715
0,0,0,OUT_04716
0,0,0,OUT_04717
1,0,3,OUT_04718
0,0,0,OUT_04719
24,1,12,OUT_04720
0,0,0,OUT_04721
0,0,0,OUT_04722
1,0,0,OUT_04723
0,0,0,OUT_04724
0,1,0,OUT_04725
0,0,0,OUT_04726
0,0,0,OUT_04727
0,0,0,OUT_04728
3,0,16,OUT_04729
0,0,0,OUT_04730
4,0,8,OUT_04731
3,0,0,OUT_04732
0,0,0,OUT_04733
7,3,6,OUT_04734
1,0,0,OUT_04735
0,0,0,OUT_04736
2,2,10,OUT_04737
1,0,0,OUT_04738
0,0,0,OUT_04739
0,0,0,OUT_04740
0,0,0,OUT_04741
0,0,0,OUT_04742
0,0,0,OUT_04743
0,0,0,OUT_04744
0,0,0,OUT_04745
0,0,2,OUT_04746
0,0,0,OUT_04747
1,0,9,OUT_04748
1,0,0,OUT_04749
0,0,1,OUT_04750
0,0,0,OUT_04751
0,0,0,OUT_04752
0,0,0,OUT_04753
1,0,0,OUT_04754
0,1,0,OUT_04755
0,0,0,OUT_04756
0,0,0,OUT_04757
0,0,0,OUT_04758
0,0,0,OUT_04759
1,0,0,OUT_04760
0,0,0,OUT_04761
0,0,0,OUT_04762
3,0,0,OUT_04763
1,0,0,OUT_04764
0,0,0,OUT_04765
1,2,0,OUT_04766
0,0,0,OUT_04767
0,0,0,OUT_04768
0,0,0,OUT_04769
0,0,0,OUT_04770
0,0,3,OUT_04771
1,0,3,OUT_04772
0,0,0,OUT_04773
0,0,6,OUT_04774
0,0,0,OUT_04775
0,0,0,OUT_04776
0,0,1,OUT_04777
0,0,0,OUT_04778
0,0,0,OUT_04779
0,0,0,OUT_04780
1,1,0,OUT_04781
0,0,0,OUT_04782
0,0,0,OUT_04783
0,0,0,OUT_04784
2,0,12,OUT_04785
0,0,0,OUT_04786
0,0,0,OUT_04787
0,0,0,OUT_04788
0,0,1,OUT_04789
0,0,0,OUT_04790
0,0,5,OUT_04791
0,0,0,OUT_04792
2,0,0,OUT_04793
0,0,0,OUT_04794
1,0,1,OUT_04795
1,0,4,OUT_04796
0,0,0,OUT_04797
0,0,0,OUT_04798
2,0,2,OUT_04799
0,0,0,OUT_04800
1,0,3,OUT_04801
3,1,0,OUT_04802
2,2,14,OUT_04803
1,0,0,OUT_04804
1,1,1,OUT_04805
0,0,0,OUT_04806
5,1,0,OUT_04807
2,3,10,OUT_04808
0,0,0,OUT_04809
0,0,0,OUT_04810
0,0,0,OUT_04811
3,1,1,OUT_04812
2,0,0,OUT_04813
0,0,0,OUT_04814
0,0,1,OUT_04815
0,0,0,OUT_04816
23,4,13,OUT_04817
0,0,0,OUT_04818
0,0,0,OUT_04819
0,0,1,OUT_04820
0,0,0,OUT_04821
0,0,0,OUT_04822
0,0,0,OUT_04823
0,0,0,OUT_04824
0,0,0,OUT_04825
1,0,0,OUT_04826
0,0,0,OUT_04827
0,0,0,OUT_04828
0,0,0,OUT_04829
0,0,7,OUT_04830
0,0,0,OUT_04831
0,0,0,OUT_04832
3,3,6,OUT_04833
0,0,0,OUT_04834
1,0,0,OUT_04835
14,0,13,OUT_04836
0,0,1,OUT_04837
0,0,0,OUT_04838
0,0,0,OUT_04839
0,0,0,OUT_04840
0,0,0,OUT_04841
0,0,1,OUT_04842
1,0,0,OUT_04843
0,0,0,OUT_04844
0,0,0,OUT_04845
29,8,10,OUT_04846
0,0,0,OUT_04847
1,0,0,OUT_04848
0,0,0,OUT_04849
0,0,0,OUT_04850
0,0,0,OUT_04851
0,1,0,OUT_04852
0,0,0,OUT_04853
0,0,0,OUT_04854
0,0,0,OUT_04855
1,0,0,OUT_04856
0,0,0,OUT_04857
0,0,0,OUT_04858
0,0,0,OUT_04859
0,0,0,OUT_04860
0,0,0,OUT_04861
1,0,0,OUT_04862
0,0,0,OUT_04863
0,0,0,OUT_04864
2,1,0,OUT_04865
4,0,0,OUT_04866
7,0,6,OUT_04867
0,0,0,OUT_04868
0,0,0,OUT_04869
0,0,0,OUT_04870
2,2,6,OUT_04871
0,0,10,OUT_04872
0,0,0,OUT_04873
0,0,0,OUT_04874
1,1,0,OUT_04875
0,0,0,OUT_04876
3,0,0,OUT_04877
0,0,0,OUT_04878
2,0,0,OUT_04879
0,0,11,OUT_04880
0,0,0,OUT_04881
0,0,0,OUT_04882
0,0,0,OUT_04883
5,1,0,OUT_04884
0,0,0,OUT_04885
1,0,0,OUT_04886
0,0,0,OUT_04887
22,8,23,OUT_04888
0,1,14,OUT_04889
0,0,0,OUT_04890
0,0,0,OUT_04891
0,0,0,OUT_04892
0,0,0,OUT_04893
0,0,0,OUT_04894
0,0,0,OUT_04895
0,0,0,OUT_04896
5,0,9,OUT_04897
0,0,0,OUT_04898
1,0,0,OUT_04899
0,0,0,OUT_04900
0,0,0,OUT_04901
0,0,0,OUT_04902
7,3,23,OUT_04903
0,0,0,OUT_04904
0,0,0,OUT_04905
3,0,0,OUT_04906
1,0,0,OUT_04907
1,1,0,OUT_04908
0,0,1,OUT_04909
1,1,0,OUT_04910
0,0,0,OUT_04911
0,0,0,OUT_04912
0,0,0,OUT_04913
0,0,0,OUT_04914
0,0,0,OUT_04915
0,0,0,OUT_04916
0,1,0,OUT_04917
0,0,0,OUT_04918
0,0,0,OUT_04919
0,0,0,OUT_04920
0,0,0,OUT_04921
0,0,0,OUT_04922
0,2,0,OUT_04923
0,0,0,OUT_04924
0,0,0,OUT_04925
0,0,0,OUT_04926
0,0,4,OUT_04927
1,2,8,OUT_04928
0,0,1,OUT_04929
0,0,0,OUT_04930
3,0,0,OUT_04931
0,0,3,OUT_04932
0,0,0,OUT_04933
1,0,2,OUT_04934
0,0,0,OUT_04935
1,1,0,OUT_04936
0,0,0,OUT_04937
2,1,4,OUT_04938
15,10,25,OUT_04939
0,0,0,OUT_04940
0,0,3,OUT_04941
0,0,1,OUT_04942
0,0,0,OUT_04943
1,0,0,OUT_04944
0,0,0,OUT_04945
0,0,0,OUT_04946
0,0,0,OUT_04947
0,0,0,OUT_04948
0,0,0,OUT_04949
0,0,3,OUT_04950
3,0,0,OUT_04951
0,0,0,OUT_04952
0,0,0,OUT_04953
0,0,0,OUT_04954
0,0,4,OUT_04955
0,0,0,OUT_04956
0,0,0,OUT_04957
0,0,0,OUT_04958
0,0,0,OUT_04959
0,0,0,OUT_04960
1,0,0,OUT_04961
1,0,0,OUT_04962
0,1,1,OUT_04963
1,0,0,OUT_04964
0,0,0,OUT_04965
1,0,0,OUT_04966
0,0,5,OUT_04967
0,0,0,OUT_04968
0,0,0,OUT_04969
0,0,0,OUT_04970
3,1,0,OUT_04971
0,0,0,OUT_04972
0,0,0,OUT_04973
0,0,0,OUT_04974
0,0,0,OUT_04975
1,0,0,OUT_04976
1,0,1,OUT_04977
0,0,0,OUT_04978
0,0,0,OUT_04979
3,1,0,OUT_04980
0,0,0,OUT_04981
0,0,0,OUT_04982
0,0,0,OUT_04983
1,0,0,OUT_04984
0,0,0,OUT_04985
0,0,0,OUT_04986
3,1,3,OUT_04987
0,0,0,OUT_04988
0,0,0,OUT_04989
0,0,0,OUT_04990
0,0,1,OUT_04991
0,0,0,OUT_04992
0,0,0,OUT_04993
0,0,0,OUT_04994
0,0,0,OUT_04995
0,0,0,OUT_04996
1,0,6,OUT_04997
2,0,0,OUT_04998
2,1,0,OUT_04999
0,1,0,OUT_05000
0,0,0,OUT_05001
0,0,0,OUT_05002
3,3,0,OUT_05003
13,4,11,OUT_05004
15,2,11,OUT_05005
0,0,0,OUT_05006
0,0,0,OUT_05007
0,0,0,OUT_05008
0,0,1,OUT_05009
0,0,1,OUT_05010
1,0,0,OUT_05011
0,0,0,OUT_05012
1,0,2,OUT_05013
3,0,0,OUT_05014
0,0,0,OUT_05015
0,0,0,OUT_05016
0,0,0,OUT_05017
0,0,0,OUT_05018
2,1,1,OUT_05019
0,0,0,OUT_05020
0,0,0,OUT_05021
7,4,7,OUT_05022
2,0,14,OUT_05023
1,0,1,OUT_05024
29,4,13,OUT_05025
0,0,0,OUT_05026
0,0,0,OUT_05027
0,0,0,OUT_05028
14,4,13,OUT_05029
1,0,0,OUT_05030
0,0,0,OUT_05031
1,0,0,OUT_05032
1,0,1,OUT_05033
0,0,1,OUT_05034
0,0,0,OUT_05035
1,0,0,OUT_05036
2,0,6,OUT_05037
2,0,0,OUT_05038
0,0,10,OUT_05039
0,0,0,OUT_05040
0,0,0,OUT_05041
0,0,0,OUT_05042
0,0,0,OUT_05043
0,0,0,OUT_05044
0,0,0,OUT_05045
0,0,0,OUT_05046
2,0,3,OUT_05047
0,0,0,OUT_05048
0,0,1,OUT_05049
0,0,0,OUT_05050
4,0,4,OUT_05051
0,0,0,OUT_05052
0,0,0,OUT_05053
0,0,0,OUT_05054
0,0,0,OUT_05055
2,4,8,OUT_05056
1,0,2,OUT_05057
0,0,0,OUT_05058
0,0,0,OUT_05059
0,0,2,OUT_05060
0,0,3,OUT_05061
0,0,1,OUT_05062
1,0,0,OUT_05063
0,0,0,OUT_05064
0,0,0,OUT_05065
2,0,0,OUT_05066
0,0,0,OUT_05067
0,0,0,OUT_05068
1,1,13,OUT_05069
0,0,0,OUT_05070
2,0,8,OUT_05071
9,3,9,OUT_05072
1,0,2,OUT_05073
0,0,9,OUT_05074
1,0,0,OUT_05075
0,0,6,OUT_05076
0,0,0,OUT_05077
0,1,0,OUT_05078
0,0,1,OUT_05079
0,0,0,OUT_05080
0,0,0,OUT_05081
0,0,0,OUT_05082
0,0,0,OUT_05083
0,0,4,OUT_05084
0,0,0,OUT_05085
0,0,0,OUT_05086
0,0,4,OUT_05087
2,1,0,OUT_05088
0,0,0,OUT_05089
0,0,0,OUT_05090
1,0,1,OUT_05091
0,0,0,OUT_05092
1,0,1,OUT_05093
0,0,0,OUT_05094
0,0,7,OUT_05095
3,3,0,OUT_05096
0,0,0,OUT_05097
0,0,1,OUT_05098
1,0,5,OUT_05099
0,0,0,OUT_05100
0,0,0,OUT_05101
0,0,0,OUT_05102
0,0,0,OUT_05103
2,0,0,OUT_05104
0,0,0,OUT_05105
0,0,0,OUT_05106
2,0,0,OUT_05107
0,0,0,OUT_05108
1,0,0,OUT_05109
0,0,0,OUT_05110
0,0,0,OUT_05111
0,0,0,OUT_05112
0,0,0,OUT_05113
1,0,4,OUT_05114
0,0,0,OUT_05115
1,0,1,OUT_05116
4,1,0,OUT_05117
0,0,0,OUT_05118
0,0,0,OUT_05119
0,0,0,OUT_05120
0,0,0,OUT_05121
0,0,0,OUT_05122
0,0,0,OUT_05123
0,0,1,OUT_05124
0,0,0,OUT_05125
0,0,0,OUT_05126
0,0,0,OUT_05127
0,0,0,OUT_05128
7,0,0,OUT_05129
0,0,0,OUT_05130
0,0,0,OUT_05131
0,0,0,OUT_05132
1,0,0,OUT_05133
6,2,6,OUT_05134
4,0,0,OUT_05135
0,0,0,OUT_05136
0,0,0,OUT_05137
0,0,1,OUT_05138
3,1,0,OUT_05139
2,0,0,OUT_05140
1,0,2,OUT_05141
0,0,0,OUT_05142
1,0,0,OUT_05143
0,0,0,OUT_05144
0,0,0,OUT_05145
0,0,0,OUT_05146
0,0,0,OUT_05147
1,0,0,OUT_05148
1,0,0,OUT_05149
0,0,0,OUT_05150
0,0,0,OUT_05151
0,0,0,OUT_05152
1,0,0,OUT_05153
0,0,0,OUT_05154
0,0,0,OUT_05155
1,0,0,OUT_05156
0,0,0,OUT_05157
0,0,0,OUT_05158
4,0,9,OUT_05159
0,0,0,OUT_05160
1,0,0,OUT_05161
0,0,0,OUT_05162
0,0,0,OUT_05163
1,0,0,OUT_05164
0,0,0,OUT_05165
0,0,5,OUT_05166
0,0,0,OUT_05167
10,0,7,OUT_05168
0,0,0,OUT_05169
2,0,4,OUT_05170
0,0,0,OUT_05171
0,0,0,OUT_05172
0,0,0,OUT_05173
0,0,0,OUT_05174
0,0,0,OUT_05175
1,0,3,OUT_05176
0,0,0,OUT_05177
0,0,1,OUT_05178
0,0,0,OUT_05179
1,0,0,OUT_05180
0,0,0,OUT_05181
1,0,0,OUT_05182
0,0,0,OUT_05183
0,0,0,OUT_05184
5,0,0,OUT_05185
0,0,0,OUT_05186
0,0,1,OUT_05187
0,0,0,OUT_05188
2,3,4,OUT_05189
2,0,0,OUT_05190
0,0,0,OUT_05191
0,0,0,OUT_05192
0,0,0,OUT_05193
0,0,0,OUT_05194
0,0,0,OUT_05195
1,0,0,OUT_05196
0,0,0,OUT_05197
9,4,8,OUT_05198
0,0,0,OUT_05199
0,0,0,OUT_05200
1,0,0,OUT_05201
0,0,3,OUT_05202
0,0,0,OUT_05203
0,0,0,OUT_05204
2,1,0,OUT_05205
0,0,0,OUT_05206
0,0,0,OUT_05207
0,0,0,OUT_05208
2,0,0,OUT_05209
0,0,0,OUT_05210
1,0,1,OUT_05211
0,0,1,OUT_05212
0,0,0,OUT_05213
0,1,1,OUT_05214
1,1,0,OUT_05215
0,1,0,OUT_05216
0,0,0,OUT_05217
0,0,0,OUT_05218
0,0,0,OUT_05219
4,3,6,OUT_05220
0,0,4,OUT_05221
0,0,0,OUT_05222
0,0,0,OUT_05223
0,0,0,OUT_05224
0,0,0,OUT_05225
0,0,0,OUT_05226
0,0,0,OUT_05227
0,0,0,OUT_05228
1,0,0,OUT_05229
3,0,0,OUT_05230
1,0,0,OUT_05231
0,0,0,OUT_05232
5,1,1,OUT_05233
0,0,0,OUT_05234
0,0,0,OUT_05235
0,0,1,OUT_05236
0,0,0,OUT_05237
2,0,0,OUT_05238
0,0,9,OUT_05239
0,0,0,OUT_05240
0,0,0,OUT_05241
0,0,0,OUT_05242
0,0,7,OUT_05243
0,0,0,OUT_05244
1,0,17,OUT_05245
0,0,8,OUT_05246
0,0,0,OUT_05247
12,3,13,OUT_05248
0,0,0,OUT_05249
2,1,5,OUT_05250
0,0,0,OUT_05251
1,0,0,OUT_05252
5,0,0,OUT_05253
0,0,0,OUT_05254
0,0,0,OUT_05255
0,0,4,OUT_05256
0,0,0,OUT_05257
1,2,13,OUT_05258
0,0,0,OUT_05259
0,0,0,OUT_05260
0,0,0,OUT_05261
0,0,0,OUT_05262
0,0,0,OUT_05263
0,0,0,OUT_05264
0,0,0,OUT_05265
0,0,0,OUT_05266
0,0,0,OUT_05267
0,0,0,OUT_05268
1,0,0,OUT_05269
3,0,20,OUT_05270
0,0,0,OUT_05271
0,0,0,OUT_05272
0,0,0,OUT_05273
1,0,0,OUT_05274
0,0,0,OUT_05275
0,0,0,OUT_05276
0,0,0,OUT_05277
0,0,0,OUT_05278
0,0,0,OUT_05279
0,0,0,OUT_05280
1,1,4,OUT_05281
0,0,0,OUT_05282
0,0,0,OUT_05283
0,0,0,OUT_05284
0,0,0,OUT_05285
0,0,7,OUT_05286
0,0,5,OUT_05287
0,0,0,OUT_05288
0,0,0,OUT_05289
0,0,0,OUT_05290
0,0,0,OUT_05291
0,0,0,OUT_05292
0,0,0,OUT_05293
0,0,0,OUT_05294
0,0,0,OUT_05295
0,0,0,OUT_05296
0,0,0,OUT_05297
0,0,0,OUT_05298
0,0,0,OUT_05299
0,1,0,OUT_05300
0,0,0,OUT_05301
0,1,0,OUT_05302
8,1,7,OUT_05303
1,2,1,OUT_05304
0,0,0,OUT_05305
0,0,7,OUT_05306
0,0,0,OUT_05307
0,0,0,OUT_05308
0,0,0,OUT_05309
2,0,1,OUT_05310
0,0,0,OUT_05311
1,1,0,OUT_05312
6,0,7,OUT_05313
0,0,3,OUT_05314
0,0,0,OUT_05315
0,0,0,OUT_05316
0,0,0,OUT_05317
0,0,0,OUT_05318
0,0,0,OUT_05319
0,0,0,OUT_05320
0,0,0,OUT_05321
0,0,0,OUT_05322
1,0,0,OUT_05323
0,0,0,OUT_05324
0,0,0,OUT_05325
0,0,0,OUT_05326
1,0,0,OUT_05327
0,0,0,OUT_05328
1,0,0,OUT_05329
0,0,0,OUT_05330
0,0,0,OUT_05331
0,0,0,OUT_05332
2,0,10,OUT_05333
0,0,0,OUT_05334
1,0,11,OUT_05335
0,0,0,OUT_05336
0,0,0,OUT_05337
0,0,2,OUT_05338
1,0,1,OUT_05339
0,0,0,OUT_05340
0,0,0,OUT_05341
0,0,3,OUT_05342
0,0,0,OUT_05343
0,0,0,OUT_05344
1,1,0,OUT_05345
0,0,0,OUT_05346
3,2,5,OUT_05347
0,0,0,OUT_05348
0,0,0,OUT_05349
0,0,0,OUT_05350
0,0,0,OUT_05351
0,0,0,OUT_05352
0,0,0,OUT_05353
3,1,2,OUT_05354
0,0,0,OUT_05355
0,1,0,OUT_05356
0,0,0,OUT_05357
2,0,0,OUT_05358
0,0,0,OUT_05359
0,0,0,OUT_05360
0,0,0,OUT_05361
0,0,0,OUT_05362
1,0,0,OUT_05363
0,0,0,OUT_05364
2,0,0,OUT_05365
0,0,0,OUT_05366
0,0,0,OUT_05367
1,0,0,OUT_05368
4,1,0,OUT_05369
0,0,0,OUT_05370
0,0,0,OUT_05371
0,2,3,OUT_05372
1,0,0,OUT_05373
1,0,0,OUT_05374
1,1,0,OUT_05375
1,0,9,OUT_05376
0,0,1,OUT_05377
1,0,4,OUT_05378
1,2,0,OUT_05379
0,0,0,OUT_05380
0,0,1,OUT_05381
0,0,1,OUT_05382
0,0,0,OUT_05383
1,0,18,OUT_05384
0,0,0,OUT_05385
0,0,1,OUT_05386
0,0,4,OUT_05387
0,0,0,OUT_05388
0,0,0,OUT_05389
0,0,0,OUT_05390
0,0,0,OUT_05391
0,0,0,OUT_05392
0,0,0,OUT_05393
0,0,0,OUT_05394
0,0,0,OUT_05395
0,0,0,OUT_05396
0,0,0,OUT_05397
1,0,0,OUT_05398
0,0,0,OUT_05399
0,0,0,OUT_05400
0,0,0,OUT_05401
1,0,1,OUT_05402
0,0,0,OUT_05403
0,0,0,OUT_05404
1,0,6,OUT_05405
16,1,15,OUT_05406
0,0,0,OUT_05407
0,0,0,OUT_05408
1,0,0,OUT_05409
1,0,0,OUT_05410
1,0,0,OUT_05411
0,0,0,OUT_05412
0,0,4,OUT_05413
2,0,0,OUT_05414
1,0,0,OUT_05415
1,0,1,OUT_05416
0,0,0,OUT_05417
0,0,0,OUT_05418
0,0,0,OUT_05419
0,1,0,OUT_05420
0,0,0,OUT_05421
0,0,0,OUT_05422
0,0,0,OUT_05423
0,0,0,OUT_05424
1,0,0,OUT_05425
0,0,0,OUT_05426
1,0,0,OUT_05427
1,0,8,OUT_05428
0,0,0,OUT_05429
11,1,5,OUT_05430
0,0,0,OUT_05431
1,0,3,OUT_05432
1,0,6,OUT_05433
0,0,0,OUT_05434
2,0,0,OUT_05435
1,0,0,OUT_05436
0,0,0,OUT_05437
0,0,1,OUT_05438
0,0,0,OUT_05439
0,0,0,OUT_05440
0,0,0,OUT_05441
0,0,0,OUT_05442
0,0,0,OUT_05443
0,0,0,OUT_05444
0,0,0,OUT_05445
0,0,0,OUT_05446
0,0,0,OUT_05447
1,0,0,OUT_05448
1,1,4,OUT_05449
1,0,0,OUT_05450
0,0,0,OUT_05451
0,0,0,OUT_05452
0,0,0,OUT_05453
0,0,0,OUT_05454
17,1,24,OUT_05455
0,0,0,OUT_05456
0,0,1,OUT_05457
0,0,1,OUT_05458
1,0,0,OUT_05459
0,0,0,OUT_05460
0,0,0,OUT_05461
0,0,3,OUT_05462
0,0,0,OUT_05463
0,0,0,OUT_05464
0,0,0,OUT_05465
0,0,0,OUT_05466
1,0,0,OUT_05467
1,0,0,OUT_05468
0,0,0,OUT_05469
0,0,6,OUT_05470
3,1,0,OUT_05471
0,1,13,OUT_05472
0,0,0,OUT_05473
0,0,0,OUT_05474
0,0,0,OUT_05475
0,0,2,OUT_05476
1,0,0,OUT_05477
0,0,7,OUT_05478
0,0,0,OUT_05479
0,0,0,OUT_05480
0,0,0,OUT_05481
0,0,0,OUT_05482
0,0,0,OUT_05483
1,2,2,OUT_05484
0,0,0,OUT_05485
0,0,0,OUT_05486
0,0,0,OUT_05487
0,0,0,OUT_05488
0,0,1,OUT_05489
0,0,0,OUT_05490
1,0,0,OUT_05491
1,0,4,OUT_05492
1,0,0,OUT_05493
0,0,0,OUT_05494
0,0,0,OUT_05495
0,0,0,OUT_05496
0,0,2,OUT_05497
0,0,0,OUT_05498
0,0,3,OUT_05499
0,0,0,OUT_05500
0,0,0,OUT_05501
0,0,0,OUT_05502
0,0,0,OUT_05503
0,0,0,OUT_05504
0,0,0,OUT_05505
1,0,0,OUT_05506
0,0,0,OUT_05507
0,0,4,OUT_05508
0,0,0,OUT_05509
0,0,0,OUT_05510
0,0,0,OUT_05511
2,1,0,OUT_05512
0,0,0,OUT_05513
0,0,0,OUT_05514
0,0,0,OUT_05515
0,0,0,OUT_05516
0,0,0,OUT_05517
0,0,0,OUT_05518
0,0,0,OUT_05519
0,0,0,OUT_05520
0,0,0,OUT_05521
9,1,18,OUT_05522
0,1,7,OUT_05523
0,0,0,OUT_05524
0,0,0,OUT_05525
0,0,0,OUT_05526
0,1,0,OUT_05527
0,0,0,OUT_05528
0,0,2,OUT_05529
1,0,0,OUT_05530
1,1,0,OUT_05531
1,2,0,OUT_05532
0,0,0,OUT_05533
0,0,0,OUT_05534
0,0,0,OUT_05535
1,0,0,OUT_05536
0,0,2,OUT_05537
0,0,0,OUT_05538
0,0,2,OUT_05539
14,2,14,OUT_05540
2,3,4,OUT_05541
0,0,0,OUT_05542
0,0,1,OUT_05543
2,1,0,OUT_05544
0,0,0,OUT_05545
0,0,0,OUT_05546
0,0,0,OUT_05547
0,0,0,OUT_05548
0,0,0,OUT_05549
0,0,0,OUT_05550
0,0,0,OUT_05551
2,0,1,OUT_05552
0,0,0,OUT_05553
0,0,0,OUT_05554
0,0,0,OUT_05555
1,0,0,OUT_05556
0,0,0,OUT_05557
1,1,0,OUT_05558
0,0,0,OUT_05559
0,0,0,OUT_05560
1,0,0,OUT_05561
0,0,0,OUT_05562
1,0,2,OUT_05563
0,0,0,OUT_05564
0,0,0,OUT_05565
0,0,0,OUT_05566
1,0,3,OUT_05567
1,0,0,OUT_05568
0,0,0,OUT_05569
1,0,0,OUT_05570
1,1,0,OUT_05571
2,0,12,OUT_05572
0,0,0,OUT_05573
0,0,0,OUT_05574
4,0,3,OUT_05575
0,0,0,OUT_05576
1,0,0,OUT_05577
0,0,0,OUT_05578
0,0,0,OUT_05579
0,0,0,OUT_05580
0,0,0,OUT_05581
1,0,1,OUT_05582
0,0,0,OUT_05583
0,0,0,OUT_05584
0,0,0,OUT_05585
0,0,0,OUT_05586
0,0,0,OUT_05587
0,0,0,OUT_05588
0,0,0,OUT_05589
1,0,0,OUT_05590
1,0,0,OUT_05591
2,0,0,OUT_05592
0,0,0,OUT_05593
0,0,0,OUT_05594
0,1,1,OUT_05595
1,0,0,OUT_05596
0,0,0,OUT_05597
0,0,0,OUT_05598
0,0,0,OUT_05599
0,0,0,OUT_05600
0,0,0,OUT_05601
0,0,0,OUT_05602
0,0,1,OUT_05603
0,0,0,OUT_05604
0,0,0,OUT_05605
0,0,10,OUT_05606
0,0,0,OUT_05607
0,0,0,OUT_05608
0,1,0,OUT_05609
0,0,4,OUT_05610
0,0,0,OUT_05611
1,2,0,OUT_05612
0,0,0,OUT_05613
0,0,1,OUT_05614
0,0,2,OUT_05615
1,0,0,OUT_05616
0,0,0,OUT_05617
0,0,1,OUT_05618
1,0,0,OUT_05619
0,0,0,OUT_05620
0,0,0,OUT_05621
0,0,0,OUT_05622
21,4,15,OUT_05623
0,0,0,OUT_05624
0,1,3,OUT_05625
1,1,0,OUT_05626
0,0,0,OUT_05627
1,0,0,OUT_05628
0,0,0,OUT_05629
0,0,0,OUT_05630
1,0,3,OUT_05631
0,0,0,OUT_05632
6,3,10,OUT_05633
0,0,0,OUT_05634
1,0,0,OUT_05635
0,0,0,OUT_05636
2,0,2,OUT_05637
0,0,0,OUT_05638
0,0,0,OUT_05639
0,0,0,OUT_05640
0,0,0,OUT_05641
0,0,0,OUT_05642
0,0,0,OUT_05643
3,0,2,OUT_05644
0,0,0,OUT_05645
0,0,0,OUT_05646
7,1,8,OUT_05647
1,0,1,OUT_05648
0,0,0,OUT_05649
0,0,0,OUT_05650
0,0,1,OUT_05651
0,0,2,OUT_05652
0,0,0,OUT_05653
1,0,0,OUT_05654
0,0,0,OUT_05655
7,3,5,OUT_05656
0,0,2,OUT_05657
2,0,0,OUT_05658
0,0,0,OUT_05659
1,0,0,OUT_05660
1,0,3,OUT_05661
0,0,0,OUT_05662
0,0,0,OUT_05663
0,0,0,OUT_05664
0,0,0,OUT_05665
2,0,0,OUT_05666
6,1,15,OUT_05667
0,0,1,OUT_05668
1,0,0,OUT_05669
0,1,0,OUT_05670
0,0,0,OUT_05671
2,0,8,OUT_05672
1,0,0,OUT_05673
0,0,0,OUT_05674
0,0,0,OUT_05675
0,0,0,OUT_05676
0,0,0,OUT_05677
1,1,0,OUT_05678
0,0,0,OUT_05679
0,0,0,OUT_05680
0,1,0,OUT_05681
0,0,0,OUT_05682
0,0,0,OUT_05683
0,0,0,OUT_05684
1,0,0,OUT_05685
0,0,0,OUT_05686
0,0,1,OUT_05687
0,0,0,OUT_05688
0,0,0,OUT_05689
0,0,0,OUT_05690
3,0,7,OUT_05691
5,1,0,OUT_05692
0,0,0,OUT_05693
0,0,4,OUT_05694
0,0,0,OUT_05695
3,1,12,OUT_05696
0,0,0,OUT_05697
0,0,0,OUT_05698
0,0,0,OUT_05699
0,0,0,OUT_05700
0,0,0,OUT_05701
1,0,10,OUT_05702
0,0,0,OUT_05703
0,0,0,OUT_05704
2,0,1,OUT_05705
0,0,4,OUT_05706
0,0,0,OUT_05707
0,0,0,OUT_05708
1,0,0,OUT_05709
0,0,0,OUT_05710
0,0,4,OUT_05711
4,1,0,OUT_05712
0,0,0,OUT_05713
3,1,4,OUT_05714
0,0,0,OUT_05715
0,0,0,OUT_05716
0,0,0,OUT_05717
0,0,0,OUT_05718
1,0,0,OUT_05719
0,0,0,OUT_05720
0,0,0,OUT_05721
0,0,0,OUT_05722
0,0,0,OUT_05723
0,0,0,OUT_05724
2,1,1,OUT_05725
0,0,0,OUT_05726
0,0,0,OUT_05727
0,0,0,OUT_05728
0,0,0,OUT_05729
0,0,0,OUT_05730
0,0,0,OUT_05731
0,0,0,OUT_05732
0,0,0,OUT_05733
0,0,0,OUT_05734
1,0,4,OUT_05735
11,0,12,OUT_05736
1,0,0,OUT_05737
0,0,0,OUT_05738
0,1,0,OUT_05739
0,0,0,OUT_05740
0,0,0,OUT_05741
0,0,0,OUT_05742
0,0,0,OUT_05743
0,0,0,OUT_05744
0,0,0,OUT_05745
0,0,0,OUT_05746
0,0,1,OUT_05747
0,0,0,OUT_05748
0,0,0,OUT_05749
0,0,0,OUT_05750
3,0,1,OUT_05751
0,0,0,OUT_05752
1,0,0,OUT_05753
1,1,3,OUT_05754
1,1,1,OUT_05755
4,4,6,OUT_05756
1,0,6,OUT_05757
2,0,3,OUT_05758
13,4,20,OUT_05759
0,0,0,OUT_05760
0,0,1,OUT_05761
0,0,0,OUT_05762
1,0,1,OUT_05763
0,0,0,OUT_05764
0,0,0,OUT_05765
0,0,1,OUT_05766
0,0,0,OUT_05767
0,0,0,OUT_05768
0,0,0,OUT_05769
0,0,0,OUT_05770
2,0,1,OUT_05771
0,0,0,OUT_05772
1,0,0,OUT_05773
0,0,0,OUT_05774
0,0,0,OUT_05775
1,0,4,OUT_05776
0,0,0,OUT_05777
12,0,13,OUT_05778
0,0,3,OUT_05779
0,0,0,OUT_05780
2,0,0,OUT_05781
2,1,21,OUT_05782
0,0,0,OUT_05783
0,0,0,OUT_05784
1,0,0,OUT_05785
2,0,1,OUT_05786
0,0,0,OUT_05787
0,0,0,OUT_05788
0,0,0,OUT_05789
0,0,0,OUT_05790
0,1,0,OUT_05791
0,0,0,OUT_05792
0,0,0,OUT_05793
1,0,0,OUT_05794
0,0,1,OUT_05795
0,0,0,OUT_05796
0,0,0,OUT_05797
0,0,0,OUT_05798
1,0,3,OUT_05799
0,0,0,OUT_05800
0,0,0,OUT_05801
0,0,0,OUT_05802
2,0,0,OUT_05803
11,0,14,OUT_05804
1,0,0,OUT_05805
1,0,0,OUT_05806
0,0,0,OUT_05807
1,0,2,OUT_05808
0,0,0,OUT_05809
0,0,0,OUT_05810
1,0,0,OUT_05811
1,0,0,OUT_05812
0,0,0,OUT_05813
0,0,0,OUT_05814
2,0,2,OUT_05815
0,0,0,OUT_05816
1,0,0,OUT_05817
0,0,0,OUT_05818
0,0,0,OUT_05819
0,0,3,OUT_05820
0,0,0,OUT_05821
0,0,0,OUT_05822
0,0,0,OUT_05823
0,0,0,OUT_05824
0,0,0,OUT_05825
0,0,0,OUT_05826
0,0,0,OUT_05827
0,0,4,OUT_05828
1,0,18,OUT_05829
0,0,0,OUT_05830
0,0,0,OUT_05831
1,0,4,OUT_05832
0,0,1,OUT_05833
0,2,7,OUT_05834
0,0,0,OUT_05835
0,0,0,OUT_05836
2,0,0,OUT_05837
1,0,3,OUT_05838
0,0,1,OUT_05839
3,0,1,OUT_05840
1,0,2,OUT_05841
0,0,0,OUT_05842
2,0,0,OUT_05843
1,1,0,OUT_05844
8,0,2,OUT_05845
0,1,0,OUT_05846
0,0,0,OUT_05847
1,0,2,OUT_05848
0,0,0,OUT_05849
0,0,6,OUT_05850
1,0,0,OUT_05851
1,0,16,OUT_05852
0,0,0,OUT_05853
0,0,0,OUT_05854
2,0,0,OUT_05855
0,0,0,OUT_05856
0,0,0,OUT_05857
0,0,0,OUT_05858
0,0,0,OUT_05859
0,0,0,OUT_05860
0,0,0,OUT_05861
0,0,1,OUT_05862
1,0,0,OUT_05863
0,0,0,OUT_05864
0,0,0,OUT_05865
1,0,6,OUT_05866
0,0,0,OUT_05867
0,0,0,OUT_05868
2,0,0,OUT_05869
0,0,0,OUT_05870
0,0,0,OUT_05871
0,0,0,OUT_05872
0,0,0,OUT_05873
0,0,0,OUT_05874
0,0,0,OUT_05875
0,0,0,OUT_05876
3,1,1,OUT_05877
0,0,0,OUT_05878
0,0,0,OUT_05879
0,0,0,OUT_05880
0,0,0,OUT_05881
2,0,8,OUT_05882
0,0,0,OUT_05883
1,0,0,OUT_05884
2,3,7,OUT_05885
0,0,0,OUT_05886
1,1,12,OUT_05887
1,0,5,OUT_05888
0,1,3,OUT_05889
0,0,0,OUT_05890
0,0,0,OUT_05891
0,0,0,OUT_05892
0,0,0,OUT_05893
2,0,0,OUT_05894
0,0,0,OUT_05895
0,0,0,OUT_05896
0,0,0,OUT_05897
0,0,0,OUT_05898
2,0,0,OUT_05899
0,0,0,OUT_05900
0,0,0,OUT_05901
0,0,0,OUT_05902
3,0,2,OUT_05903
0,0,0,OUT_05904
1,0,0,OUT_05905
0,0,3,OUT_05906
0,0,0,OUT_05907
1,1,0,OUT_05908
0,0,0,OUT_05909
1,1,4,OUT_05910
0,0,0,OUT_05911
2,0,0,OUT_05912
0,0,0,OUT_05913
4,0,25,OUT_05914
1,0,0,OUT_05915
1,0,0,OUT_05916
0,0,0,OUT_05917
0,1,1,OUT_05918
1,0,0,OUT_05919
0,0,0,OUT_05920
2,0,0,OUT_05921
0,0,0,OUT_05922
0,0,0,OUT_05923
0,0,0,OUT_05924
0,0,0,OUT_05925
1,0,0,OUT_05926
0,0,0,OUT_05927
2,1,0,OUT_05928
0,0,0,OUT_05929
0,0,0,OUT_05930
0,0,0,OUT_05931
0,0,0,OUT_05932
0,0,0,OUT_05933
1,1,0,OUT_05934
0,0,0,OUT_05935
1,0,0,OUT_05936
1,0,1,OUT_05937
0,0,0,OUT_05938
0,0,3,OUT_05939
0,0,0,OUT_05940
4,1,0,OUT_05941
1,0,0,OUT_05942
0,0,1,OUT_05943
1,0,0,OUT_05944
0,0,0,OUT_05945
0,0,0,OUT_05946
0,0,0,OUT_05947
1,0,4,OUT_05948
0,0,0,OUT_05949
0,0,0,OUT_05950
0,0,1,OUT_05951
0,0,0,OUT_05952
0,0,0,OUT_05953
0,0,1,OUT_05954
0,0,0,OUT_05955
0,0,1,OUT_05956
3,1,0,OUT_05957
0,0,0,OUT_05958
0,0,0,OUT_05959
0,0,0,OUT_05960
0,0,0,OUT_05961
0,0,0,OUT_05962
0,0,0,OUT_05963
0,0,0,OUT_05964
1,0,0,OUT_05965
0,0,1,OUT_05966
0,0,0,OUT_05967
7,0,6,OUT_05968
0,0,0,OUT_05969
0,0,0,OUT_05970
0,0,0,OUT_05971
1,0,0,OUT_05972
0,0,0,OUT_05973
0,0,0,OUT_05974
0,0,0,OUT_05975
0,0,0,OUT_05976
0,0,0,OUT_05977
0,0,8,OUT_05978
0,0,0,OUT_05979
1,0,0,OUT_05980
0,0,3,OUT_05981
2,0,0,OUT_05982
0,0,0,OUT_05983
13,1,14,OUT_05984
0,0,0,OUT_05985
0,0,0,OUT_05986
3,0,0,OUT_05987
8,4,4,OUT_05988
0,0,0,OUT_05989
0,0,3,OUT_05990
0,0,2,OUT_05991
0,0,0,OUT_05992
1,0,0,OUT_05993
1,0,4,OUT_05994
0,0,0,OUT_05995
0,0,0,OUT_05996
0,0,4,OUT_05997
0,0,0,OUT_05998
0,0,0,OUT_05999
0,0,0,OUT_06000
0,0,0,OUT_06001
0,0,0,OUT_06002
0,0,0,OUT_06003
1,0,0,OUT_06004
0,0,0,OUT_06005
0,0,0,OUT_06006
3,3,8,OUT_06007
1,0,0,OUT_06008
0,1,1,OUT_06009
0,0,7,OUT_06010
0,0,0,OUT_06011
0,0,0,OUT_06012
0,0,0,OUT_06013
0,0,0,OUT_06014
2,0,0,OUT_06015
1,0,0,OUT_06016
1,0,5,OUT_06017
0,0,0,OUT_06018
0,0,0,OUT_06019
0,0,0,OUT_06020
0,0,0,OUT_06021
0,0,0,OUT_06022
1,0,0,OUT_06023
9,3,8,OUT_06024
0,0,0,OUT_06025
2,1,0,OUT_06026
1,0,7,OUT_06027
0,0,0,OUT_06028
1,0,1,OUT_06029
0,0,0,OUT_06030
0,0,0,OUT_06031
0,1,0,OUT_06032
0,0,0,OUT_06033
0,0,0,OUT_06034
0,0,0,OUT_06035
0,0,0,OUT_06036
0,0,0,OUT_06037
0,0,0,OUT_06038
0,0,0,OUT_06039
0,0,0,OUT_06040
0,0,0,OUT_06041
0,0,0,OUT_06042
0,0,0,OUT_06043
0,0,0,OUT_06044
18,0,8,OUT_06045
1,0,0,OUT_06046
0,0,0,OUT_06047
1,0,0,OUT_06048
2,0,0,OUT_06049
0,0,0,OUT_06050
0,0,0,OUT_06051
0,0,0,OUT_06052
0,0,0,OUT_06053
0,0,0,OUT_06054
1,1,0,OUT_06055
0,0,0,OUT_06056
1,0,0,OUT_06057
0,1,2,OUT_06058
0,0,0,OUT_06059
3,0,0,OUT_06060
0,0,0,OUT_06061
0,0,0,OUT_06062
1,0,1,OUT_06063
0,0,0,OUT_06064
8,3,4,OUT_06065
0,0,0,OUT_06066
0,0,0,OUT_06067
0,1,5,OUT_06068
0,0,0,OUT_06069
0,0,0,OUT_06070
0,0,0,OUT_06071
0,0,0,OUT_06072
0,0,0,OUT_06073
0,0,0,OUT_06074
0,0,0,OUT_06075
0,0,0,OUT_06076
0,0,0,OUT_06077
0,0,0,OUT_06078
0,0,0,OUT_06079
0,0,0,OUT_06080
0,0,0,OUT_06081
0,0,0,OUT_06082
0,0,0,OUT_06083
0,0,1,OUT_06084
0,0,0,OUT_06085
0,0,0,OUT_06086
0,0,0,OUT_06087
2,0,8,OUT_06088
1,0,0,OUT_06089
0,0,1,OUT_06090
13,0,8,OUT_06091
0,0,3,OUT_06092
1,0,0,OUT_06093
0,0,0,OUT_06094
2,0,0,OUT_06095
0,0,0,OUT_06096
12,0,11,OUT_06097
0,0,0,OUT_06098
0,0,0,OUT_06099
0,0,0,OUT_06100
0,0,0,OUT_06101
0,0,0,OUT_06102
1,0,0,OUT_06103
0,0,0,OUT_06104
0,0,1,OUT_06105
0,0,0,OUT_06106
0,0,0,OUT_06107
1,0,1,OUT_06108
1,0,0,OUT_06109
2,0,0,OUT_06110
0,0,0,OUT_06111
0,0,0,OUT_06112
1,1,0,OUT_06113
0,0,0,OUT_06114
0,0,0,OUT_06115
7,0,0,OUT_06116
0,0,0,OUT_06117
0,0,0,OUT_06118
0,0,0,OUT_06119
1,0,0,OUT_06120
0,0,0,OUT_06121
1,1,1,OUT_06122
1,0,0,OUT_06123
0,0,0,OUT_06124
0,0,0,OUT_06125
0,0,0,OUT_06126
13,1,16,OUT_06127
0,0,1,OUT_06128
0,0,1,OUT_06129
0,0,0,OUT_06130
0,0,0,OUT_06131
0,0,1,OUT_06132
0,0,0,OUT_06133
0,0,0,OUT_06134
1,0,0,OUT_06135
0,0,0,OUT_06136
0,0,3,OUT_06137
1,0,0,OUT_06138
1,0,0,OUT_06139
1,1,0,OUT_06140
0,0,0,OUT_06141
0,0,0,OUT_06142
0,0,0,OUT_06143
0,0,0,OUT_06144
0,0,0,OUT_06145
0,1,0,OUT_06146
2,0,0,OUT_06147
0,0,0,OUT_06148
0,0,0,OUT_06149
0,0,0,OUT_06150
0,0,0,OUT_06151
0,0,0,OUT_06152
20,1,18,OUT_06153
0,0,0,OUT_06154
0,0,0,OUT_06155
2,3,0,OUT_06156
0,0,0,OUT_06157
0,0,0,OUT_06158
1,0,0,OUT_06159
0,0,4,OUT_06160
5,0,3,OUT_06161
0,0,0,OUT_06162
1,0,1,OUT_06163
1,0,0,OUT_06164
0,0,0,OUT_06165
1,0,0,OUT_06166
1,0,0,OUT_06167
0,0,0,OUT_06168
0,0,0,OUT_06169
0,0,0,OUT_06170
0,0,0,OUT_06171
0,0,0,OUT_06172
0,0,5,OUT_06173
0,0,0,OUT_06174
0,0,0,OUT_06175
18,6,12,OUT_06176
0,0,0,OUT_06177
2,0,0,OUT_06178
0,0,0,OUT_06179
0,0,0,OUT_06180
0,0,0,OUT_06181
1,0,0,OUT_06182
2,0,0,OUT_06183
0,0,0,OUT_06184
0,0,0,OUT_06185
0,0,0,OUT_06186
0,0,0,OUT_06187
3,0,1,OUT_06188
0,0,0,OUT_06189
2,0,0,OUT_06190
0,0,0,OUT_06191
2,0,0,OUT_06192
1,0,12,OUT_06193
0,0,0,OUT_06194
0,0,0,OUT_06195
0,0,0,OUT_06196
2,1,0,OUT_06197
2,0,0,OUT_06198
0,0,1,OUT_06199
0,0,0,OUT_06200
2,0,4,OUT_06201
0,0,0,OUT_06202
0,0,0,OUT_06203
0,0,0,OUT_06204
0,0,6,OUT_06205
0,0,0,OUT_06206
0,0,0,OUT_06207
0,0,0,OUT_06208
0,0,0,OUT_06209
0,0,0,OUT_06210
0,0,0,OUT_06211
17,6,11,OUT_06212
0,0,0,OUT_06213
0,0,1,OUT_06214
0,0,0,OUT_06215
0,0,0,OUT_06216
0,0,0,OUT_06217
0,0,0,OUT_06218
0,0,0,OUT_06219
1,0,0,OUT_06220
1,0,0,OUT_06221
0,0,0,OUT_06222
0,0,0,OUT_06223
0,0,0,OUT_06224
1,0,0,OUT_06225
0,0,0,OUT_06226
1,0,0,OUT_06227
1,1,0,OUT_06228
1,0,0,OUT_06229
1,0,0,OUT_06230
0,0,0,OUT_06231
0,0,0,OUT_06232
0,0,0,OUT_06233
0,0,1,OUT_06234
1,0,13,OUT_06235
3,3,0,OUT_06236
0,0,0,OUT_06237
0,0,0,OUT_06238
0,0,0,OUT_06239
0,0,0,OUT_06240
4,0,0,OUT_06241
0,0,0,OUT_06242
0,0,1,OUT_06243
0,0,0,OUT_06244
0,0,0,OUT_06245
0,0,0,OUT_06246
0,0,0,OUT_06247
0,0,0,OUT_06248
2,1,1,OUT_06249
0,0,1,OUT_06250
0,0,0,OUT_06251
1,0,0,OUT_06252
0,0,0,OUT_06253
0,0,0,OUT_06254
0,0,0,OUT_06255
0,0,0,OUT_06256
1,0,0,OUT_06257
0,0,3,OUT_06258
0,1,0,OUT_06259
0,0,0,OUT_06260
0,0,0,OUT_06261
0,0,9,OUT_06262
0,0,0,OUT_06263
0,0,0,OUT_06264
28,1,14,OUT_06265
4,0,8,OUT_06266
0,0,0,OUT_06267
15,1,17,OUT_06268
0,0,0,OUT_06269
0,0,0,OUT_06270
0,0,0,OUT_06271
0,0,0,OUT_06272
0,1,0,OUT_06273
0,0,0,OUT_06274
0,0,0,OUT_06275
0,1,0,OUT_06276
9,1,0,OUT_06277
0,0,0,OUT_06278
0,0,0,OUT_06279
0,0,0,OUT_06280
2,0,0,OUT_06281
0,0,0,OUT_06282
0,0,0,OUT_06283
0,0,7,OUT_06284
22,0,12,OUT_06285
0,0,0,OUT_06286
8,3,6,OUT_06287
0,0,0,OUT_06288
0,0,0,OUT_06289
1,0,0,OUT_06290
3,0,7,OUT_06291
0,0,0,OUT_06292
0,0,1,OUT_06293
0,0,0,OUT_06294
0,0,0,OUT_06295
0,0,0,OUT_06296
2,0,1,OUT_06297
0,0,7,OUT_06298
1,1,0,OUT_06299
0,0,0,OUT_06300
2,0,0,OUT_06301
4,1,5,OUT_06302
1,0,0,OUT_06303
0,0,0,OUT_06304
0,0,0,OUT_06305
0,0,0,OUT_06306
1,0,1,OUT_06307
0,0,1,OUT_06308
0,0,0,OUT_06309
0,0,0,OUT_06310
0,0,0,OUT_06311
0,0,0,OUT_06312
0,0,0,OUT_06313
0,0,0,OUT_06314
2,3,3,OUT_06315
0,0,0,OUT_06316
0,0,0,OUT_06317
0,0,0,OUT_06318
0,0,0,OUT_06319
0,0,0,OUT_06320
0,0,0,OUT_06321
0,0,0,OUT_06322
0,0,0,OUT_06323
0,0,0,OUT_06324
0,0,5,OUT_06325
0,0,1,OUT_06326
4,1,0,OUT_06327
1,0,0,OUT_06328
5,0,4,OUT_06329
0,0,0,OUT_06330
0,0,0,OUT_06331
0,0,0,OUT_06332
0,0,0,OUT_06333
0,0,0,OUT_06334
0,0,0,OUT_06335
0,0,0,OUT_06336
0,0,0,OUT_06337
0,0,0,OUT_06338
0,0,0,OUT_06339
0,0,0,OUT_06340
0,0,0,OUT_06341
0,0,0,OUT_06342
0,0,0,OUT_06343
1,1,0,OUT_06344
0,0,0,OUT_06345
0,0,0,OUT_06346
0,0,3,OUT_06347
0,0,0,OUT_06348
1,0,0,OUT_06349
0,0,0,OUT_06350
0,0,0,OUT_06351
0,0,0,OUT_06352
0,0,0,OUT_06353
0,0,0,OUT_06354
0,0,1,OUT_06355
0,0,1,OUT_06356
0,0,0,OUT_06357
0,0,0,OUT_06358
3,0,0,OUT_06359
0,0,0,OUT_06360
0,0,0,OUT_06361
1,0,25,OUT_06362
1,0,0,OUT_06363
4,0,6,OUT_06364
0,0,0,OUT_06365
1,0,0,OUT_06366
0,1,0,OUT_06367
1,1,2,OUT_06368
0,0,0,OUT_06369
0,0,1,OUT_06370
2,0,0,OUT_06371
0,0,0,OUT_06372
4,3,1,OUT_06373
0,0,1,OUT_06374
0,0,6,OUT_06375
0,0,0,OUT_06376
0,0,0,OUT_06377
0,0,1,OUT_06378
0,0,0,OUT_06379
0,0,0,OUT_06380
0,0,0,OUT_06381
0,0,4,OUT_06382
0,0,0,OUT_06383
1,0,0,OUT_06384
1,0,0,OUT_06385
0,0,0,OUT_06386
3,0,5,OUT_06387
0,0,0,OUT_06388
0,0,3,OUT_06389
0,0,0,OUT_06390
0,0,1,OUT_06391
0,0,0,OUT_06392
0,0,2,OUT_06393
0,0,0,OUT_06394
0,0,0,OUT_06395
2,0,2,OUT_06396
0,0,0,OUT_06397
4,0,0,OUT_06398
2,0,0,OUT_06399
1,1,4,OUT_06400
1,1,0,OUT_06401
0,0,0,OUT_06402
0,0,0,OUT_06403
1,0,0,OUT_06404
0,0,0,OUT_06405
0,0,0,OUT_06406
0,0,0,OUT_06407
0,0,3,OUT_06408
0,0,0,OUT_06409
0,0,0,OUT_06410
1,0,3,OUT_06411
0,0,0,OUT_06412
0,0,0,OUT_06413
0,0,0,OUT_06414
0,0,0,OUT_06415
0,0,0,OUT_06416
0,0,0,OUT_06417
0,0,11,OUT_06418
1,0,8,OUT_06419
1,1,2,OUT_06420
0,1,2,OUT_06421
0,0,0,OUT_06422
0,0,0,OUT_06423
0,0,0,OUT_06424
0,0,0,OUT_06425
0,0,0,OUT_06426
1,0,0,OUT_06427
3,0,0,OUT_06428
0,0,3,OUT_06429
0,0,0,OUT_06430
0,0,0,OUT_06431
0,0,1,OUT_06432
14,11,27,OUT_06433
0,0,0,OUT_06434
0,0,0,OUT_06435
1,0,0,OUT_06436
1,1,7,OUT_06437
1,0,0,OUT_06438
1,1,3,OUT_06439
0,0,0,OUT_06440
0,1,0,OUT_06441
0,0,0,OUT_06442
0,0,0,OUT_06443
13,1,8,OUT_06444
1,0,0,OUT_06445
1,1,0,OUT_06446
2,0,5,OUT_06447
13,0,6,OUT_06448
0,0,0,OUT_06449
1,0,0,OUT_06450
0,0,0,OUT_06451
0,1,0,OUT_06452
13,0,14,OUT_06453
2,3,3,OUT_06454
0,0,0,OUT_06455
1,0,0,OUT_06456
0,0,2,OUT_06457
0,0,0,OUT_06458
0,0,0,OUT_06459
1,0,11,OUT_06460
0,0,0,OUT_06461
1,1,6,OUT_06462
0,0,0,OUT_06463
0,1,0,OUT_06464
0,0,0,OUT_06465
0,0,0,OUT_06466
2,0,1,OUT_06467
0,0,0,OUT_06468
0,0,0,OUT_06469
0,0,0,OUT_06470
0,0,0,OUT_06471
0,0,0,OUT_06472
1,0,1,OUT_06473
1,1,0,OUT_06474
0,0,0,OUT_06475
2,0,0,OUT_06476
0,0,0,OUT_06477
0,0,0,OUT_06478
0,0,0,OUT_06479
1,0,0,OUT_06480
0,0,0,OUT_06481
0,0,0,OUT_06482
0,0,0,OUT_06483
0,0,0,OUT_06484
22,4,13,OUT_06485
0,0,0,OUT_06486
0,0,0,OUT_06487
2,0,0,OUT_06488
4,0,5,OUT_06489
0,0,0,OUT_06490
1,0,0,OUT_06491
1,0,0,OUT_06492
0,0,0,OUT_06493
0,0,0,OUT_06494
0,0,0,OUT_06495
0,0,0,OUT_06496
17,0,1,OUT_06497
0,0,0,OUT_06498
0,0,0,OUT_06499
0,0,0,OUT_06500
0,0,0,OUT_06501
0,0,0,OUT_06502
0,0,5,OUT_06503
0,0,0,OUT_06504
3,0,0,OUT_06505
0,0,0,OUT_06506
0,0,0,OUT_06507
5,3,13,OUT_06508
0,0,0,OUT_06509
0,0,3,OUT_06510
0,0,0,OUT_06511
0,0,0,OUT_06512
0,0,0,OUT_06513
0,0,0,OUT_06514
0,1,0,OUT_06515
0,0,0,OUT_06516
1,0,2,OUT_06517
0,0,0,OUT_06518
0,0,0,OUT_06519
0,0,0,OUT_06520
0,0,0,OUT_06521
0,0,0,OUT_06522
3,3,2,OUT_06523
0,0,0,OUT_06524
1,0,8,OUT_06525
0,0,0,OUT_06526
0,0,0,OUT_06527
3,0,2,OUT_06528
1,0,1,OUT_06529
0,0,0,OUT_06530
1,0,0,OUT_06531
0,0,0,OUT_06532
2,1,0,OUT_06533
0,0,0,OUT_06534
0,0,0,OUT_06535
0,0,0,OUT_06536
0,0,0,OUT_06537
1,1,6,OUT_06538
0,0,0,OUT_06539
1,0,1,OUT_06540
1,0,0,OUT_06541
2,0,1,OUT_06542
1,0,2,OUT_06543
0,0,0,OUT_06544
1,0,3,OUT_06545
0,0,0,OUT_06546
0,0,0,OUT_06547
0,0,0,OUT_06548
0,0,0,OUT_06549
1,0,0,OUT_06550
1,2,5,OUT_06551
0,0,0,OUT_06552
0,0,0,OUT_06553
0,0,0,OUT_06554
0,0,3,OUT_06555
0,0,0,OUT_06556
0,0,0,OUT_06557
0,0,0,OUT_06558
0,0,0,OUT_06559
0,0,0,OUT_06560
8,0,8,OUT_06561
0,0,0,OUT_06562
0,0,0,OUT_06563
0,0,0,OUT_06564
0,0,0,OUT_06565
0,0,0,OUT_06566
1,0,0,OUT_06567
12,1,19,OUT_06568
0,0,1,OUT_06569
1,0,1,OUT_06570
0,0,0,OUT_06571
0,0,1,OUT_06572
0,0,0,OUT_06573
0,0,0,OUT_06574
0,0,0,OUT_06575
0,0,0,OUT_06576
0,0,0,OUT_06577
4,1,5,OUT_06578
0,0,0,OUT_06579
0,0,3,OUT_06580
0,1,0,OUT_06581
0,0,0,OUT_06582
0,0,12,OUT_06583
0,0,0,OUT_06584
0,0,0,OUT_06585
20,0,12,OUT_06586
0,0,0,OUT_06587
0,0,0,OUT_06588
0,0,0,OUT_06589
1,0,0,OUT_06590
12,5,11,OUT_06591
0,0,0,OUT_06592
0,0,0,OUT_06593
1,0,0,OUT_06594
0,0,0,OUT_06595
0,0,0,OUT_06596
2,0,0,OUT_06597
0,0,0,OUT_06598
0,0,0,OUT_06599
2,3,8,OUT_06600
0,0,0,OUT_06601
14,4,20,OUT_06602
1,0,1,OUT_06603
0,0,0,OUT_06604
0,0,0,OUT_06605
1,0,0,OUT_06606
0,0,0,OUT_06607
0,0,0,OUT_06608
0,0,1,OUT_06609
1,0,3,OUT_06610
1,0,0,OUT_06611
0,0,0,OUT_06612
0,0,0,OUT_06613
0,0,5,OUT_06614
4,0,5,OUT_06615
0,0,0,OUT_06616
0,0,0,OUT_06617
0,0,0,OUT_06618
0,0,0,OUT_06619
0,0,0,OUT_06620
1,0,2,OUT_06621
0,0,0,OUT_06622
1,0,5,OUT_06623
0,0,0,OUT_06624
0,0,0,OUT_06625
2,1,5,OUT_06626
0,0,0,OUT_06627
1,0,5,OUT_06628
0,0,7,OUT_06629
0,0,0,OUT_06630
2,0,0,OUT_06631
3,0,5,OUT_06632
1,2,0,OUT_06633
0,0,4,OUT_06634
0,0,0,OUT_06635
0,0,0,OUT_06636
0,0,0,OUT_06637
1,0,0,OUT_06638
0,0,0,OUT_06639
0,0,0,OUT_06640
0,0,0,OUT_06641
0,0,0,OUT_06642
11,4,12,OUT_06643
0,0,0,OUT_06644
0,0,0,OUT_06645
0,0,4,OUT_06646
16,4,14,OUT_06647
3,0,2,OUT_06648
2,1,0,OUT_06649
9,3,10,OUT_06650
0,0,0,OUT_06651
0,0,0,OUT_06652
0,0,0,OUT_06653
0,0,0,OUT_06654
0,0,0,OUT_06655
0,0,0,OUT_06656
0,0,0,OUT_06657
1,0,0,OUT_06658
0,0,0,OUT_06659
0,0,1,OUT_06660
0,0,0,OUT_06661
0,0,0,OUT_06662
1,0,0,OUT_06663
0,0,0,OUT_06664
7,2,8,OUT_06665
0,0,0,OUT_06666
0,0,1,OUT_06667
0,0,0,OUT_06668
0,0,0,OUT_06669
1,0,5,OUT_06670
1,1,12,OUT_06671
1,0,0,OUT_06672
2,0,0,OUT_06673
0,0,0,OUT_06674
1,0,0,OUT_06675
0,0,0,OUT_06676
0,0,5,OUT_06677
0,0,0,OUT_06678
0,0,0,OUT_06679
0,0,0,OUT_06680
0,0,0,OUT_06681
0,0,0,OUT_06682
1,0,0,OUT_06683
0,0,0,OUT_06684
0,0,1,OUT_06685
0,0,0,OUT_06686
0,0,0,OUT_06687
1,0,5,OUT_06688
2,1,0,OUT_06689
0,0,0,OUT_06690
0,0,0,OUT_06691
3,1,5,OUT_06692
0,0,0,OUT_06693
0,0,0,OUT_06694
0,0,0,OUT_06695
0,0,0,OUT_06696
2,0,0,OUT_06697
0,0,0,OUT_06698
2,1,0,OUT_06699
2,0,0,OUT_06700
0,0,0,OUT_06701
0,0,0,OUT_06702
0,0,0,OUT_06703
4,0,9,OUT_06704
0,0,0,OUT_06705
0,0,0,OUT_06706
0,0,0,OUT_06707
0,0,0,OUT_06708
0,0,0,OUT_06709
0,0,0,OUT_06710
0,0,0,OUT_06711
0,0,0,OUT_06712
0,0,0,OUT_06713
1,0,1,OUT_06714
0,0,0,OUT_06715
0,0,0,OUT_06716
0,0,0,OUT_06717
13,1,19,OUT_06718
0,0,0,OUT_06719
2,0,4,OUT_06720
0,0,0,OUT_06721
0,0,0,OUT_06722
0,0,2,OUT_06723
0,0,0,OUT_06724
0,0,0,OUT_06725
0,0,3,OUT_06726
0,0,0,OUT_06727
0,3,0,OUT_06728
2,1,0,OUT_06729
0,0,0,OUT_06730
0,0,0,OUT_06731
6,0,18,OUT_06732
0,0,1,OUT_06733
0,0,0,OUT_06734
0,0,0,OUT_06735
0,0,0,OUT_06736
0,0,14,OUT_06737
2,0,9,OUT_06738
0,0,0,OUT_06739
0,0,0,OUT_06740
0,0,0,OUT_06741
1,0,4,OUT_06742
1,1,5,OUT_06743
0,0,0,OUT_06744
2,0,8,OUT_06745
0,0,0,OUT_06746
0,0,0,OUT_06747
0,0,0,OUT_06748
0,0,0,OUT_06749
0,0,0,OUT_06750
0,0,0,OUT_06751
0,0,0,OUT_06752
0,0,0,OUT_06753
0,0,1,OUT_06754
0,0,0,OUT_06755
1,0,0,OUT_06756
0,0,0,OUT_06757
0,0,0,OUT_06758
3,0,5,OUT_06759
0,0,3,OUT_06760
1,0,0,OUT_06761
0,0,0,OUT_06762
0,0,0,OUT_06763
0,0,0,OUT_06764
0,0,0,OUT_06765
0,0,0,OUT_06766
1,0,5,OUT_06767
0,0,0,OUT_06768
1,0,0,OUT_06769
0,1,0,OUT_06770
0,0,0,OUT_06771
0,0,0,OUT_06772
1,0,1,OUT_06773
0,0,0,OUT_06774
2,0,0,OUT_06775
0,0,0,OUT_06776
0,0,0,OUT_06777
0,0,1,OUT_06778
0,0,0,OUT_06779
0,0,0,OUT_06780
0,0,0,OUT_06781
0,0,0,OUT_06782
0,0,0,OUT_06783
20,0,9,OUT_06784
0,0,0,OUT_06785
0,0,0,OUT_06786
0,0,0,OUT_06787
0,0,0,OUT_06788
1,0,0,OUT_06789
0,0,0,OUT_06790
0,0,0,OUT_06791
0,0,0,OUT_06792
1,0,0,OUT_06793
2,0,0,OUT_06794
0,0,0,OUT_06795
5,0,0,OUT_06796
0,0,9,OUT_06797
0,0,0,OUT_06798
2,0,2,OUT_06799
0,0,0,OUT_06800
1,0,0,OUT_06801
1,0,0,OUT_06802
2,2,10,OUT_06803
2,1,1,OUT_06804
1,0,0,OUT_06805
0,1,0,OUT_06806
0,0,0,OUT_06807
0,1,0,OUT_06808
2,1,1,OUT_06809
0,0,0,OUT_06810
0,0,0,OUT_06811
0,0,0,OUT_06812
1,1,22,OUT_06813
0,0,0,OUT_06814
1,0,0,OUT_06815
0,0,0,OUT_06816
0,0,0,OUT_06817
1,2,0,OUT_06818
0,0,0,OUT_06819
4,0,10,OUT_06820
0,0,0,OUT_06821
0,0,0,OUT_06822
0,0,0,OUT_06823
0,0,0,OUT_06824
0,0,0,OUT_06825
2,2,5,OUT_06826
0,0,0,OUT_06827
0,0,0,OUT_06828
0,1,1,OUT_06829
0,0,0,OUT_06830
0,0,0,OUT_06831
0,0,7,OUT_06832
0,0,0,OUT_06833
0,0,0,OUT_06834
0,0,0,OUT_06835
3,0,0,OUT_06836
0,0,0,OUT_06837
0,0,0,OUT_06838
1,1,0,OUT_06839
0,0,0,OUT_06840
0,0,0,OUT_06841
0,0,0,OUT_06842
0,0,0,OUT_06843
0,0,5,OUT_06844
0,0,0,OUT_06845
1,0,1,OUT_06846
0,0,0,OUT_06847
0,0,0,OUT_06848
0,0,1,OUT_06849
1,0,0,OUT_06850
0,0,0,OUT_06851
0,0,0,OUT_06852
0,0,1,OUT_06853
0,0,1,OUT_06854
0,0,0,OUT_06855
3,0,7,OUT_06856
0,0,0,OUT_06857
1,0,0,OUT_06858
0,0,0,OUT_06859
22,0,8,OUT_06860
0,0,0,OUT_06861
0,0,0,OUT_06862
0,0,9,OUT_06863
1,0,0,OUT_06864
0,0,1,OUT_06865
1,0,0,OUT_06866
0,0,0,OUT_06867
0,0,0,OUT_06868
1,0,0,OUT_06869
3,0,8,OUT_06870
0,0,0,OUT_06871
2,0,3,OUT_06872
1,1,4,OUT_06873
0,0,0,OUT_06874
0,0,0,OUT_06875
1,0,1,OUT_06876
0,0,0,OUT_06877
0,0,4,OUT_06878
0,0,0,OUT_06879
0,0,0,OUT_06880
0,0,0,OUT_06881
0,0,0,OUT_06882
0,0,0,OUT_06883
2,0,22,OUT_06884
0,0,0,OUT_06885
0,0,3,OUT_06886
0,0,0,OUT_06887
1,0,3,OUT_06888
0,0,0,OUT_06889
2,0,13,OUT_06890
0,0,0,OUT_06891
0,0,0,OUT_06892
0,0,0,OUT_06893
0,0,0,OUT_06894
1,1,3,OUT_06895
0,0,0,OUT_06896
0,0,0,OUT_06897
0,0,0,OUT_06898
1,0,0,OUT_06899
0,0,0,OUT_06900
0,0,0,OUT_06901
3,3,2,OUT_06902
0,0,0,OUT_06903
4,0,2,OUT_06904
2,0,0,OUT_06905
2,1,1,OUT_06906
0,0,0,OUT_06907
0,0,0,OUT_06908
0,0,0,OUT_06909
0,0,0,OUT_06910
0,0,0,OUT_06911
0,0,0,OUT_06912
0,0,0,OUT_06913
0,0,0,OUT_06914
0,0,1,OUT_06915
2,0,0,OUT_06916
0,0,0,OUT_06917
2,0,0,OUT_06918
0,0,0,OUT_06919
0,0,0,OUT_06920
0,0,0,OUT_06921
10,2,12,OUT_06922
0,0,0,OUT_06923
0,0,0,OUT_06924
0,0,0,OUT_06925
0,0,0,OUT_06926
0,0,0,OUT_06927
0,0,0,OUT_06928
0,0,0,OUT_06929
0,0,0,OUT_06930
4,0,2,OUT_06931
1,0,8,OUT_06932
12,1,9,OUT_06933
0,0,0,OUT_06934
0,0,1,OUT_06935
0,0,0,OUT_06936
2,0,0,OUT_06937
0,0,0,OUT_06938
0,0,0,OUT_06939
1,0,0,OUT_06940
0,0,0,OUT_06941
0,0,1,OUT_06942
2,0,0,OUT_06943
0,0,0,OUT_06944
0,0,0,OUT_06945
0,0,0,OUT_06946
0,0,0,OUT_06947
0,0,0,OUT_06948
2,1,1,OUT_06949
1,0,0,OUT_06950
2,3,11,OUT_06951
0,0,0,OUT_06952
8,3,12,OUT_06953
0,0,0,OUT_06954
0,0,0,OUT_06955
2,0,4,OUT_06956
0,0,0,OUT_06957
0,0,0,OUT_06958
0,0,1,OUT_06959
3,0,3,OUT_06960
1,0,0,OUT_06961
3,0,0,OUT_06962
0,0,0,OUT_06963
0,0,0,OUT_06964
0,0,0,OUT_06965
0,0,0,OUT_06966
0,0,0,OUT_06967
0,0,0,OUT_06968
0,0,0,OUT_06969
2,0,0,OUT_06970
1,0,0,OUT_06971
0,0,0,OUT_06972
0,0,0,OUT_06973
2,0,0,OUT_06974
5,2,9,OUT_06975
0,0,0,OUT_06976
0,0,0,OUT_06977
0,0,0,OUT_06978
1,0,0,OUT_06979
0,0,0,OUT_06980
2,0,0,OUT_06981
0,0,0,OUT_06982
2,0,2,OUT_06983
1,0,1,OUT_06984
0,0,2,OUT_06985
0,0,0,OUT_06986
0,0,0,OUT_06987
0,0,0,OUT_06988
0,0,0,OUT_06989
0,0,0,OUT_06990
0,0,0,OUT_06991
9,1,14,OUT_06992
1,0,8,OUT_06993
0,0,0,OUT_06994
0,0,0,OUT_06995
0,0,0,OUT_06996
3,0,0,OUT_06997
4,0,0,OUT_06998
0,0,0,OUT_06999
0,0,0,OUT_07000
0,0,0,OUT_07001
1,0,0,OUT_07002
0,0,0,OUT_07003
0,0,1,OUT_07004
0,0,2,OUT_07005
0,0,0,OUT_07006
0,0,0,OUT_07007
4,0,0,OUT_07008
4,1,1,OUT_07009
3,1,3,OUT_07010
1,0,0,OUT_07011
0,0,0,OUT_07012
0,0,0,OUT_07013
0,0,0,OUT_07014
1,1,1,OUT_07015
0,0,0,OUT_07016
1,1,0,OUT_07017
1,1,0,OUT_07018
0,0,0,OUT_07019
0,0,0,OUT_07020
0,0,0,OUT_07021
0,0,0,OUT_07022
0,0,0,OUT_07023
0,0,0,OUT_07024
0,0,0,OUT_07025
0,0,0,OUT_07026
0,0,0,OUT_07027
0,0,0,OUT_07028
0,0,0,OUT_07029
0,0,0,OUT_07030
0,0,0,OUT_07031
1,1,0,OUT_07032
0,0,0,OUT_07033
0,0,0,OUT_07034
1,1,16,OUT_07035
0,0,0,OUT_07036
0,0,0,OUT_07037
0,0,1,OUT_07038
0,0,0,OUT_07039
1,1,0,OUT_07040
0,0,0,OUT_07041
2,0,3,OUT_07042
0,0,0,OUT_07043
0,0,1,OUT_07044
0,0,0,OUT_07045
1,1,0,OUT_07046
0,0,0,OUT_07047
1,0,0,OUT_07048
0,0,0,OUT_07049
0,0,0,OUT_07050
0,0,0,OUT_07051
0,0,2,OUT_07052
0,0,14,OUT_07053
0,1,0,OUT_07054
1,0,1,OUT_07055
0,0,0,OUT_07056
0,0,0,OUT_07057
1,0,0,OUT_07058
0,0,0,OUT_07059
0,0,1,OUT_07060
2,0,7,OUT_07061
0,0,0,OUT_07062
0,0,0,OUT_07063
0,0,0,OUT_07064
2,1,0,OUT_07065
0,0,0,OUT_07066
0,0,0,OUT_07067
0,0,1,OUT_07068
3,0,0,OUT_07069
0,0,0,OUT_07070
0,0,0,OUT_07071
0,0,0,OUT_07072
0,0,0,OUT_07073
2,0,9,OUT_07074
8,0,5,OUT_07075
0,0,0,OUT_07076
0,0,3,OUT_07077
0,0,0,OUT_07078
0,0,0,OUT_07079
1,0,0,OUT_07080
0,0,2,OUT_07081
0,0,0,OUT_07082
1,0,0,OUT_07083
0,0,0,OUT_07084
0,0,0,OUT_07085
0,0,4,OUT_07086
0,0,0,OUT_07087
0,0,0,OUT_07088
3,0,0,OUT_07089
0,0,3,OUT_07090
0,0,0,OUT_07091
0,0,0,OUT_07092
0,0,0,OUT_07093
0,0,0,OUT_07094
0,0,0,OUT_07095
1,0,1,OUT_07096
0,0,0,OUT_07097
0,0,1,OUT_07098
0,0,0,OUT_07099
0,0,0,OUT_07100
3,0,0,OUT_07101
2,0,1,OUT_07102
2,1,0,OUT_07103
0,0,0,OUT_07104
0,0,0,OUT_07105
1,0,9,OUT_07106
1,0,0,OUT_07107
0,0,0,OUT_07108
0,0,0,OUT_07109
0,0,0,OUT_07110
0,0,0,OUT_07111
0,1,0,OUT_07112
0,0,0,OUT_07113
1,0,0,OUT_07114
0,0,0,OUT_07115
0,0,0,OUT_07116
0,0,0,OUT_07117
0,0,1,OUT_07118
1,0,2,OUT_07119
0,0,0,OUT_07120
0,0,0,OUT_07121
5,0,0,OUT_07122
0,0,0,OUT_07123
0,0,0,OUT_07124
1,0,11,OUT_07125
1,0,0,OUT_07126
0,0,0,OUT_07127
0,0,0,OUT_07128
2,0,0,OUT_07129
0,0,0,OUT_07130
0,0,0,OUT_07131
0,0,1,OUT_07132
0,0,0,OUT_07133
0,0,0,OUT_07134
2,0,0,OUT_07135
0,0,0,OUT_07136
1,0,0,OUT_07137
1,0,0,OUT_07138
5,1,5,OUT_07139
0,0,0,OUT_07140
0,0,0,OUT_07141
4,3,8,OUT_07142
6,3,15,OUT_07143
1,2,6,OUT_07144
0,1,0,OUT_07145
0,0,0,OUT_07146
0,0,0,OUT_07147
3,1,11,OUT_07148
0,0,0,OUT_07149
0,0,0,OUT_07150
1,0,20,OUT_07151
0,0,0,OUT_07152
0,0,0,OUT_07153
0,0,0,OUT_07154
0,0,3,OUT_07155
7,2,11,OUT_07156
2,0,3,OUT_07157
0,0,0,OUT_07158
0,0,0,OUT_07159
0,0,0,OUT_07160
0,1,4,OUT_07161
0,0,0,OUT_07162
0,0,0,OUT_07163
0,0,0,OUT_07164
0,0,0,OUT_07165
0,0,0,OUT_07166
0,0,0,OUT_07167
1,0,0,OUT_07168
0,0,0,OUT_07169
2,1,0,OUT_07170
0,0,0,OUT_07171
1,1,3,OUT_07172
0,0,0,OUT_07173
0,0,0,OUT_07174
0,0,0,OUT_07175
1,0,5,OUT_07176
0,0,0,OUT_07177
1,0,0,OUT_07178
0,0,0,OUT_07179
0,0,0,OUT_07180
0,0,0,OUT_07181
0,0,1,OUT_07182
0,0,1,OUT_07183
0,0,0,OUT_07184
0,0,0,OUT_07185
1,1,0,OUT_07186
0,0,0,OUT_07187
0,0,0,OUT_07188
1,0,0,OUT_07189
1,0,0,OUT_07190
1,0,1,OUT_07191
0,0,0,OUT_07192
0,0,0,OUT_07193
0,0,0,OUT_07194
2,0,3,OUT_07195
0,0,0,OUT_07196
0,0,0,OUT_07197
3,0,6,OUT_07198
1,0,0,OUT_07199
2,0,0,OUT_07200
0,1,4,OUT_07201
2,0,1,OUT_07202
1,0,11,OUT_07203
5,1,0,OUT_07204
1,0,3,OUT_07205
0,0,0,OUT_07206
1,0,6,OUT_07207
0,0,0,OUT_07208
0,0,0,OUT_07209
0,0,0,OUT_07210
0,0,0,OUT_07211
0,0,0,OUT_07212
0,0,2,OUT_07213
1,0,0,OUT_07214
0,0,0,OUT_07215
1,0,0,OUT_07216
1,0,0,OUT_07217
2,1,0,OUT_07218
2,0,3,OUT_07219
3,1,0,OUT_07220
0,0,0,OUT_07221
1,1,0,OUT_07222
0,0,0,OUT_07223
7,1,3,OUT_07224
0,0,0,OUT_07225
0,0,0,OUT_07226
0,0,0,OUT_07227
0,0,1,OUT_07228
0,0,0,OUT_07229
1,0,2,OUT_07230
0,0,0,OUT_07231
0,0,0,OUT_07232
1,0,10,OUT_07233
0,0,0,OUT_07234
20,5,10,OUT_07235
5,0,0,OUT_07236
0,0,0,OUT_07237
0,0,0,OUT_07238
0,0,0,OUT_07239
2,0,0,OUT_07240
1,0,0,OUT_07241
0,0,0,OUT_07242
0,0,0,OUT_07243
0,0,0,OUT_07244
0,0,0,OUT_07245
2,0,0,OUT_07246
0,0,0,OUT_07247
2,1,1,OUT_07248
0,0,0,OUT_07249
0,1,0,OUT_07250
0,0,0,OUT_07251
0,0,0,OUT_07252
1,0,0,OUT_07253
0,1,0,OUT_07254
0,0,0,OUT_07255
0,0,1,OUT_07256
0,0,0,OUT_07257
1,1,1,OUT_07258
0,0,0,OUT_07259
0,0,0,OUT_07260
4,0,7,OUT_07261
1,0,0,OUT_07262
0,0,0,OUT_07263
0,0,0,OUT_07264
0,0,0,OUT_07265
0,0,0,OUT_07266
0,0,0,OUT_07267
0,2,0,OUT_07268
0,0,0,OUT_07269
2,0,0,OUT_07270
0,0,2,OUT_07271
0,0,0,OUT_07272
0,0,0,OUT_07273
0,0,0,OUT_07274
0,0,0,OUT_07275
1,0,0,OUT_07276
0,0,0,OUT_07277
0,0,0,OUT_07278
0,0,3,OUT_07279
1,0,3,OUT_07280
2,0,0,OUT_07281
4,1,0,OUT_07282
1,0,1,OUT_07283
1,0,0,OUT_07284
0,0,3,OUT_07285
0,0,0,OUT_07286
0,0,0,OUT_07287
1,0,0,OUT_07288
0,0,0,OUT_07289
1,1,0,OUT_07290
0,1,0,OUT_07291
0,0,0,OUT_07292
0,0,0,OUT_07293
0,0,0,OUT_07294
0,0,0,OUT_07295
0,0,8,OUT_07296
4,3,0,OUT_07297
2,1,0,OUT_07298
15,1,10,OUT_07299
0,0,4,OUT_07300
1,0,0,OUT_07301
13,0,17,OUT_07302
0,0,0,OUT_07303
0,1,0,OUT_07304
0,0,0,OUT_07305
2,2,0,OUT_07306
0,0,0,OUT_07307
3,0,0,OUT_07308
1,0,0,OUT_07309
7,0,19,OUT_07310
4,1,5,OUT_07311
0,0,0,OUT_07312
2,0,4,OUT_07313
1,0,0,OUT_07314
0,0,0,OUT_07315
0,0,0,OUT_07316
3,0,4,OUT_07317
0,0,0,OUT_07318
1,3,0,OUT_07319
0,0,0,OUT_07320
2,1,0,OUT_07321
4,3,7,OUT_07322
1,0,0,OUT_07323
0,0,0,OUT_07324
2,3,2,OUT_07325
2,0,4,OUT_07326
0,0,0,OUT_07327
0,0,0,OUT_07328
0,1,11,OUT_07329
1,0,0,OUT_07330
0,0,0,OUT_07331
15,1,9,OUT_07332
0,0,0,OUT_07333
0,0,7,OUT_07334
17,0,11,OUT_07335
1,0,0,OUT_07336
0,0,1,OUT_07337
1,0,0,OUT_07338
0,0,0,OUT_07339
0,0,0,OUT_07340
0,0,0,OUT_07341
1,0,0,OUT_07342
0,0,0,OUT_07343
0,1,5,OUT_07344
0,0,0,OUT_07345
0,0,0,OUT_07346
0,1,0,OUT_07347
0,0,0,OUT_07348
0,0,0,OUT_07349
1,0,0,OUT_07350
2,0,0,OUT_07351
1,0,1,OUT_07352
1,0,3,OUT_07353
0,0,0,OUT_07354
0,0,0,OUT_07355
0,0,0,OUT_07356
0,0,0,OUT_07357
1,0,0,OUT_07358
1,0,0,OUT_07359
1,0,0,OUT_07360
0,0,0,OUT_07361
4,0,25,OUT_07362
0,0,0,OUT_07363
0,0,0,OUT_07364
2,1,1,OUT_07365
0,0,0,OUT_07366
0,0,0,OUT_07367
1,1,0,OUT_07368
1,0,1,OUT_07369
0,0,0,OUT_07370
0,0,0,OUT_07371
0,0,0,OUT_07372
1,0,0,OUT_07373
0,0,0,OUT_07374
0,0,0,OUT_07375
0,0,0,OUT_07376
0,0,0,OUT_07377
0,0,0,OUT_07378
0,0,0,OUT_07379
0,0,0,OUT_07380
0,0,0,OUT_07381
0,0,2,OUT_07382
0,0,1,OUT_07383
0,0,0,OUT_07384
0,0,0,OUT_07385
0,0,0,OUT_07386
0,0,0,OUT_07387
0,0,0,OUT_07388
0,0,0,OUT_07389
0,0,7,OUT_07390
0,0,0,OUT_07391
9,1,9,OUT_07392
0,0,0,OUT_07393
0,0,0,OUT_07394
0,0,0,OUT_07395
0,1,15,OUT_07396
0,0,0,OUT_07397
0,0,0,OUT_07398
1,0,4,OUT_07399
0,0,0,OUT_07400
1,0,1,OUT_07401
1,0,0,OUT_07402
0,0,0,OUT_07403
0,0,0,OUT_07404
0,0,0,OUT_07405
0,0,0,OUT_07406
1,0,0,OUT_07407
0,1,5,OUT_07408
0,0,0,OUT_07409
0,0,1,OUT_07410
5,1,0,OUT_07411
0,0,0,OUT_07412
2,0,0,OUT_07413
24,1,13,OUT_07414
0,0,0,OUT_07415
1,0,0,OUT_07416
0,0,0,OUT_07417
0,0,0,OUT_07418
5,3,12,OUT_07419
0,0,0,OUT_07420
0,0,1,OUT_07421
0,0,0,OUT_07422
1,0,0,OUT_07423
0,0,0,OUT_07424
1,0,0,OUT_07425
0,0,0,OUT_07426
1,0,0,OUT_07427
0,0,0,OUT_07428
0,0,0,OUT_07429
2,1,12,OUT_07430
0,0,0,OUT_07431
0,0,0,OUT_07432
0,0,0,OUT_07433
0,0,0,OUT_07434
0,0,0,OUT_07435
0,0,0,OUT_07436
0,0,0,OUT_07437
0,0,0,OUT_07438
0,0,0,OUT_07439
20,2,21,OUT_07440
0,0,0,OUT_07441
0,0,0,OUT_07442
0,0,0,OUT_07443
2,0,4,OUT_07444
4,0,0,OUT_07445
0,0,0,OUT_07446
0,0,0,OUT_07447
0,0,0,OUT_07448
0,0,0,OUT_07449
13,3,8,OUT_07450
1,1,0,OUT_07451
1,0,1,OUT_07452
0,0,0,OUT_07453
0,0,0,OUT_07454
2,0,2,OUT_07455
2,0,0,OUT_07456
1,0,0,OUT_07457
0,0,0,OUT_07458
0,0,0,OUT_07459
1,1,0,OUT_07460
0,0,0,OUT_07461
0,0,0,OUT_07462
0,0,0,OUT_07463
0,0,0,OUT_07464
0,0,0,OUT_07465
0,0,0,OUT_07466
1,0,3,OUT_07467
1,1,0,OUT_07468
0,0,0,OUT_07469
0,0,4,OUT_07470
0,0,0,OUT_07471
1,0,0,OUT_07472
1,0,0,OUT_07473
0,0,0,OUT_07474
1,0,0,OUT_07475
0,0,0,OUT_07476
0,0,0,OUT_07477
0,0,0,OUT_07478
0,0,0,OUT_07479
0,0,0,OUT_07480
0,0,0,OUT_07481
3,0,17,OUT_07482
1,0,0,OUT_07483
0,0,0,OUT_07484
2,0,0,OUT_07485
0,0,0,OUT_07486
1,0,0,OUT_07487
0,0,0,OUT_07488
0,0,0,OUT_07489
0,0,0,OUT_07490
0,0,0,OUT_07491
2,3,8,OUT_07492
0,0,0,OUT_07493
1,0,0,OUT_07494
0,1,1,OUT_07495
9,4,8,OUT_07496
1,0,3,OUT_07497
4,1,0,OUT_07498
0,0,2,OUT_07499
0,1,0,OUT_07500
0,0,0,OUT_07501
0,0,0,OUT_07502
0,0,0,OUT_07503
4,0,6,OUT_07504
2,0,4,OUT_07505
2,0,0,OUT_07506
1,0,3,OUT_07507
0,2,3,OUT_07508
0,0,0,OUT_07509
0,0,0,OUT_07510
1,0,2,OUT_07511
5,0,6,OUT_07512
0,0,0,OUT_07513
2,0,0,OUT_07514
0,0,0,OUT_07515
0,0,0,OUT_07516
0,0,0,OUT_07517
1,0,0,OUT_07518
1,0,4,OUT_07519
1,0,0,OUT_07520
2,3,11,OUT_07521
0,0,2,OUT_07522
0,0,0,OUT_07523
0,0,0,OUT_07524
1,0,0,OUT_07525
0,0,0,OUT_07526
17,5,16,OUT_07527
2,1,1,OUT_07528
0,0,0,OUT_07529
0,0,0,OUT_07530
0,0,0,OUT_07531
1,0,0,OUT_07532
0,0,5,OUT_07533
1,0,3,OUT_07534
0,0,0,OUT_07535
0,0,1,OUT_07536
0,0,0,OUT_07537
0,0,0,OUT_07538
1,0,0,OUT_07539
0,0,0,OUT_07540
0,0,0,OUT_07541
0,0,0,OUT_07542
0,0,0,OUT_07543
2,0,21,OUT_07544
0,0,0,OUT_07545
0,0,0,OUT_07546
0,0,0,OUT_07547
0,0,0,OUT_07548
0,0,0,OUT_07549
1,1,0,OUT_07550
2,0,0,OUT_07551
1,0,0,OUT_07552
0,1,0,OUT_07553
0,0,0,OUT_07554
0,1,0,OUT_07555
0,0,0,OUT_07556
0,0,0,OUT_07557
0,0,0,OUT_07558
0,0,0,OUT_07559
0,0,0,OUT_07560
2,0,0,OUT_07561
0,0,6,OUT_07562
0,0,0,OUT_07563
1,2,1,OUT_07564
0,0,0,OUT_07565
1,0,0,OUT_07566
2,0,0,OUT_07567
0,0,0,OUT_07568
1,0,0,OUT_07569
0,0,0,OUT_07570
2,0,0,OUT_07571
9,2,10,OUT_07572
0,0,0,OUT_07573
0,0,0,OUT_07574
4,0,0,OUT_07575
0,0,0,OUT_07576
10,2,10,OUT_07577
0,0,0,OUT_07578
3,3,7,OUT_07579
2,1,0,OUT_07580
1,1,0,OUT_07581
10,0,18,OUT_07582
0,0,0,OUT_07583
0,0,0,OUT_07584
0,0,0,OUT_07585
1,0,0,OUT_07586
0,0,0,OUT_07587
0,0,0,OUT_07588
0,1,1,OUT_07589
1,0,2,OUT_07590
0,0,0,OUT_07591
0,0,0,OUT_07592
0,0,0,OUT_07593
0,0,0,OUT_07594
1,1,4,OUT_07595
27,1,15,OUT_07596
0,0,0,OUT_07597
0,0,0,OUT_07598
0,0,0,OUT_07599
30,9,11,OUT_07600
0,0,2,OUT_07601
1,0,0,OUT_07602
0,0,0,OUT_07603
0,0,0,OUT_07604
0,1,0,OUT_07605
0,0,0,OUT_07606
0,0,0,OUT_07607
0,0,0,OUT_07608
1,0,0,OUT_07609
1,0,0,OUT_07610
0,0,0,OUT_07611
0,0,0,OUT_07612
0,0,0,OUT_07613
4,0,0,OUT_07614
0,0,0,OUT_07615
0,0,0,OUT_07616
2,0,18,OUT_07617
2,2,0,OUT_07618
0,0,0,OUT_07619
0,0,0,OUT_07620
2,1,0,OUT_07621
0,0,0,OUT_07622
1,0,0,OUT_07623
0,0,0,OUT_07624
0,0,0,OUT_07625
26,1,14,OUT_07626
0,0,0,OUT_07627
0,0,0,OUT_07628
0,0,2,OUT_07629
0,0,0,OUT_07630
0,0,0,OUT_07631
1,0,0,OUT_07632
0,0,0,OUT_07633
0,0,0,OUT_07634
0,0,0,OUT_07635
0,0,3,OUT_07636
0,0,0,OUT_07637
0,0,0,OUT_07638
0,0,0,OUT_07639
0,0,4,OUT_07640
0,0,0,OUT_07641
5,1,4,OUT_07642
0,0,0,OUT_07643
2,0,2,OUT_07644
0,0,0,OUT_07645
0,0,0,OUT_07646
2,0,0,OUT_07647
0,0,0,OUT_07648
0,0,0,OUT_07649
0,1,0,OUT_07650
0,0,0,OUT_07651
0,1,4,OUT_07652
0,0,0,OUT_07653
0,0,0,OUT_07654
0,0,0,OUT_07655
0,0,0,OUT_07656
0,0,0,OUT_07657
1,0,0,OUT_07658
0,0,0,OUT_07659
0,0,0,OUT_07660
0,0,0,OUT_07661
0,0,0,OUT_07662
0,0,0,OUT_07663
2,0,0,OUT_07664
0,0,2,OUT_07665
0,0,0,OUT_07666
0,0,0,OUT_07667
1,0,0,OUT_07668
1,0,1,OUT_07669
1,0,4,OUT_07670
0,0,0,OUT_07671
0,0,0,OUT_07672
0,0,0,OUT_07673
1,0,0,OUT_07674
0,0,0,OUT_07675
0,0,0,OUT_07676
0,0,0,OUT_07677
0,0,0,OUT_07678
0,0,0,OUT_07679
0,0,0,OUT_07680
19,1,0,OUT_07681
0,0,0,OUT_07682
0,1,0,OUT_07683
0,0,2,OUT_07684
0,0,0,OUT_07685
1,0,0,OUT_07686
0,0,0,OUT_07687
1,0,0,OUT_07688
0,0,0,OUT_07689
1,0,2,OUT_07690
0,0,0,OUT_07691
0,0,0,OUT_07692
0,0,0,OUT_07693
0,0,0,OUT_07694
0,0,1,OUT_07695
1,0,0,OUT_07696
0,0,0,OUT_07697
0,0,0,OUT_07698
0,0,0,OUT_07699
0,0,0,OUT_07700
1,0,1,OUT_07701
0,0,0,OUT_07702
0,0,0,OUT_07703
0,0,0,OUT_07704
0,0,0,OUT_07705
0,0,0,OUT_07706
0,0,0,OUT_07707
0,0,0,OUT_07708
2,2,0,OUT_07709
0,0,0,OUT_07710
1,1,0,OUT_07711
0,0,0,OUT_07712
8,1,14,OUT_07713
0,0,4,OUT_07714
1,0,0,OUT_07715
0,0,0,OUT_07716
0,0,0,OUT_07717
0,0,1,OUT_07718
0,0,0,OUT_07719
0,0,8,OUT_07720
0,0,0,OUT_07721
0,0,0,OUT_07722
0,0,0,OUT_07723
0,0,0,OUT_07724
1,1,0,OUT_07725
0,0,0,OUT_07726
2,0,0,OUT_07727
1,0,0,OUT_07728
2,0,0,OUT_07729
0,0,0,OUT_07730
0,0,0,OUT_07731
0,0,0,OUT_07732
0,0,0,OUT_07733
0,0,0,OUT_07734
0,0,0,OUT_07735
1,0,1,OUT_07736
0,0,0,OUT_07737
0,0,0,OUT_07738
2,1,0,OUT_07739
2,0,0,OUT_07740
0,0,1,OUT_07741
0,0,0,OUT_07742
0,0,0,OUT_07743
9,1,0,OUT_07744
0,1,8,OUT_07745
0,0,0,OUT_07746
0,0,0,OUT_07747
0,0,0,OUT_07748
0,0,0,OUT_07749
0,0,4,OUT_07750
0,0,0,OUT_07751
1,0,0,OUT_07752
0,0,0,OUT_07753
0,0,0,OUT_07754
0,0,0,OUT_07755
0,0,1,OUT_07756
0,0,1,OUT_07757
0,0,0,OUT_07758
0,0,0,OUT_07759
0,0,3,OUT_07760
0,0,0,OUT_07761
0,0,0,OUT_07762
0,0,0,OUT_07763
2,2,0,OUT_07764
0,0,0,OUT_07765
0,0,0,OUT_07766
1,0,0,OUT_07767
1,0,0,OUT_07768
0,0,0,OUT_07769
0,0,0,OUT_07770
0,0,0,OUT_07771
1,0,0,OUT_07772
0,1,0,OUT_07773
0,0,0,OUT_07774
0,0,0,OUT_07775
0,0,0,OUT_07776
0,0,0,OUT_07777
1,0,0,OUT_07778
1,0,0,OUT_07779
0,0,1,OUT_07780
3,1,6,OUT_07781
0,1,0,OUT_07782
0,0,1,OUT_07783
0,0,0,OUT_07784
1,0,0,OUT_07785
1,0,1,OUT_07786
0,0,1,OUT_07787
0,0,0,OUT_07788
0,0,0,OUT_07789
0,0,0,OUT_07790
1,0,15,OUT_07791
2,0,0,OUT_07792
0,0,2,OUT_07793
0,0,0,OUT_07794
1,0,0,OUT_07795
0,0,0,OUT_07796
2,1,0,OUT_07797
0,0,4,OUT_07798
0,0,0,OUT_07799
0,0,0,OUT_07800
0,0,6,OUT_07801
0,0,1,OUT_07802
0,0,0,OUT_07803
4,0,0,OUT_07804
0,0,0,OUT_07805
0,0,0,OUT_07806
0,0,0,OUT_07807
0,0,1,OUT_07808
0,0,0,OUT_07809
0,0,0,OUT_07810
5,2,6,OUT_07811
0,0,0,OUT_07812
1,0,0,OUT_07813
0,0,0,OUT_07814
0,0,0,OUT_07815
0,0,0,OUT_07816
0,0,0,OUT_07817
0,0,0,OUT_07818
0,0,0,OUT_07819
0,0,0,OUT_07820
0,0,0,OUT_07821
0,0,0,OUT_07822
0,0,0,OUT_07823
0,0,0,OUT_07824
0,0,0,OUT_07825
0,0,0,OUT_07826
3,0,8,OUT_07827
0,0,0,OUT_07828
0,0,0,OUT_07829
0,0,0,OUT_07830
4,0,5,OUT_07831
0,0,0,OUT_07832
0,0,1,OUT_07833
2,1,3,OUT_07834
0,0,0,OUT_07835
0,0,2,OUT_07836
0,0,0,OUT_07837
0,0,0,OUT_07838
0,0,0,OUT_07839
0,0,0,OUT_07840
0,0,0,OUT_07841
0,0,0,OUT_07842
0,0,0,OUT_07843
1,0,0,OUT_07844
2,2,4,OUT_07845
0,0,0,OUT_07846
1,0,1,OUT_07847
2,0,6,OUT_07848
0,0,0,OUT_07849
0,0,0,OUT_07850
0,0,0,OUT_07851
0,0,0,OUT_07852
1,0,0,OUT_07853
0,0,0,OUT_07854
0,0,0,OUT_07855
0,0,0,OUT_07856
3,1,7,OUT_07857
0,0,0,OUT_07858
2,0,1,OUT_07859
0,0,0,OUT_07860
0,0,0,OUT_07861
0,1,2,OUT_07862
0,0,0,OUT_07863
0,0,0,OUT_07864
0,0,0,OUT_07865
0,0,0,OUT_07866
0,0,0,OUT_07867
0,0,1,OUT_07868
0,0,0,OUT_07869
0,0,1,OUT_07870
3,0,0,OUT_07871
2,0,22,OUT_07872
0,0,0,OUT_07873
0,0,0,OUT_07874
0,0,0,OUT_07875
0,0,0,OUT_07876
1,0,0,OUT_07877
0,0,0,OUT_07878
1,2,5,OUT_07879
0,0,0,OUT_07880
0,0,0,OUT_07881
0,0,0,OUT_07882
0,0,1,OUT_07883
0,0,0,OUT_07884
0,0,0,OUT_07885
0,0,0,OUT_07886
1,1,0,OUT_07887
0,0,0,OUT_07888
0,0,1,OUT_07889
0,0,0,OUT_07890
1,1,4,OUT_07891
0,0,0,OUT_07892
0,0,3,OUT_07893
3,3,0,OUT_07894
1,0,0,OUT_07895
0,0,0,OUT_07896
0,0,0,OUT_07897
0,0,1,OUT_07898
0,0,1,OUT_07899
0,0,0,OUT_07900
3,1,10,OUT_07901
0,0,0,OUT_07902
1,0,0,OUT_07903
1,0,0,OUT_07904
0,0,0,OUT_07905
0,0,0,OUT_07906
1,0,0,OUT_07907
0,0,1,OUT_07908
0,0,0,OUT_07909
1,0,1,OUT_07910
0,0,0,OUT_07911
0,0,0,OUT_07912
1,0,9,OUT_07913
2,0,0,OUT_07914
0,0,0,OUT_07915
0,0,0,OUT_07916
0,0,0,OUT_07917
4,0,8,OUT_07918
1,1,25,OUT_07919
1,2,5,OUT_07920
0,1,0,OUT_07921
0,0,0,OUT_07922
0,0,5,OUT_07923
0,0,0,OUT_07924
0,0,0,OUT_07925
0,0,0,OUT_07926
16,1,19,OUT_07927
2,3,4,OUT_07928
0,0,0,OUT_07929
0,0,0,OUT_07930
0,1,0,OUT_07931
2,0,0,OUT_07932
2,0,3,OUT_07933
1,0,3,OUT_07934
0,0,0,OUT_07935
3,0,5,OUT_07936
0,0,8,OUT_07937
0,0,0,OUT_07938
0,0,0,OUT_07939
10,3,22,OUT_07940
0,0,0,OUT_07941
1,0,0,OUT_07942
0,0,0,OUT_07943
10,1,22,OUT_07944
0,0,0,OUT_07945
0,1,0,OUT_07946
0,0,0,OUT_07947
1,0,0,OUT_07948
0,0,0,OUT_07949
0,0,0,OUT_07950
0,0,0,OUT_07951
0,0,0,OUT_07952
2,0,0,OUT_07953
0,0,0,OUT_07954
0,0,0,OUT_07955
20,1,10,OUT_07956
0,0,0,OUT_07957
1,0,0,OUT_07958
0,0,0,OUT_07959
0,0,1,OUT_07960
0,0,0,OUT_07961
0,0,0,OUT_07962
0,0,0,OUT_07963
0,0,0,OUT_07964
0,0,0,OUT_07965
1,0,0,OUT_07966
14,1,20,OUT_07967
1,0,0,OUT_07968
1,0,0,OUT_07969
1,3,1,OUT_07970
0,0,0,OUT_07971
0,0,0,OUT_07972
1,0,8,OUT_07973
0,0,0,OUT_07974
1,0,0,OUT_07975
0,0,0,OUT_07976
0,0,0,OUT_07977
0,0,8,OUT_07978
1,0,1,OUT_07979
0,0,0,OUT_07980
0,0,0,OUT_07981
3,2,10,OUT_07982
2,0,1,OUT_07983
0,0,0,OUT_07984
0,0,7,OUT_07985
1,0,0,OUT_07986
0,0,0,OUT_07987
4,0,8,OUT_07988
0,0,0,OUT_07989
0,0,0,OUT_07990
1,0,0,OUT_07991
0,0,0,OUT_07992
0,0,0,OUT_07993
0,0,0,OUT_07994
0,0,0,OUT_07995
0,0,0,OUT_07996
0,0,0,OUT_07997
1,2,5,OUT_07998
0,0,0,OUT_07999
0,0,0,OUT_08000
0,0,0,OUT_08001
0,0,0,OUT_08002
1,1,1,OUT_08003
0,0,0,OUT_08004
0,0,0,OUT_08005
0,0,0,OUT_08006
4,0,0,OUT_08007
1,1,2,OUT_08008
0,0,0,OUT_08009
0,0,2,OUT_08010
2,0,0,OUT_08011
0,0,4,OUT_08012
0,0,0,OUT_08013
0,0,0,OUT_08014
0,0,0,OUT_08015
0,0,3,OUT_08016
0,0,0,OUT_08017
0,1,1,OUT_08018
0,0,0,OUT_08019
0,0,0,OUT_08020
0,0,2,OUT_08021
0,0,0,OUT_08022
1,0,0,OUT_08023
1,0,0,OUT_08024
4,0,0,OUT_08025
1,0,8,OUT_08026
0,0,0,OUT_08027
0,1,0,OUT_08028
0,0,0,OUT_08029
1,1,0,OUT_08030
0,0,0,OUT_08031
0,0,0,OUT_08032
0,0,0,OUT_08033
0,0,0,OUT_08034
2,0,3,OUT_08035
2,0,0,OUT_08036
0,0,0,OUT_08037
1,0,0,OUT_08038
0,0,0,OUT_08039
0,0,1,OUT_08040
0,0,0,OUT_08041
0,0,0,OUT_08042
1,0,0,OUT_08043
0,0,0,OUT_08044
0,0,0,OUT_08045
5,0,0,OUT_08046
0,0,0,OUT_08047
0,0,0,OUT_08048
5,2,6,OUT_08049
0,0,0,OUT_08050
2,0,7,OUT_08051
0,0,0,OUT_08052
1,0,5,OUT_08053
0,0,0,OUT_08054
0,0,0,OUT_08055
1,0,1,OUT_08056
0,0,0,OUT_08057
0,0,0,OUT_08058
0,1,0,OUT_08059
1,1,0,OUT_08060
15,4,18,OUT_08061
0,0,0,OUT_08062
0,0,0,OUT_08063
2,3,0,OUT_08064
1,1,0,OUT_08065
0,0,0,OUT_08066
0,0,0,OUT_08067
0,0,0,OUT_08068
0,0,2,OUT_08069
0,0,0,OUT_08070
0,0,0,OUT_08071
0,0,9,OUT_08072
0,0,8,OUT_08073
0,0,0,OUT_08074
0,0,0,OUT_08075
0,0,0,OUT_08076
0,0,2,OUT_08077
0,0,0,OUT_08078
0,0,0,OUT_08079
0,0,3,OUT_08080
14,4,17,OUT_08081
3,1,1,OUT_08082
1,1,16,OUT_08083
0,0,0,OUT_08084
0,0,0,OUT_08085
0,0,0,OUT_08086
1,0,0,OUT_08087
1,0,0,OUT_08088
0,0,0,OUT_08089
1,0,3,OUT_08090
1,0,0,OUT_08091
1,1,8,OUT_08092
0,0,0,OUT_08093
0,0,0,OUT_08094
0,0,0,OUT_08095
0,0,0,OUT_08096
1,0,1,OUT_08097
0,0,0,OUT_08098
0,0,9,OUT_08099
4,0,2,OUT_08100
0,0,5,OUT_08101
0,0,0,OUT_08102
0,0,0,OUT_08103
0,0,0,OUT_08104
0,0,0,OUT_08105
0,0,0,OUT_08106
0,0,1,OUT_08107
4,0,0,OUT_08108
0,0,0,OUT_08109
3,1,1,OUT_08110
0,0,0,OUT_08111
0,0,0,OUT_08112
0,0,0,OUT_08113
1,0,0,OUT_08114
0,0,7,OUT_08115
0,0,0,OUT_08116
0,0,0,OUT_08117
0,0,0,OUT_08118
0,0,3,OUT_08119
0,0,0,OUT_08120
0,0,2,OUT_08121
2,0,4,OUT_08122
0,0,0,OUT_08123
1,2,0,OUT_08124
0,0,0,OUT_08125
2,0,0,OUT_08126
0,0,0,OUT_08127
1,0,0,OUT_08128
2,2,6,OUT_08129
0,0,0,OUT_08130
1,0,0,OUT_08131
0,0,4,OUT_08132
0,0,0,OUT_08133
0,0,6,OUT_08134
1,0,23,OUT_08135
0,0,0,OUT_08136
0,0,0,OUT_08137
1,0,0,OUT_08138
1,0,0,OUT_08139
0,0,1,OUT_08140
4,0,1,OUT_08141
1,0,2,OUT_08142
0,0,0,OUT_08143
0,1,0,OUT_08144
0,0,0,OUT_08145
0,0,0,OUT_08146
3,0,1,OUT_08147
0,0,0,OUT_08148
0,0,0,OUT_08149
0,0,0,OUT_08150
1,0,0,OUT_08151
0,0,0,OUT_08152
0,0,0,OUT_08153
1,0,0,OUT_08154
0,0,0,OUT_08155
0,0,0,OUT_08156
1,0,0,OUT_08157
0,0,0,OUT_08158
1,0,0,OUT_08159
1,0,0,OUT_08160
3,0,0,OUT_08161
0,0,0,OUT_08162
0,0,0,OUT_08163
0,0,0,OUT_08164
8,1,2,OUT_08165
0,0,0,OUT_08166
0,0,4,OUT_08167
1,0,0,OUT_08168
35,9,13,OUT_08169
0,0,0,OUT_08170
0,0,6,OUT_08171
0,0,0,OUT_08172
0,0,0,OUT_08173
0,0,0,OUT_08174
0,0,1,OUT_08175
0,0,0,OUT_08176
2,0,1,OUT_08177
0,0,0,OUT_08178
2,0,8,OUT_08179
2,0,0,OUT_08180
0,0,0,OUT_08181
11,2,13,OUT_08182
0,0,0,OUT_08183
0,0,0,OUT_08184
0,0,0,OUT_08185
9,1,10,OUT_08186
0,0,0,OUT_08187
0,0,0,OUT_08188
0,0,0,OUT_08189
3,2,6,OUT_08190
0,0,0,OUT_08191
0,0,0,OUT_08192
0,0,0,OUT_08193
1,0,0,OUT_08194
0,0,0,OUT_08195
1,1,0,OUT_08196
0,0,0,OUT_08197
0,0,0,OUT_08198
0,0,0,OUT_08199
1,1,0,OUT_08200
0,0,0,OUT_08201
0,0,2,OUT_08202
0,0,3,OUT_08203
0,0,0,OUT_08204
13,5,10,OUT_08205
0,0,0,OUT_08206
0,0,0,OUT_08207
1,1,0,OUT_08208
0,0,0,OUT_08209
0,0,0,OUT_08210
0,0,0,OUT_08211
1,0,1,OUT_08212
1,1,0,OUT_08213
1,0,1,OUT_08214
0,0,0,OUT_08215
0,0,0,OUT_08216
4,3,0,OUT_08217
6,2,8,OUT_08218
0,0,0,OUT_08219
1,0,0,OUT_08220
0,0,0,OUT_08221
0,0,7,OUT_08222
0,0,0,OUT_08223
0,1,2,OUT_08224
0,0,0,OUT_08225
1,1,3,OUT_08226
0,0,0,OUT_08227
0,0,0,OUT_08228
0,0,0,OUT_08229
0,0,0,OUT_08230
0,0,0,OUT_08231
0,0,2,OUT_08232
2,0,0,OUT_08233
0,0,7,OUT_08234
0,0,0,OUT_08235
4,0,2,OUT_08236
1,0,0,OUT_08237
0,0,0,OUT_08238
0,0,0,OUT_08239
0,0,0,OUT_08240
0,0,0,OUT_08241
0,0,4,OUT_08242
0,0,1,OUT_08243
0,1,0,OUT_08244
1,0,11,OUT_08245
1,0,1,OUT_08246
4,0,0,OUT_08247
0,0,0,OUT_08248
0,0,0,OUT_08249
0,0,0,OUT_08250
1,0,0,OUT_08251
4,0,4,OUT_08252
2,1,0,OUT_08253
0,0,0,OUT_08254
0,0,0,OUT_08255
0,0,1,OUT_08256
1,0,2,OUT_08257
2,1,8,OUT_08258
0,0,0,OUT_08259
0,0,0,OUT_08260
0,0,0,OUT_08261
1,0,1,OUT_08262
0,0,0,OUT_08263
0,0,0,OUT_08264
0,0,0,OUT_08265
0,0,0,OUT_08266
0,0,0,OUT_08267
1,0,0,OUT_08268
0,0,16,OUT_08269
0,0,0,OUT_08270
9,0,9,OUT_08271
0,0,0,OUT_08272
1,2,0,OUT_08273
0,1,0,OUT_08274
0,1,0,OUT_08275
0,0,0,OUT_08276
1,0,0,OUT_08277
0,0,0,OUT_08278
0,0,0,OUT_08279
1,1,0,OUT_08280
0,0,0,OUT_08281
0,0,0,OUT_08282
0,0,0,OUT_08283
3,0,1,OUT_08284
0,0,0,OUT_08285
0,0,0,OUT_08286
0,0,0,OUT_08287
0,0,0,OUT_08288
0,0,0,OUT_08289
0,0,0,OUT_08290
0,0,0,OUT_08291
1,1,2,OUT_08292
0,0,0,OUT_08293
3,1,2,OUT_08294
1,0,1,OUT_08295
0,0,0,OUT_08296
3,1,0,OUT_08297
0,0,0,OUT_08298
0,0,0,OUT_08299
0,0,0,OUT_08300
3,1,0,OUT_08301
0,0,0,OUT_08302
1,0,1,OUT_08303
1,0,0,OUT_08304
8,2,11,OUT_08305
0,0,0,OUT_08306
0,0,0,OUT_08307
1,0,0,OUT_08308
0,0,1,OUT_08309
0,0,0,OUT_08310
0,0,0,OUT_08311
6,0,5,OUT_08312
0,0,0,OUT_08313
0,0,0,OUT_08314
0,0,0,OUT_08315
0,0,0,OUT_08316
0,0,2,OUT_08317
0,0,0,OUT_08318
1,1,11,OUT_08319
0,0,0,OUT_08320
0,0,0,OUT_08321
1,0,0,OUT_08322
1,0,0,OUT_08323
0,0,0,OUT_08324
0,0,0,OUT_08325
0,0,0,OUT_08326
0,0,0,OUT_08327
0,0,0,OUT_08328
1,0,0,OUT_08329
2,0,1,OUT_08330
0,0,2,OUT_08331
1,0,0,OUT_08332
22,3,14,OUT_08333
0,0,0,OUT_08334
0,0,0,OUT_08335
0,1,0,OUT_08336
0,0,0,OUT_08337
0,0,0,OUT_08338
0,0,0,OUT_08339
2,0,0,OUT_08340
2,0,8,OUT_08341
0,0,0,OUT_08342
0,0,0,OUT_08343
0,0,2,OUT_08344
0,0,0,OUT_08345
0,0,0,OUT_08346
0,0,0,OUT_08347
0,0,1,OUT_08348
1,0,1,OUT_08349
0,0,0,OUT_08350
6,1,4,OUT_08351
2,3,0,OUT_08352
0,0,0,OUT_08353
0,0,0,OUT_08354
13,2,13,OUT_08355
1,0,1,OUT_08356
0,0,1,OUT_08357
0,0,0,OUT_08358
1,1,0,OUT_08359
0,0,0,OUT_08360
0,0,0,OUT_08361
2,3,13,OUT_08362
0,0,0,OUT_08363
1,0,0,OUT_08364
0,0,0,OUT_08365
0,0,0,OUT_08366
0,0,0,OUT_08367
12,4,16,OUT_08368
0,0,0,OUT_08369
0,0,0,OUT_08370
0,0,0,OUT_08371
0,0,0,OUT_08372
0,0,0,OUT_08373
1,0,1,OUT_08374
1,0,0,OUT_08375
0,0,0,OUT_08376
0,0,0,OUT_08377
0,0,1,OUT_08378
0,0,0,OUT_08379
0,0,2,OUT_08380
0,0,0,OUT_08381
1,0,8,OUT_08382
0,0,0,OUT_08383
0,0,0,OUT_08384
0,0,0,OUT_08385
0,0,0,OUT_08386
3,0,1,OUT_08387
10,3,11,OUT_08388
0,0,0,OUT_08389
0,0,0,OUT_08390
0,0,0,OUT_08391
0,0,4,OUT_08392
0,0,0,OUT_08393
0,0,0,OUT_08394
0,0,0,OUT_08395
0,0,0,OUT_08396
0,0,0,OUT_08397
0,0,0,OUT_08398
6,1,5,OUT_08399
0,0,0,OUT_08400
0,0,0,OUT_08401
0,0,0,OUT_08402
0,0,0,OUT_08403
1,1,9,OUT_08404
0,0,0,OUT_08405
0,0,0,OUT_08406
1,0,0,OUT_08407
0,0,0,OUT_08408
0,0,1,OUT_08409
0,0,0,OUT_08410
0,0,0,OUT_08411
0,0,17,OUT_08412
0,0,0,OUT_08413
0,0,0,OUT_08414
1,0,1,OUT_08415
0,0,0,OUT_08416
0,0,0,OUT_08417
0,0,0,OUT_08418
0,0,0,OUT_08419
0,0,0,OUT_08420
0,0,0,OUT_08421
0,0,0,OUT_08422
0,0,0,OUT_08423
0,0,0,OUT_08424
2,0,3,OUT_08425
0,0,0,OUT_08426
0,0,1,OUT_08427
0,0,2,OUT_08428
1,0,0,OUT_08429
0,0,0,OUT_08430
0,0,0,OUT_08431
0,0,0,OUT_08432
1,0,2,OUT_08433
0,0,0,OUT_08434
1,0,0,OUT_08435
4,0,2,OUT_08436
1,0,0,OUT_08437
1,0,8,OUT_08438
0,0,0,OUT_08439
0,0,0,OUT_08440
0,0,0,OUT_08441
6,0,2,OUT_08442
0,1,0,OUT_08443
0,0,0,OUT_08444
1,0,0,OUT_08445
0,0,0,OUT_08446
0,0,0,OUT_08447
0,0,0,OUT_08448
1,0,0,OUT_08449
0,0,0,OUT_08450
0,0,0,OUT_08451
0,0,0,OUT_08452
0,0,0,OUT_08453
0,0,0,OUT_08454
0,0,0,OUT_08455
1,0,0,OUT_08456
0,0,1,OUT_08457
0,0,15,OUT_08458
1,0,0,OUT_08459
0,0,0,OUT_08460
0,0,0,OUT_08461
0,0,0,OUT_08462
0,0,0,OUT_08463
2,1,0,OUT_08464
0,0,0,OUT_08465
0,0,0,OUT_08466
1,0,0,OUT_08467
0,0,0,OUT_08468
1,0,0,OUT_08469
0,0,0,OUT_08470
0,0,6,OUT_08471
0,0,0,OUT_08472
1,0,0,OUT_08473
1,2,0,OUT_08474
1,0,2,OUT_08475
0,0,0,OUT_08476
0,0,0,OUT_08477
0,0,2,OUT_08478
0,0,0,OUT_08479
0,0,0,OUT_08480
0,0,0,OUT_08481
0,0,0,OUT_08482
0,0,0,OUT_08483
0,0,0,OUT_08484
0,0,0,OUT_08485
1,0,0,OUT_08486
1,0,0,OUT_08487
1,0,0,OUT_08488
0,0,0,OUT_08489
0,0,0,OUT_08490
2,0,0,OUT_08491
0,0,0,OUT_08492
1,0,0,OUT_08493
0,0,0,OUT_08494
1,0,0,OUT_08495
0,0,0,OUT_08496
1,0,2,OUT_08497
0,0,0,OUT_08498
0,0,0,OUT_08499
0,0,0,OUT_08500
1,0,0,OUT_08501
0,0,0,OUT_08502
0,0,0,OUT_08503
0,0,0,OUT_08504
0,0,0,OUT_08505
3,0,1,OUT_08506
0,0,0,OUT_08507
0,0,0,OUT_08508
0,0,0,OUT_08509
0,0,0,OUT_08510
0,0,0,OUT_08511
0,0,0,OUT_08512
0,0,1,OUT_08513
0,0,0,OUT_08514
0,0,0,OUT_08515
0,1,0,OUT_08516
0,0,0,OUT_08517
0,0,0,OUT_08518
0,0,0,OUT_08519
0,0,0,OUT_08520
0,0,0,OUT_08521
0,0,0,OUT_08522
0,0,0,OUT_08523
0,0,0,OUT_08524
5,0,0,OUT_08525
0,0,12,OUT_08526
1,0,3,OUT_08527
2,0,2,OUT_08528
0,0,0,OUT_08529
0,0,0,OUT_08530
2,0,0,OUT_08531
2,0,3,OUT_08532
0,0,0,OUT_08533
0,0,0,OUT_08534
0,0,0,OUT_08535
0,0,0,OUT_08536
0,0,1,OUT_08537
2,1,0,OUT_08538
0,0,0,OUT_08539
0,0,0,OUT_08540
17,1,14,OUT_08541
1,1,6,OUT_08542
0,0,0,OUT_08543
0,0,0,OUT_08544
0,0,3,OUT_08545
0,0,0,OUT_08546
2,0,0,OUT_08547
1,0,1,OUT_08548
0,0,0,OUT_08549
0,0,0,OUT_08550
0,0,0,OUT_08551
0,0,0,OUT_08552
1,0,0,OUT_08553
0,0,0,OUT_08554
0,0,0,OUT_08555
1,0,1,OUT_08556
2,0,1,OUT_08557
0,0,0,OUT_08558
0,0,2,OUT_08559
1,1,0,OUT_08560
0,0,0,OUT_08561
0,0,0,OUT_08562
0,0,0,OUT_08563
0,0,0,OUT_08564
5,0,3,OUT_08565
0,0,0,OUT_08566
0,0,0,OUT_08567
0,0,0,OUT_08568
0,0,0,OUT_08569
0,0,0,OUT_08570
1,1,0,OUT_08571
7,1,6,OUT_08572
0,0,0,OUT_08573
0,0,0,OUT_08574
0,0,0,OUT_08575
2,0,0,OUT_08576
0,0,2,OUT_08577
0,0,0,OUT_08578
0,0,0,OUT_08579
0,0,0,OUT_08580
3,0,1,OUT_08581
0,0,1,OUT_08582
1,0,0,OUT_08583
0,0,0,OUT_08584
1,0,0,OUT_08585
0,0,0,OUT_08586
1,0,0,OUT_08587
2,1,5,OUT_08588
0,0,0,OUT_08589
0,0,0,OUT_08590
1,1,0,OUT_08591
0,0,15,OUT_08592
0,0,10,OUT_08593
0,0,0,OUT_08594
1,0,0,OUT_08595
0,0,0,OUT_08596
0,0,0,OUT_08597
0,0,0,OUT_08598
0,0,0,OUT_08599
0,0,0,OUT_08600
0,0,0,OUT_08601
0,0,0,OUT_08602
0,0,0,OUT_08603
9,2,9,OUT_08604
33,9,17,OUT_08605
0,0,0,OUT_08606
0,0,0,OUT_08607
0,0,0,OUT_08608
0,0,0,OUT_08609
0,0,0,OUT_08610
0,0,2,OUT_08611
0,0,0,OUT_08612
0,0,0,OUT_08613
0,0,0,OUT_08614
0,0,0,OUT_08615
0,0,0,OUT_08616
0,1,2,OUT_08617
0,0,0,OUT_08618
1,0,0,OUT_08619
0,0,0,OUT_08620
3,0,1,OUT_08621
1,0,0,OUT_08622
2,0,4,OUT_08623
3,3,1,OUT_08624
0,0,0,OUT_08625
0,0,3,OUT_08626
0,0,0,OUT_08627
0,0,0,OUT_08628
3,1,5,OUT_08629
0,0,0,OUT_08630
0,1,0,OUT_08631
0,0,1,OUT_08632
1,0,0,OUT_08633
1,1,7,OUT_08634
1,1,0,OUT_08635
1,1,0,OUT_08636
10,1,8,OUT_08637
0,0,0,OUT_08638
0,0,5,OUT_08639
0,0,0,OUT_08640
0,0,10,OUT_08641
0,0,0,OUT_08642
0,0,0,OUT_08643
0,0,0,OUT_08644
1,0,0,OUT_08645
0,0,0,OUT_08646
0,0,10,OUT_08647
0,0,0,OUT_08648
1,0,19,OUT_08649
0,0,2,OUT_08650
0,0,0,OUT_08651
0,0,0,OUT_08652
1,0,4,OUT_08653
0,0,0,OUT_08654
0,0,0,OUT_08655
0,0,0,OUT_08656
3,0,1,OUT_08657
4,0,10,OUT_08658
0,0,1,OUT_08659
0,0,0,OUT_08660
0,0,0,OUT_08661
1,0,0,OUT_08662
0,0,0,OUT_08663
0,0,3,OUT_08664
0,0,0,OUT_08665
5,1,4,OUT_08666
0,0,0,OUT_08667
0,0,0,OUT_08668
7,0,14,OUT_08669
0,0,0,OUT_08670
1,0,2,OUT_08671
1,1,0,OUT_08672
2,0,10,OUT_08673
1,0,0,OUT_08674
0,0,0,OUT_08675
0,0,2,OUT_08676
9,2,14,OUT_08677
0,0,0,OUT_08678
0,0,0,OUT_08679
0,0,0,OUT_08680
9,0,8,OUT_08681
0,0,1,OUT_08682
0,0,0,OUT_08683
0,0,0,OUT_08684
0,0,0,OUT_08685
0,0,1,OUT_08686
1,2,0,OUT_08687
1,0,0,OUT_08688
1,0,2,OUT_08689
0,0,0,OUT_08690
0,0,1,OUT_08691
1,1,1,OUT_08692
0,0,0,OUT_08693
1,0,0,OUT_08694
0,0,0,OUT_08695
0,0,0,OUT_08696
0,0,0,OUT_08697
0,0,0,OUT_08698
0,1,0,OUT_08699
0,0,0,OUT_08700
0,0,0,OUT_08701
1,0,1,OUT_08702
0,0,0,OUT_08703
1,0,0,OUT_08704
0,0,0,OUT_08705
0,1,0,OUT_08706
0,0,0,OUT_08707
1,0,3,OUT_08708
0,0,3,OUT_08709
0,0,0,OUT_08710
1,0,1,OUT_08711
1,0,0,OUT_08712
1,0,0,OUT_08713
1,0,3,OUT_08714
0,0,0,OUT_08715
0,0,0,OUT_08716
0,0,0,OUT_08717
0,0,0,OUT_08718
8,2,7,OUT_08719
0,0,0,OUT_08720
1,2,1,OUT_08721
0,0,0,OUT_08722
0,0,0,OUT_08723
0,0,0,OUT_08724
0,0,0,OUT_08725
0,0,0,OUT_08726
0,0,0,OUT_08727
1,0,4,OUT_08728
0,0,0,OUT_08729
0,0,5,OUT_08730
0,0,0,OUT_08731
0,0,0,OUT_08732
0,0,0,OUT_08733
0,0,0,OUT_08734
0,0,0,OUT_08735
0,0,1,OUT_08736
0,0,0,OUT_08737
0,0,0,OUT_08738
17,1,9,OUT_08739
0,0,0,OUT_08740
0,0,0,OUT_08741
0,0,0,OUT_08742
1,0,0,OUT_08743
2,1,13,OUT_08744
0,0,0,OUT_08745
0,0,0,OUT_08746
8,3,8,OUT_08747
0,0,0,OUT_08748
1,3,0,OUT_08749
0,0,1,OUT_08750
0,0,0,OUT_08751
0,0,0,OUT_08752
0,0,4,OUT_08753
1,1,4,OUT_08754
0,0,0,OUT_08755
3,2,6,OUT_08756
0,0,0,OUT_08757
0,0,0,OUT_08758
0,0,0,OUT_08759
0,0,1,OUT_08760
2,0,12,OUT_08761
0,0,0,OUT_08762
0,0,0,OUT_08763
0,0,0,OUT_08764
0,0,0,OUT_08765
0,0,0,OUT_08766
0,0,1,OUT_08767
0,0,0,OUT_08768
0,0,0,OUT_08769
0,0,0,OUT_08770
0,0,0,OUT_08771
0,0,0,OUT_08772
0,1,0,OUT_08773
1,0,0,OUT_08774
0,0,0,OUT_08775
0,0,0,OUT_08776
1,0,0,OUT_08777
0,0,0,OUT_08778
0,0,0,OUT_08779
1,0,1,OUT_08780
0,1,0,OUT_08781
0,1,0,OUT_08782
0,0,0,OUT_08783
1,0,5,OUT_08784
1,0,1,OUT_08785
0,0,0,OUT_08786
0,0,5,OUT_08787
0,0,0,OUT_08788
2,1,4,OUT_08789
0,0,0,OUT_08790
0,0,0,OUT_08791
2,0,0,OUT_08792
0,0,0,OUT_08793
0,0,0,OUT_08794
1,1,5,OUT_08795
0,0,0,OUT_08796
0,0,0,OUT_08797
0,0,0,OUT_08798
0,0,0,OUT_08799
0,0,0,OUT_08800
0,0,0,OUT_08801
2,1,0,OUT_08802
0,0,0,OUT_08803
3,1,1,OUT_08804
0,0,0,OUT_08805
0,0,0,OUT_08806
1,0,0,OUT_08807
0,0,0,OUT_08808
0,0,0,OUT_08809
0,0,0,OUT_08810
7,0,0,OUT_08811
2,1,6,OUT_08812
0,0,1,OUT_08813
0,0,0,OUT_08814
0,0,0,OUT_08815
5,1,0,OUT_08816
1,1,2,OUT_08817
2,1,1,OUT_08818
10,0,3,OUT_08819
0,1,0,OUT_08820
0,0,0,OUT_08821
1,0,3,OUT_08822
7,1,3,OUT_08823
1,0,1,OUT_08824
0,0,0,OUT_08825
0,0,0,OUT_08826
0,0,0,OUT_08827
0,0,0,OUT_08828
0,0,0,OUT_08829
0,0,0,OUT_08830
3,0,1,OUT_08831
0,0,0,OUT_08832
1,0,1,OUT_08833
1,2,0,OUT_08834
0,0,0,OUT_08835
2,0,0,OUT_08836
2,0,0,OUT_08837
0,0,0,OUT_08838
0,0,4,OUT_08839
2,1,4,OUT_08840
2,0,0,OUT_08841
0,0,1,OUT_08842
0,0,0,OUT_08843
0,0,0,OUT_08844
4,1,0,OUT_08845
0,0,0,OUT_08846
0,0,0,OUT_08847
0,0,0,OUT_08848
0,0,0,OUT_08849
0,0,0,OUT_08850
1,1,1,OUT_08851
0,0,1,OUT_08852
0,0,0,OUT_08853
2,0,1,OUT_08854
0,0,0,OUT_08855
0,0,0,OUT_08856
1,0,0,OUT_08857
4,0,0,OUT_08858
1,0,0,OUT_08859
0,0,0,OUT_08860
0,0,0,OUT_08861
0,0,7,OUT_08862
0,0,1,OUT_08863
0,0,0,OUT_08864
10,1,13,OUT_08865
1,0,0,OUT_08866
0,0,0,OUT_08867
0,0,0,OUT_08868
0,0,0,OUT_08869
0,2,0,OUT_08870
0,0,0,OUT_08871
0,0,1,OUT_08872
1,0,0,OUT_08873
1,1,3,OUT_08874
2,2,10,OUT_08875
2,0,0,OUT_08876
0,0,5,OUT_08877
0,0,0,OUT_08878
0,0,4,OUT_08879
0,0,0,OUT_08880
1,0,1,OUT_08881
0,0,0,OUT_08882
0,0,4,OUT_08883
0,0,10,OUT_08884
5,0,8,OUT_08885
0,0,0,OUT_08886
0,0,0,OUT_08887
0,0,0,OUT_08888
0,0,0,OUT_08889
0,0,0,OUT_08890
0,0,0,OUT_08891
0,0,0,OUT_08892
0,0,0,OUT_08893
0,0,0,OUT_08894
0,0,0,OUT_08895
0,0,0,OUT_08896
0,0,0,OUT_08897
0,0,0,OUT_08898
1,0,1,OUT_08899
1,1,0,OUT_08900
0,0,0,OUT_08901
0,0,0,OUT_08902
3,0,0,OUT_08903
3,2,11,OUT_08904
0,0,0,OUT_08905
1,0,0,OUT_08906
0,0,1,OUT_08907
0,0,0,OUT_08908
0,0,0,OUT_08909
0,0,0,OUT_08910
2,0,0,OUT_08911
0,0,0,OUT_08912
0,0,4,OUT_08913
0,0,0,OUT_08914
1,0,3,OUT_08915
1,1,0,OUT_08916
0,1,0,OUT_08917
0,0,0,OUT_08918
0,0,0,OUT_08919
0,0,0,OUT_08920
2,0,1,OUT_08921
0,0,0,OUT_08922
0,0,0,OUT_08923
0,0,0,OUT_08924
0,0,0,OUT_08925
0,0,0,OUT_08926
0,0,0,OUT_08927
0,0,0,OUT_08928
0,0,0,OUT_08929
0,0,0,OUT_08930
1,1,3,OUT_08931
1,0,0,OUT_08932
0,0,0,OUT_08933
0,0,0,OUT_08934
0,0,0,OUT_08935
0,0,4,OUT_08936
0,0,0,OUT_08937
0,0,0,OUT_08938
0,0,0,OUT_08939
0,1,0,OUT_08940
0,0,3,OUT_08941
1,0,0,OUT_08942
1,1,0,OUT_08943
0,0,0,OUT_08944
0,0,0,OUT_08945
0,0,0,OUT_08946
1,0,5,OUT_08947
8,1,8,OUT_08948
0,0,0,OUT_08949
1,0,0,OUT_08950
0,0,0,OUT_08951
1,0,1,OUT_08952
22,1,13,OUT_08953
0,0,0,OUT_08954
0,0,0,OUT_08955
15,2,15,OUT_08956
0,0,0,OUT_08957
0,0,0,OUT_08958
0,1,1,OUT_08959
0,0,0,OUT_08960
0,0,0,OUT_08961
0,0,0,OUT_08962
0,0,0,OUT_08963
0,0,0,OUT_08964
0,0,0,OUT_08965
1,0,0,OUT_08966
0,3,0,OUT_08967
0,0,0,OUT_08968
0,1,0,OUT_08969
0,0,0,OUT_08970
1,0,0,OUT_08971
0,0,0,OUT_08972
0,0,0,OUT_08973
1,0,3,OUT_08974
0,0,0,OUT_08975
0,0,0,OUT_08976
0,0,0,OUT_08977
0,0,0,OUT_08978
0,0,0,OUT_08979
0,0,0,OUT_08980
0,0,0,OUT_08981
0,0,0,OUT_08982
0,0,0,OUT_08983
0,0,0,OUT_08984
1,1,0,OUT_08985
0,0,0,OUT_08986
0,0,0,OUT_08987
1,0,0,OUT_08988
0,0,0,OUT_08989
0,0,0,OUT_08990
0,0,0,OUT_08991
2,0,1,OUT_08992
0,0,0,OUT_08993
0,0,0,OUT_08994
0,0,0,OUT_08995
0,0,0,OUT_08996
5,0,0,OUT_08997
1,1,0,OUT_08998
3,3,2,OUT_08999
0,0,0,OUT_09000
0,0,0,OUT_09001
0,0,0,OUT_09002
0,0,0,OUT_09003
0,0,0,OUT_09004
0,0,3,OUT_09005
0,0,2,OUT_09006
0,0,0,OUT_09007
1,0,0,OUT_09008
0,0,0,OUT_09009
0,0,0,OUT_09010
0,0,0,OUT_09011
0,0,0,OUT_09012
0,0,0,OUT_09013
0,0,0,OUT_09014
0,0,0,OUT_09015
0,0,0,OUT_09016
0,0,0,OUT_09017
0,0,0,OUT_09018
0,0,0,OUT_09019
0,0,0,OUT_09020
0,0,0,OUT_09021
0,0,0,OUT_09022
1,0,1,OUT_09023
0,0,0,OUT_09024
0,0,0,OUT_09025
0,0,1,OUT_09026
0,0,0,OUT_09027
0,0,1,OUT_09028
0,0,0,OUT_09029
0,0,0,OUT_09030
0,0,0,OUT_09031
0,0,2,OUT_09032
0,0,0,OUT_09033
0,0,0,OUT_09034
0,0,2,OUT_09035
0,0,0,OUT_09036
0,0,0,OUT_09037
1,0,0,OUT_09038
0,0,0,OUT_09039
0,0,2,OUT_09040
0,0,0,OUT_09041
0,0,0,OUT_09042
0,0,0,OUT_09043
0,0,0,OUT_09044
0,0,0,OUT_09045
1,0,0,OUT_09046
0,0,0,OUT_09047
0,0,0,OUT_09048
3,2,8,OUT_09049
0,0,0,OUT_09050
0,0,0,OUT_09051
0,0,0,OUT_09052
0,0,0,OUT_09053
0,0,0,OUT_09054
0,0,0,OUT_09055
0,0,0,OUT_09056
0,0,0,OUT_09057
0,0,0,OUT_09058
0,0,0,OUT_09059
0,0,0,OUT_09060
0,0,0,OUT_09061
0,0,0,OUT_09062
0,0,0,OUT_09063
0,0,0,OUT_09064
0,0,0,OUT_09065
1,0,0,OUT_09066
0,0,0,OUT_09067
0,0,1,OUT_09068
0,0,0,OUT_09069
1,0,1,OUT_09070
1,4,16,OUT_09071
0,0,0,OUT_09072
0,0,0,OUT_09073
0,0,0,OUT_09074
0,0,0,OUT_09075
0,0,0,OUT_09076
0,0,0,OUT_09077
0,0,0,OUT_09078
0,0,0,OUT_09079
0,0,0,OUT_09080
0,0,0,OUT_09081
0,0,0,OUT_09082
0,0,0,OUT_09083
0,0,0,OUT_09084
0,0,0,OUT_09085
0,0,1,OUT_09086
0,0,0,OUT_09087
0,0,0,OUT_09088
0,0,0,OUT_09089
0,0,0,OUT_09090
0,0,0,OUT_09091
0,0,0,OUT_09092
0,0,0,OUT_09093
0,0,0,OUT_09094
0,0,0,OUT_09095
0,0,0,OUT_09096
0,0,0,OUT_09097
0,0,0,OUT_09098
0,0,0,OUT_09099
0,0,0,OUT_09100
0,0,0,OUT_09101
0,0,1,OUT_09102
0,0,0,OUT_09103
0,0,0,OUT_09104
0,0,0,OUT_09105
0,0,0,OUT_09106
1,1,0,OUT_09107
0,0,0,OUT_09108
0,0,4,OUT_09109
0,0,0,OUT_09110
0,0,1,OUT_09111
0,0,0,OUT_09112
0,0,10,OUT_09113
0,0,0,OUT_09114
1,0,0,OUT_09115
0,2,1,OUT_09116
0,0,6,OUT_09117
0,0,0,OUT_09118
0,0,0,OUT_09119
0,0,0,OUT_09120
0,0,0,OUT_09121
0,0,0,OUT_09122
0,0,0,OUT_09123
0,0,0,OUT_09124
2,1,0,OUT_09125
0,0,0,OUT_09126
0,0,0,OUT_09127
1,0,0,OUT_09128
0,0,0,OUT_09129
0,0,0,OUT_09130
0,0,0,OUT_09131
0,0,0,OUT_09132
1,0,0,OUT_09133
0,0,0,OUT_09134
0,0,0,OUT_09135
0,0,0,OUT_09136
0,0,2,OUT_09137
2,0,0,OUT_09138
0,0,0,OUT_09139
1,0,0,OUT_09140
0,0,0,OUT_09141
0,0,0,OUT_09142
0,0,0,OUT_09143
0,0,0,OUT_09144
0,0,0,OUT_09145
0,1,0,OUT_09146
1,0,0,OUT_09147
0,0,0,OUT_09148
0,0,0,OUT_09149
0,0,0,OUT_09150
0,0,1,OUT_09151
0,0,0,OUT_09152
0,0,0,OUT_09153
0,0,0,OUT_09154
0,0,0,OUT_09155
0,0,0,OUT_09156
0,0,0,OUT_09157
0,0,0,OUT_09158
0,0,2,OUT_09159
0,0,0,OUT_09160
0,0,0,OUT_09161
0,0,0,OUT_09162
0,0,3,OUT_09163
0,0,0,OUT_09164
0,0,0,OUT_09165
0,0,0,OUT_09166
1,1,0,OUT_09167
1,0,0,OUT_09168
0,0,0,OUT_09169
0,0,0,OUT_09170
0,0,0,OUT_09171
0,0,0,OUT_09172
0,0,0,OUT_09173
0,0,0,OUT_09174
0,0,0,OUT_09175
0,0,1,OUT_09176
0,0,0,OUT_09177
0,1,0,OUT_09178
0,0,0,OUT_09179
0,0,0,OUT_09180
0,0,0,OUT_09181
1,0,0,OUT_09182
0,0,0,OUT_09183
0,0,1,OUT_09184
0,0,2,OUT_09185
0,0,0,OUT_09186
0,0,0,OUT_09187
0,0,0,OUT_09188
0,0,0,OUT_09189
0,0,0,OUT_09190
1,0,0,OUT_09191
0,0,0,OUT_09192
0,0,0,OUT_09193
0,0,0,OUT_09194
0,0,0,OUT_09195
1,0,1,OUT_09196
0,1,2,OUT_09197
0,0,0,OUT_09198
4,2,10,OUT_09199
0,0,0,OUT_09200
0,0,2,OUT_09201
0,0,0,OUT_09202
1,0,0,OUT_09203
0,0,0,OUT_09204
0,0,0,OUT_09205
2,0,0,OUT_09206
0,0,0,OUT_09207
0,0,0,OUT_09208
0,0,0,OUT_09209
0,0,0,OUT_09210
2,0,0,OUT_09211
0,0,0,OUT_09212
1,0,5,OUT_09213
0,0,1,OUT_09214
0,0,0,OUT_09215
1,0,1,OUT_09216
0,0,0,OUT_09217
0,0,0,OUT_09218
0,0,0,OUT_09219
0,0,0,OUT_09220
0,0,0,OUT_09221
0,0,4,OUT_09222
0,0,1,OUT_09223
0,0,0,OUT_09224
0,0,1,OUT_09225
0,0,0,OUT_09226
0,0,0,OUT_09227
0,0,0,OUT_09228
4,0,2,OUT_09229
0,1,0,OUT_09230
0,0,0,OUT_09231
0,0,0,OUT_09232
0,0,0,OUT_09233
0,0,0,OUT_09234
0,0,4,OUT_09235
0,0,0,OUT_09236
0,0,0,OUT_09237
0,0,0,OUT_09238
1,0,3,OUT_09239
0,0,0,OUT_09240
0,0,0,OUT_09241
0,0,0,OUT_09242
0,0,0,OUT_09243
0,0,0,OUT_09244
0,0,1,OUT_09245
0,0,0,OUT_09246
0,0,0,OUT_09247
0,0,0,OUT_09248
0,0,0,OUT_09249
0,0,1,OUT_09250
0,0,0,OUT_09251
0,0,0,OUT_09252
0,0,1,OUT_09253
0,0,0,OUT_09254
0,0,0,OUT_09255
0,0,0,OUT_09256
1,0,3,OUT_09257
0,0,0,OUT_09258
1,0,0,OUT_09259
0,0,0,OUT_09260
2,0,1,OUT_09261
1,0,1,OUT_09262
0,0,0,OUT_09263
0,0,0,OUT_09264
0,0,0,OUT_09265
0,0,0,OUT_09266
0,0,0,OUT_09267
0,0,0,OUT_09268
0,0,0,OUT_09269
0,0,0,OUT_09270
0,0,0,OUT_09271
0,0,0,OUT_09272
0,0,0,OUT_09273
0,0,0,OUT_09274
0,0,0,OUT_09275
0,0,0,OUT_09276
0,0,0,OUT_09277
0,0,0,OUT_09278
0,0,0,OUT_09279
0,0,0,OUT_09280
0,0,0,OUT_09281
0,0,0,OUT_09282
0,0,0,OUT_09283
0,0,0,OUT_09284
0,0,0,OUT_09285
0,0,0,OUT_09286
0,0,0,OUT_09287
0,0,0,OUT_09288
0,1,0,OUT_09289
2,0,0,OUT_09290
0,0,0,OUT_09291
0,0,0,OUT_09292
0,0,0,OUT_09293
0,0,0,OUT_09294
0,0,0,OUT_09295
0,0,1,OUT_09296
0,0,0,OUT_09297
0,0,0,OUT_09298
0,0,0,OUT_09299
0,0,0,OUT_09300
1,0,5,OUT_09301
0,0,0,OUT_09302
0,0,0,OUT_09303
0,0,0,OUT_09304
0,0,0,OUT_09305
0,0,0,OUT_09306
1,0,0,OUT_09307
0,0,0,OUT_09308
0,0,0,OUT_09309
0,0,0,OUT_09310
2,0,4,OUT_09311
1,0,0,OUT_09312
0,0,0,OUT_09313
0,0,5,OUT_09314
0,0,3,OUT_09315
0,0,0,OUT_09316
0,0,0,OUT_09317
0,0,0,OUT_09318
0,0,1,OUT_09319
0,0,0,OUT_09320
0,0,0,OUT_09321
1,0,1,OUT_09322
1,0,1,OUT_09323
1,0,0,OUT_09324
0,0,0,OUT_09325
0,0,0,OUT_09326
0,0,1,OUT_09327
0,0,0,OUT_09328
0,0,0,OUT_09329
0,0,0,OUT_09330
0,0,0,OUT_09331
0,0,0,OUT_09332
0,0,0,OUT_09333
0,0,0,OUT_09334
0,0,0,OUT_09335
0,0,0,OUT_09336
0,0,0,OUT_09337
0,0,0,OUT_09338
0,0,1,OUT_09339
1,0,1,OUT_09340
0,0,0,OUT_09341
0,0,0,OUT_09342
0,0,0,OUT_09343
0,0,1,OUT_09344
2,0,4,OUT_09345
0,0,0,OUT_09346
0,0,0,OUT_09347
0,0,0,OUT_09348
0,0,0,OUT_09349
0,0,1,OUT_09350
0,0,0,OUT_09351
0,0,0,OUT_09352
0,0,1,OUT_09353
0,0,0,OUT_09354
0,0,0,OUT_09355
0,0,0,OUT_09356
0,0,0,OUT_09357
0,1,1,OUT_09358
1,0,0,OUT_09359
0,0,0,OUT_09360
0,0,0,OUT_09361
2,0,0,OUT_09362
0,0,0,OUT_09363
0,0,0,OUT_09364
1,0,0,OUT_09365
0,0,0,OUT_09366
0,0,0,OUT_09367
0,0,1,OUT_09368
0,0,0,OUT_09369
0,0,0,OUT_09370
0,0,0,OUT_09371
0,0,0,OUT_09372
0,0,0,OUT_09373
0,0,0,OUT_09374
0,0,0,OUT_09375
0,0,0,OUT_09376
2,1,1,OUT_09377
0,0,0,OUT_09378
0,0,0,OUT_09379
0,0,0,OUT_09380
0,0,0,OUT_09381
0,0,0,OUT_09382
0,0,0,OUT_09383
0,0,0,OUT_09384
0,0,0,OUT_09385
2,1,3,OUT_09386
0,0,0,OUT_09387
0,0,0,OUT_09388
0,0,0,OUT_09389
0,0,0,OUT_09390
0,0,0,OUT_09391
0,0,0,OUT_09392
0,0,0,OUT_09393
0,0,0,OUT_09394
0,0,0,OUT_09395
0,0,2,OUT_09396
0,0,0,OUT_09397
0,1,0,OUT_09398
0,0,0,OUT_09399
2,0,1,OUT_09400
0,0,0,OUT_09401
0,0,0,OUT_09402
0,0,0,OUT_09403
0,0,0,OUT_09404
0,0,0,OUT_09405
0,0,0,OUT_09406
0,0,0,OUT_09407
0,0,0,OUT_09408
0,1,0,OUT_09409
0,0,3,OUT_09410
0,0,0,OUT_09411
0,0,2,OUT_09412
0,0,0,OUT_09413
0,0,0,OUT_09414
0,0,0,OUT_09415
2,0,0,OUT_09416
0,0,0,OUT_09417
0,0,0,OUT_09418
0,0,0,OUT_09419
0,0,0,OUT_09420
2,0,0,OUT_09421
0,0,0,OUT_09422
0,0,0,OUT_09423
0,0,0,OUT_09424
0,0,0,OUT_09425
2,0,0,OUT_09426
0,0,0,OUT_09427
0,0,0,OUT_09428
0,0,0,OUT_09429
0,0,1,OUT_09430
0,0,1,OUT_09431
0,0,1,OUT_09432
0,1,0,OUT_09433
0,0,0,OUT_09434
0,0,0,OUT_09435
0,0,0,OUT_09436
0,0,0,OUT_09437
0,0,0,OUT_09438
0,0,0,OUT_09439
0,0,1,OUT_09440
0,0,0,OUT_09441
0,0,0,OUT_09442
0,0,0,OUT_09443
0,0,0,OUT_09444
0,0,0,OUT_09445
0,0,0,OUT_09446
0,0,0,OUT_09447
0,0,0,OUT_09448
0,0,0,OUT_09449
0,0,0,OUT_09450
0,0,0,OUT_09451
0,0,0,OUT_09452
0,0,0,OUT_09453
0,0,0,OUT_09454
0,0,1,OUT_09455
0,0,0,OUT_09456
5,3,11,OUT_09457
2,0,0,OUT_09458
0,0,0,OUT_09459
0,0,0,OUT_09460
0,0,0,OUT_09461
0,0,0,OUT_09462
0,0,0,OUT_09463
0,0,0,OUT_09464
0,0,2,OUT_09465
0,0,0,OUT_09466
0,0,0,OUT_09467
1,1,1,OUT_09468
0,0,0,OUT_09469
0,0,1,OUT_09470
0,0,0,OUT_09471
0,0,0,OUT_09472
1,0,0,OUT_09473
3,1,0,OUT_09474
0,0,0,OUT_09475
0,0,0,OUT_09476
0,0,2,OUT_09477
0,0,0,OUT_09478
0,0,0,OUT_09479
0,0,0,OUT_09480
0,0,0,OUT_09481
1,2,2,OUT_09482
0,0,1,OUT_09483
0,0,0,OUT_09484
0,0,0,OUT_09485
0,0,0,OUT_09486
0,0,0,OUT_09487
0,0,0,OUT_09488
0,0,0,OUT_09489
2,0,3,OUT_09490
0,0,0,OUT_09491
0,0,0,OUT_09492
0,0,0,OUT_09493
0,0,0,OUT_09494
0,0,0,OUT_09495
0,0,0,OUT_09496
0,0,0,OUT_09497
1,0,3,OUT_09498
0,0,0,OUT_09499
1,0,0,OUT_09500
0,0,0,OUT_09501
0,0,2,OUT_09502
0,0,0,OUT_09503
0,0,0,OUT_09504
0,0,0,OUT_09505
0,0,2,OUT_09506
0,0,0,OUT_09507
1,0,1,OUT_09508
0,0,0,OUT_09509
0,2,0,OUT_09510
0,0,0,OUT_09511
0,0,0,OUT_09512
0,0,0,OUT_09513
1,0,1,OUT_09514
0,0,0,OUT_09515
0,0,0,OUT_09516
0,0,0,OUT_09517
0,0,0,OUT_09518
0,0,0,OUT_09519
0,0,0,OUT_09520
0,0,0,OUT_09521
0,0,0,OUT_09522
0,0,0,OUT_09523
0,0,0,OUT_09524
2,2,0,OUT_09525
0,0,0,OUT_09526
0,0,0,OUT_09527
0,0,0,OUT_09528
0,0,0,OUT_09529
0,1,0,OUT_09530
0,0,0,OUT_09531
3,2,8,OUT_09532
0,0,1,OUT_09533
0,0,0,OUT_09534
0,0,0,OUT_09535
0,0,0,OUT_09536
0,0,2,OUT_09537
0,0,0,OUT_09538
0,0,0,OUT_09539
0,0,0,OUT_09540
1,1,0,OUT_09541
0,0,0,OUT_09542
0,0,0,OUT_09543
0,0,0,OUT_09544
0,0,0,OUT_09545
0,0,0,OUT_09546
0,0,0,OUT_09547
0,0,2,OUT_09548
0,2,0,OUT_09549
0,1,2,OUT_09550
0,1,0,OUT_09551
0,0,0,OUT_09552
0,0,1,OUT_09553
0,0,0,OUT_09554
1,0,0,OUT_09555
0,0,0,OUT_09556
1,1,0,OUT_09557
0,0,0,OUT_09558
0,0,0,OUT_09559
0,0,0,OUT_09560
0,0,0,OUT_09561
0,0,0,OUT_09562
0,1,0,OUT_09563
0,0,0,OUT_09564
0,0,0,OUT_09565
0,0,0,OUT_09566
0,0,0,OUT_09567
0,0,0,OUT_09568
0,0,0,OUT_09569
0,0,1,OUT_09570
0,0,0,OUT_09571
0,0,0,OUT_09572
0,0,0,OUT_09573
0,0,0,OUT_09574
0,0,0,OUT_09575
1,0,0,OUT_09576
0,0,2,OUT_09577
0,0,0,OUT_09578
0,0,0,OUT_09579
1,0,1,OUT_09580
0,0,0,OUT_09581
0,0,0,OUT_09582
0,0,0,OUT_09583
0,0,0,OUT_09584
0,0,0,OUT_09585
0,0,0,OUT_09586
0,0,0,OUT_09587
0,0,0,OUT_09588
0,0,0,OUT_09589
0,0,0,OUT_09590
0,0,0,OUT_09591
0,0,0,OUT_09592
0,0,2,OUT_09593
0,0,0,OUT_09594
0,0,0,OUT_09595
3,2,1,OUT_09596
1,0,1,OUT_09597
0,0,0,OUT_09598
0,0,0,OUT_09599
0,0,0,OUT_09600
0,0,0,OUT_09601
0,0,0,OUT_09602
0,0,0,OUT_09603
0,0,8,OUT_09604
0,0,0,OUT_09605
0,0,0,OUT_09606
0,0,0,OUT_09607
1,0,0,OUT_09608
0,0,0,OUT_09609
0,0,0,OUT_09610
0,0,0,OUT_09611
0,0,0,OUT_09612
0,0,0,OUT_09613
0,0,0,OUT_09614
0,0,0,OUT_09615
0,0,0,OUT_09616
0,0,0,OUT_09617
0,0,0,OUT_09618
1,1,0,OUT_09619
0,0,2,OUT_09620
0,0,0,OUT_09621
0,0,0,OUT_09622
0,0,3,OUT_09623
0,0,0,OUT_09624
0,0,0,OUT_09625
1,0,1,OUT_09626
0,0,0,OUT_09627
0,0,0,OUT_09628
0,0,0,OUT_09629
0,0,0,OUT_09630
0,0,0,OUT_09631
0,0,0,OUT_09632
1,0,0,OUT_09633
1,0,0,OUT_09634
1,0,0,OUT_09635
0,0,2,OUT_09636
0,0,0,OUT_09637
0,0,0,OUT_09638
0,0,0,OUT_09639
1,0,0,OUT_09640
1,0,0,OUT_09641
0,0,1,OUT_09642
0,0,0,OUT_09643
0,0,0,OUT_09644
0,0,1,OUT_09645
0,0,0,OUT_09646
0,0,0,OUT_09647
1,0,0,OUT_09648
0,0,0,OUT_09649
0,0,0,OUT_09650
0,0,0,OUT_09651
0,0,1,OUT_09652
0,0,0,OUT_09653
0,0,0,OUT_09654
0,0,1,OUT_09655
0,0,0,OUT_09656
0,0,0,OUT_09657
0,0,0,OUT_09658
0,0,0,OUT_09659
0,0,0,OUT_09660
1,0,0,OUT_09661
0,0,0,OUT_09662
0,0,0,OUT_09663
1,0,0,OUT_09664
0,0,0,OUT_09665
7,3,7,OUT_09666
0,0,0,OUT_09667
0,0,0,OUT_09668
1,0,5,OUT_09669
0,0,0,OUT_09670
0,0,0,OUT_09671
0,0,0,OUT_09672
0,0,0,OUT_09673
0,0,1,OUT_09674
0,0,0,OUT_09675
2,6,3,OUT_09676
0,0,0,OUT_09677
0,0,1,OUT_09678
0,0,0,OUT_09679
0,0,0,OUT_09680
0,0,0,OUT_09681
0,0,1,OUT_09682
0,0,0,OUT_09683
0,0,0,OUT_09684
0,0,0,OUT_09685
0,0,0,OUT_09686
0,0,0,OUT_09687
0,0,0,OUT_09688
0,0,0,OUT_09689
0,0,0,OUT_09690
0,0,0,OUT_09691
0,0,0,OUT_09692
0,0,0,OUT_09693
0,0,0,OUT_09694
0,0,0,OUT_09695
0,0,1,OUT_09696
0,0,0,OUT_09697
0,0,0,OUT_09698
0,0,0,OUT_09699
0,0,0,OUT_09700
0,0,0,OUT_09701
0,0,0,OUT_09702
0,0,1,OUT_09703
0,0,0,OUT_09704
1,0,0,OUT_09705
1,0,0,OUT_09706
0,0,0,OUT_09707
0,0,0,OUT_09708
0,0,0,OUT_09709
0,0,0,OUT_09710
2,0,0,OUT_09711
0,0,0,OUT_09712
0,0,0,OUT_09713
0,0,0,OUT_09714
0,0,0,OUT_09715
0,0,0,OUT_09716
0,0,0,OUT_09717
0,0,0,OUT_09718
0,0,0,OUT_09719
0,0,0,OUT_09720
1,0,0,OUT_09721
1,0,0,OUT_09722
0,0,0,OUT_09723
0,0,1,OUT_09724
0,0,0,OUT_09725
0,0,0,OUT_09726
0,0,0,OUT_09727
0,0,0,OUT_09728
0,0,0,OUT_09729
1,0,0,OUT_09730
0,0,0,OUT_09731
0,0,1,OUT_09732
0,0,0,OUT_09733
0,0,0,OUT_09734
0,0,0,OUT_09735
0,0,0,OUT_09736
0,0,0,OUT_09737
0,0,0,OUT_09738
0,0,1,OUT_09739
0,0,0,OUT_09740
0,0,0,OUT_09741
0,0,0,OUT_09742
0,0,0,OUT_09743
0,0,0,OUT_09744
3,0,3,OUT_09745
0,0,0,OUT_09746
0,0,5,OUT_09747
1,0,1,OUT_09748
0,0,0,OUT_09749
0,0,2,OUT_09750
2,0,1,OUT_09751
0,1,0,OUT_09752
0,0,0,OUT_09753
0,0,0,OUT_09754
0,0,0,OUT_09755
0,0,0,OUT_09756
0,0,0,OUT_09757
0,0,0,OUT_09758
0,0,0,OUT_09759
0,0,0,OUT_09760
0,0,0,OUT_09761
0,0,0,OUT_09762
1,1,0,OUT_09763
0,0,0,OUT_09764
0,0,0,OUT_09765
0,0,0,OUT_09766
0,0,1,OUT_09767
0,0,0,OUT_09768
0,0,0,OUT_09769
0,0,0,OUT_09770
1,0,0,OUT_09771
0,0,0,OUT_09772
0,0,1,OUT_09773
0,1,1,OUT_09774
0,0,0,OUT_09775
0,0,1,OUT_09776
0,0,0,OUT_09777
2,0,0,OUT_09778
2,0,1,OUT_09779
1,0,0,OUT_09780
0,0,0,OUT_09781
2,0,3,OUT_09782
0,0,0,OUT_09783
1,0,0,OUT_09784
0,0,0,OUT_09785
0,0,1,OUT_09786
0,0,3,OUT_09787
0,0,0,OUT_09788
0,0,0,OUT_09789
0,0,5,OUT_09790
0,0,0,OUT_09791
0,0,0,OUT_09792
0,0,1,OUT_09793
0,0,0,OUT_09794
0,0,1,OUT_09795
0,0,1,OUT_09796
0,0,0,OUT_09797
1,0,0,OUT_09798
0,0,0,OUT_09799
0,0,1,OUT_09800
0,0,0,OUT_09801
0,0,0,OUT_09802
0,0,0,OUT_09803
0,0,0,OUT_09804
0,0,1,OUT_09805
0,0,0,OUT_09806
0,0,0,OUT_09807
0,0,0,OUT_09808
0,0,0,OUT_09809
0,1,2,OUT_09810
0,0,0,OUT_09811
3,1,0,OUT_09812
0,0,0,OUT_09813
0,0,0,OUT_09814
0,0,0,OUT_09815
0,0,0,OUT_09816
1,0,3,OUT_09817
0,1,1,OUT_09818
0,0,0,OUT_09819
0,0,0,OUT_09820
0,0,1,OUT_09821
0,0,0,OUT_09822
0,0,1,OUT_09823
0,0,0,OUT_09824
0,0,0,OUT_09825
0,0,0,OUT_09826
0,0,0,OUT_09827
0,0,0,OUT_09828
0,0,0,OUT_09829
0,0,0,OUT_09830
0,0,0,OUT_09831
0,0,0,OUT_09832
5,2,16,OUT_09833
0,0,0,OUT_09834
0,0,0,OUT_09835
1,2,17,OUT_09836
0,0,0,OUT_09837
0,0,0,OUT_09838
3,2,0,OUT_09839
0,0,0,OUT_09840
0,0,0,OUT_09841
0,0,1,OUT_09842
0,0,0,OUT_09843
0,0,0,OUT_09844
0,0,0,OUT_09845
1,0,6,OUT_09846
0,0,1,OUT_09847
0,0,0,OUT_09848
0,0,0,OUT_09849
0,0,0,OUT_09850
0,0,0,OUT_09851
0,0,0,OUT_09852
0,0,0,OUT_09853
0,0,3,OUT_09854
0,0,0,OUT_09855
1,0,0,OUT_09856
0,0,0,OUT_09857
0,0,0,OUT_09858
0,0,0,OUT_09859
0,0,0,OUT_09860
2,0,1,OUT_09861
0,0,0,OUT_09862
0,0,0,OUT_09863
0,0,0,OUT_09864
0,0,0,OUT_09865
0,0,0,OUT_09866
0,0,1,OUT_09867
0,0,0,OUT_09868
0,0,0,OUT_09869
0,0,0,OUT_09870
1,1,1,OUT_09871
0,0,0,OUT_09872
0,0,0,OUT_09873
0,0,0,OUT_09874
1,0,2,OUT_09875
0,0,0,OUT_09876
0,0,0,OUT_09877
2,0,0,OUT_09878
0,0,0,OUT_09879
0,0,0,OUT_09880
0,0,0,OUT_09881
0,0,1,OUT_09882
0,0,0,OUT_09883
0,0,0,OUT_09884
0,0,1,OUT_09885
0,0,1,OUT_09886
0,0,0,OUT_09887
0,0,0,OUT_09888
0,0,1,OUT_09889
0,0,0,OUT_09890
0,0,0,OUT_09891
0,0,0,OUT_09892
0,0,0,OUT_09893
0,0,2,OUT_09894
0,0,0,OUT_09895
0,0,0,OUT_09896
0,0,0,OUT_09897
0,0,0,OUT_09898
0,0,0,OUT_09899
0,0,0,OUT_09900
0,0,0,OUT_09901
1,0,0,OUT_09902
0,0,0,OUT_09903
0,0,0,OUT_09904
1,0,1,OUT_09905
0,0,0,OUT_09906
0,0,0,OUT_09907
0,0,3,OUT_09908
2,0,0,OUT_09909
1,0,0,OUT_09910
0,0,0,OUT_09911
0,0,0,OUT_09912
0,0,0,OUT_09913
2,0,0,OUT_09914
0,0,0,OUT_09915
1,0,0,OUT_09916
1,0,0,OUT_09917
0,0,0,OUT_09918
0,0,0,OUT_09919
0,0,0,OUT_09920
0,2,2,OUT_09921
0,0,0,OUT_09922
0,0,0,OUT_09923
0,1,0,OUT_09924
0,0,0,OUT_09925
0,0,0,OUT_09926
1,1,0,OUT_09927
0,0,0,OUT_09928
0,1,0,OUT_09929
0,0,0,OUT_09930
0,0,0,OUT_09931
0,0,0,OUT_09932
0,0,0,OUT_09933
0,0,0,OUT_09934
0,0,0,OUT_09935
0,0,0,OUT_09936
0,0,0,OUT_09937
0,0,0,OUT_09938
0,0,0,OUT_09939
0,0,1,OUT_09940
0,0,0,OUT_09941
0,0,0,OUT_09942
0,0,2,OUT_09943
0,0,0,OUT_09944
0,0,0,OUT_09945
3,2,7,OUT_09946
0,0,0,OUT_09947
3,0,0,OUT_09948
0,0,0,OUT_09949
1,0,0,OUT_09950
0,0,2,OUT_09951
2,2,2,OUT_09952
0,0,0,OUT_09953
0,0,6,OUT_09954
0,0,0,OUT_09955
0,0,1,OUT_09956
0,0,0,OUT_09957
0,0,0,OUT_09958
0,0,0,OUT_09959
0,0,0,OUT_09960
0,0,0,OUT_09961
0,0,0,OUT_09962
0,0,2,OUT_09963
0,0,1,OUT_09964
0,0,0,OUT_09965
0,0,0,OUT_09966
2,0,1,OUT_09967
2,0,0,OUT_09968
0,0,0,OUT_09969
0,0,0,OUT_09970
0,0,0,OUT_09971
1,0,4,OUT_09972
0,0,0,OUT_09973
0,0,0,OUT_09974
0,0,0,OUT_09975
0,0,4,OUT_09976
0,0,0,OUT_09977
0,0,1,OUT_09978
0,0,0,OUT_09979
0,0,0,OUT_09980
2,0,3,OUT_09981
0,0,0,OUT_09982
0,0,0,OUT_09983
0,0,0,OUT_09984
0,0,0,OUT_09985
0,0,0,OUT_09986
0,0,0,OUT_09987
0,0,0,OUT_09988
0,0,0,OUT_09989
0,0,0,OUT_09990
0,0,0,OUT_09991
1,0,0,OUT_09992
0,0,0,OUT_09993
0,0,1,OUT_09994
0,0,0,OUT_09995
1,0,5,OUT_09996
0,0,0,OUT_09997
0,0,0,OUT_09998
0,0,0,OUT_09999
0,0,0,OUT_10000
0,0,2,OUT_10001
0,0,0,OUT_10002
0,0,2,OUT_10003
0,0,0,OUT_10004
0,0,0,OUT_10005
0,0,1,OUT_10006
0,0,0,OUT_10007
0,0,0,OUT_10008
0,0,0,OUT_10009
0,0,0,OUT_10010
0,0,0,OUT_10011
0,0,0,OUT_10012
0,0,1,OUT_10013
0,0,0,OUT_10014
0,0,0,OUT_10015
0,0,0,OUT_10016
0,0,0,OUT_10017
0,0,0,OUT_10018
0,0,0,OUT_10019
0,0,0,OUT_10020
0,0,0,OUT_10021
0,0,0,OUT_10022
0,0,0,OUT_10023
1,0,0,OUT_10024
0,0,1,OUT_10025
1,0,0,OUT_10026
0,0,0,OUT_10027
0,0,0,OUT_10028
0,0,0,OUT_10029
0,0,0,OUT_10030
0,0,2,OUT_10031
0,0,0,OUT_10032
0,0,0,OUT_10033
0,0,0,OUT_10034
0,0,3,OUT_10035
0,0,0,OUT_10036
0,0,0,OUT_10037
0,0,0,OUT_10038
0,0,0,OUT_10039
0,0,0,OUT_10040
0,0,0,OUT_10041
0,0,0,OUT_10042
0,0,1,OUT_10043
0,0,0,OUT_10044
0,0,0,OUT_10045
0,0,0,OUT_10046
0,0,0,OUT_10047
0,0,0,OUT_10048
0,0,0,OUT_10049
0,0,0,OUT_10050
0,0,0,OUT_10051
0,0,0,OUT_10052
0,0,0,OUT_10053
0,0,0,OUT_10054
0,0,0,OUT_10055
0,0,0,OUT_10056
0,1,7,OUT_10057
0,0,0,OUT_10058
0,0,0,OUT_10059
0,0,0,OUT_10060
0,0,0,OUT_10061
0,0,0,OUT_10062
0,0,0,OUT_10063
1,0,1,OUT_10064
0,0,0,OUT_10065
0,0,0,OUT_10066
0,0,0,OUT_10067
0,0,0,OUT_10068
0,0,0,OUT_10069
1,0,0,OUT_10070
0,0,0,OUT_10071
0,0,0,OUT_10072
0,0,0,OUT_10073
0,0,0,OUT_10074
0,0,0,OUT_10075
0,1,0,OUT_10076
0,0,0,OUT_10077
0,0,0,OUT_10078
0,0,0,OUT_10079
0,0,0,OUT_10080
0,0,0,OUT_10081
0,0,0,OUT_10082
0,0,0,OUT_10083
0,0,0,OUT_10084
1,0,4,OUT_10085
0,0,0,OUT_10086
0,0,0,OUT_10087
0,0,0,OUT_10088
0,0,0,OUT_10089
0,0,0,OUT_10090
0,1,0,OUT_10091
0,0,0,OUT_10092
0,0,0,OUT_10093
1,0,0,OUT_10094
0,0,0,OUT_10095
0,0,0,OUT_10096
0,0,0,OUT_10097
0,0,0,OUT_10098
1,0,0,OUT_10099
0,0,0,OUT_10100
0,0,0,OUT_10101
0,0,0,OUT_10102
0,0,0,OUT_10103
0,0,0,OUT_10104
0,0,0,OUT_10105
0,0,0,OUT_10106
0,0,0,OUT_10107
0,0,0,OUT_10108
0,0,0,OUT_10109
1,0,0,OUT_10110
0,0,0,OUT_10111
0,0,0,OUT_10112
1,0,2,OUT_10113
0,0,0,OUT_10114
0,0,0,OUT_10115
0,0,0,OUT_10116
0,0,0,OUT_10117
0,0,0,OUT_10118
0,1,0,OUT_10119
0,0,0,OUT_10120
0,0,1,OUT_10121
0,0,1,OUT_10122
0,0,1,OUT_10123
0,0,0,OUT_10124
0,0,0,OUT_10125
1,0,0,OUT_10126
0,0,0,OUT_10127
0,0,0,OUT_10128
0,0,0,OUT_10129
0,0,0,OUT_10130
0,0,0,OUT_10131
0,0,3,OUT_10132
0,0,0,OUT_10133
0,0,0,OUT_10134
0,0,0,OUT_10135
0,0,0,OUT_10136
0,0,1,OUT_10137
0,0,0,OUT_10138
1,0,2,OUT_10139
0,0,0,OUT_10140
0,0,0,OUT_10141
0,0,0,OUT_10142
0,0,0,OUT_10143
0,0,0,OUT_10144
0,0,0,OUT_10145
0,0,0,OUT_10146
0,0,0,OUT_10147
1,0,0,OUT_10148
0,0,0,OUT_10149
0,0,0,OUT_10150
0,0,0,OUT_10151
1,0,0,OUT_10152
0,0,0,OUT_10153
0,0,0,OUT_10154
1,1,1,OUT_10155
0,0,0,OUT_10156
1,0,0,OUT_10157
0,0,0,OUT_10158
0,0,0,OUT_10159
0,1,0,OUT_10160
2,3,1,OUT_10161
0,0,0,OUT_10162
0,0,0,OUT_10163
0,0,1,OUT_10164
0,0,0,OUT_10165
0,0,1,OUT_10166
2,0,0,OUT_10167
2,0,0,OUT_10168
0,0,0,OUT_10169
1,0,4,OUT_10170
0,0,0,OUT_10171
0,0,0,OUT_10172
1,0,0,OUT_10173
1,0,0,OUT_10174
0,0,0,OUT_10175
0,0,0,OUT_10176
0,0,0,OUT_10177
0,0,0,OUT_10178
0,0,0,OUT_10179
0,0,0,OUT_10180
0,0,0,OUT_10181
0,0,0,OUT_10182
0,0,0,OUT_10183
1,0,0,OUT_10184
0,0,0,OUT_10185
0,0,0,OUT_10186
0,0,1,OUT_10187
0,0,0,OUT_10188
0,1,1,OUT_10189
0,0,0,OUT_10190
2,0,0,OUT_10191
0,0,6,OUT_10192
0,0,0,OUT_10193
0,0,0,OUT_10194
0,0,0,OUT_10195
0,0,0,OUT_10196
1,0,0,OUT_10197
2,0,0,OUT_10198
0,0,0,OUT_10199
0,0,0,OUT_10200
0,0,3,OUT_10201
0,0,0,OUT_10202
0,0,3,OUT_10203
1,0,0,OUT_10204
1,0,0,OUT_10205
0,0,0,OUT_10206
1,0,0,OUT_10207
2,0,0,OUT_10208
0,0,0,OUT_10209
0,0,0,OUT_10210
0,0,0,OUT_10211
1,0,0,OUT_10212
0,0,0,OUT_10213
0,0,0,OUT_10214
1,0,0,OUT_10215
0,0,0,OUT_10216
0,0,0,OUT_10217
0,0,0,OUT_10218
0,0,0,OUT_10219
0,0,0,OUT_10220
0,0,0,OUT_10221
0,0,0,OUT_10222
0,0,0,OUT_10223
0,0,0,OUT_10224
0,0,0,OUT_10225
0,1,0,OUT_10226
0,0,0,OUT_10227
0,0,0,OUT_10228
0,0,0,OUT_10229
0,0,0,OUT_10230
0,0,0,OUT_10231
0,0,0,OUT_10232
0,0,0,OUT_10233
1,0,0,OUT_10234
0,0,2,OUT_10235
0,0,0,OUT_10236
0,0,0,OUT_10237
0,0,0,OUT_10238
0,0,0,OUT_10239
0,0,0,OUT_10240
0,0,0,OUT_10241
0,0,0,OUT_10242
0,0,0,OUT_10243
0,0,0,OUT_10244
0,0,0,OUT_10245
0,0,0,OUT_10246
0,0,0,OUT_10247
0,0,0,OUT_10248
0,0,0,OUT_10249
0,0,0,OUT_10250
0,0,1,OUT_10251
0,0,0,OUT_10252
0,0,0,OUT_10253
0,0,0,OUT_10254
0,0,0,OUT_10255
0,0,0,OUT_10256
0,0,3,OUT_10257
0,0,0,OUT_10258
0,0,0,OUT_10259
0,0,0,OUT_10260
0,0,0,OUT_10261
0,0,0,OUT_10262
1,0,0,OUT_10263
0,0,0,OUT_10264
0,0,0,OUT_10265
0,0,0,OUT_10266
0,0,0,OUT_10267
0,0,0,OUT_10268
0,0,0,OUT_10269
0,0,0,OUT_10270
0,0,0,OUT_10271
0,0,1,OUT_10272
2,0,0,OUT_10273
2,1,9,OUT_10274
0,0,0,OUT_10275
1,0,0,OUT_10276
0,0,0,OUT_10277
1,0,1,OUT_10278
0,0,1,OUT_10279
0,0,0,OUT_10280
0,0,0,OUT_10281
0,0,0,OUT_10282
0,0,1,OUT_10283
0,0,0,OUT_10284
0,0,0,OUT_10285
0,0,0,OUT_10286
0,0,0,OUT_10287
0,0,0,OUT_10288
1,0,0,OUT_10289
0,0,0,OUT_10290
0,0,0,OUT_10291
0,0,0,OUT_10292
0,0,0,OUT_10293
1,0,0,OUT_10294
0,0,0,OUT_10295
0,0,0,OUT_10296
0,0,0,OUT_10297
0,0,0,OUT_10298
0,0,0,OUT_10299
0,0,0,OUT_10300
0,1,1,OUT_10301
0,0,0,OUT_10302
0,0,0,OUT_10303
1,0,0,OUT_10304
0,0,0,OUT_10305
0,0,0,OUT_10306
0,0,0,OUT_10307
0,0,0,OUT_10308
2,0,0,OUT_10309
0,0,0,OUT_10310
0,0,0,OUT_10311
0,0,0,OUT_10312
0,0,0,OUT_10313
0,0,0,OUT_10314
0,0,0,OUT_10315
0,0,0,OUT_10316
0,0,0,OUT_10317
0,0,0,OUT_10318
1,0,0,OUT_10319
0,0,0,OUT_10320
0,0,0,OUT_10321
0,0,0,OUT_10322
0,0,0,OUT_10323
0,0,0,OUT_10324
0,0,0,OUT_10325
0,0,0,OUT_10326
0,0,0,OUT_10327
0,0,1,OUT_10328
0,0,1,OUT_10329
0,0,0,OUT_10330
0,0,0,OUT_10331
0,0,0,OUT_10332
0,0,0,OUT_10333
0,0,0,OUT_10334
0,0,0,OUT_10335
0,0,0,OUT_10336
0,0,0,OUT_10337
0,0,0,OUT_10338
0,0,0,OUT_10339
0,0,3,OUT_10340
0,0,0,OUT_10341
0,0,0,OUT_10342
0,0,0,OUT_10343
0,0,1,OUT_10344
0,0,0,OUT_10345
1,0,2,OUT_10346
0,0,0,OUT_10347
0,0,1,OUT_10348
0,0,2,OUT_10349
0,0,0,OUT_10350
0,0,1,OUT_10351
0,0,0,OUT_10352
0,0,0,OUT_10353
0,0,0,OUT_10354
0,0,0,OUT_10355
2,1,0,OUT_10356
0,0,0,OUT_10357
0,0,0,OUT_10358
0,0,0,OUT_10359
0,0,0,OUT_10360
0,0,0,OUT_10361
0,0,0,OUT_10362
0,0,0,OUT_10363
0,0,0,OUT_10364
3,2,6,OUT_10365
0,0,0,OUT_10366
0,0,0,OUT_10367
0,0,0,OUT_10368
0,0,0,OUT_10369
0,0,0,OUT_10370
0,0,1,OUT_10371
0,0,1,OUT_10372
0,0,0,OUT_10373
0,0,0,OUT_10374
0,0,0,OUT_10375
0,0,0,OUT_10376
0,0,0,OUT_10377
0,0,0,OUT_10378
0,0,0,OUT_10379
0,0,0,OUT_10380
0,0,0,OUT_10381
0,0,0,OUT_10382
0,0,0,OUT_10383
0,0,1,OUT_10384
0,0,0,OUT_10385
0,0,0,OUT_10386
0,0,0,OUT_10387
1,0,0,OUT_10388
0,0,0,OUT_10389
0,0,0,OUT_10390
0,0,0,OUT_10391
0,0,0,OUT_10392
0,0,0,OUT_10393
0,2,2,OUT_10394
0,0,0,OUT_10395
0,0,0,OUT_10396
0,0,0,OUT_10397
0,0,0,OUT_10398
0,0,0,OUT_10399
0,0,0,OUT_10400
0,0,0,OUT_10401
0,0,0,OUT_10402
0,0,0,OUT_10403
0,0,1,OUT_10404
0,0,0,OUT_10405
0,0,0,OUT_10406
1,0,0,OUT_10407
1,0,0,OUT_10408
0,0,0,OUT_10409
0,0,0,OUT_10410
0,0,0,OUT_10411
0,0,0,OUT_10412
1,0,1,OUT_10413
0,0,0,OUT_10414
0,1,0,OUT_10415
0,0,0,OUT_10416
0,0,2,OUT_10417
0,0,0,OUT_10418
0,0,0,OUT_10419
0,0,0,OUT_10420
0,0,0,OUT_10421
0,0,0,OUT_10422
0,0,0,OUT_10423
0,0,0,OUT_10424
0,1,2,OUT_10425
0,0,0,OUT_10426
0,0,0,OUT_10427
0,0,0,OUT_10428
0,0,0,OUT_10429
0,0,0,OUT_10430
1,0,0,OUT_10431
0,0,0,OUT_10432
0,0,0,OUT_10433
0,0,0,OUT_10434
0,0,1,OUT_10435
0,0,2,OUT_10436
0,0,0,OUT_10437
0,0,0,OUT_10438
0,0,0,OUT_10439
0,0,0,OUT_10440
0,0,0,OUT_10441
0,0,0,OUT_10442
0,0,0,OUT_10443
0,0,0,OUT_10444
0,0,4,OUT_10445
0,0,0,OUT_10446
1,0,1,OUT_10447
0,0,1,OUT_10448
0,0,0,OUT_10449
4,0,4,OUT_10450
0,0,0,OUT_10451
1,0,1,OUT_10452
1,0,0,OUT_10453
0,0,0,OUT_10454
0,0,0,OUT_10455
0,0,0,OUT_10456
0,0,0,OUT_10457
0,0,1,OUT_10458
0,0,0,OUT_10459
0,0,0,OUT_10460
0,0,0,OUT_10461
0,0,0,OUT_10462
0,1,0,OUT_10463
2,0,0,OUT_10464
0,0,0,OUT_10465
0,0,0,OUT_10466
0,0,0,OUT_10467
0,1,0,OUT_10468
0,0,0,OUT_10469
0,0,2,OUT_10470
0,0,0,OUT_10471
0,0,0,OUT_10472
0,0,0,OUT_10473
0,0,0,OUT_10474
0,0,0,OUT_10475
0,0,0,OUT_10476
0,0,0,OUT_10477
0,0,1,OUT_10478
0,0,0,OUT_10479
0,0,0,OUT_10480
0,0,0,OUT_10481
0,0,0,OUT_10482
0,0,0,OUT_10483
0,0,0,OUT_10484
0,0,0,OUT_10485
0,1,0,OUT_10486
0,0,0,OUT_10487
0,0,0,OUT_10488
0,0,0,OUT_10489
1,0,2,OUT_10490
0,0,0,OUT_10491
0,0,0,OUT_10492
0,1,0,OUT_10493
0,0,0,OUT_10494
0,0,0,OUT_10495
0,0,0,OUT_10496
0,0,0,OUT_10497
0,0,0,OUT_10498
0,0,0,OUT_10499
0,0,0,OUT_10500
0,0,0,OUT_10501
0,0,0,OUT_10502
0,0,0,OUT_10503
0,0,0,OUT_10504
0,0,2,OUT_10505
0,0,0,OUT_10506
1,0,1,OUT_10507
0,0,0,OUT_10508
0,0,0,OUT_10509
0,0,0,OUT_10510
0,0,0,OUT_10511
0,0,0,OUT_10512
0,0,0,OUT_10513
0,0,1,OUT_10514
1,0,0,OUT_10515
0,0,0,OUT_10516
0,1,0,OUT_10517
0,0,0,OUT_10518
0,0,0,OUT_10519
0,0,0,OUT_10520
0,0,0,OUT_10521
0,0,0,OUT_10522
0,0,0,OUT_10523
0,0,0,OUT_10524
0,0,0,OUT_10525
1,0,0,OUT_10526
0,0,0,OUT_10527
1,0,1,OUT_10528
1,0,0,OUT_10529
0,0,0,OUT_10530
0,0,4,OUT_10531
0,0,0,OUT_10532
0,0,0,OUT_10533
0,0,0,OUT_10534
0,0,0,OUT_10535
0,0,0,OUT_10536
0,0,0,OUT_10537
0,0,0,OUT_10538
1,0,6,OUT_10539
0,0,0,OUT_10540
1,0,1,OUT_10541
0,0,0,OUT_10542
0,0,0,OUT_10543
0,0,0,OUT_10544
0,0,0,OUT_10545
0,0,0,OUT_10546
0,0,0,OUT_10547
0,0,0,OUT_10548
0,0,0,OUT_10549
0,0,0,OUT_10550
0,0,0,OUT_10551
0,0,0,OUT_10552
0,0,0,OUT_10553
0,0,0,OUT_10554
0,0,0,OUT_10555
1,0,2,OUT_10556
0,0,0,OUT_10557
0,0,1,OUT_10558
0,0,0,OUT_10559
0,0,0,OUT_10560
0,0,0,OUT_10561
1,0,0,OUT_10562
0,0,0,OUT_10563
1,0,0,OUT_10564
0,0,0,OUT_10565
0,0,0,OUT_10566
0,0,0,OUT_10567
1,1,0,OUT_10568
0,0,0,OUT_10569
0,0,0,OUT_10570
0,0,0,OUT_10571
0,0,0,OUT_10572
0,0,1,OUT_10573
0,0,0,OUT_10574
0,0,0,OUT_10575
0,0,0,OUT_10576
0,0,0,OUT_10577
0,0,0,OUT_10578
0,0,0,OUT_10579
0,0,1,OUT_10580
0,0,0,OUT_10581
0,0,0,OUT_10582
0,0,0,OUT_10583
0,0,0,OUT_10584
0,0,0,OUT_10585
0,0,1,OUT_10586
0,0,0,OUT_10587
0,0,0,OUT_10588
0,0,0,OUT_10589
0,0,0,OUT_10590
0,0,0,OUT_10591
0,0,7,OUT_10592
0,0,0,OUT_10593
0,0,0,OUT_10594
0,0,0,OUT_10595
0,0,1,OUT_10596
0,0,0,OUT_10597
0,1,0,OUT_10598
0,0,0,OUT_10599
0,0,0,OUT_10600
0,0,0,OUT_10601
1,0,0,OUT_10602
3,0,1,OUT_10603
0,0,0,OUT_10604
0,0,0,OUT_10605
0,0,0,OUT_10606
0,0,0,OUT_10607
0,0,0,OUT_10608
0,0,0,OUT_10609
0,0,2,OUT_10610
0,0,0,OUT_10611
0,0,1,OUT_10612
0,0,0,OUT_10613
0,0,0,OUT_10614
0,0,0,OUT_10615
0,0,0,OUT_10616
0,0,0,OUT_10617
0,0,0,OUT_10618
1,0,0,OUT_10619
0,0,0,OUT_10620
0,0,0,OUT_10621
0,0,0,OUT_10622
0,0,0,OUT_10623
0,0,1,OUT_10624
1,0,0,OUT_10625
1,0,0,OUT_10626
0,0,0,OUT_10627
0,0,0,OUT_10628
0,0,0,OUT_10629
3,0,1,OUT_10630
0,0,0,OUT_10631
0,0,0,OUT_10632
0,0,0,OUT_10633
0,1,0,OUT_10634
0,0,1,OUT_10635
0,0,0,OUT_10636
0,0,3,OUT_10637
0,0,0,OUT_10638
0,0,0,OUT_10639
0,0,0,OUT_10640
0,0,0,OUT_10641
0,0,1,OUT_10642
0,0,0,OUT_10643
0,0,0,OUT_10644
0,0,2,OUT_10645
0,0,1,OUT_10646
0,0,1,OUT_10647
0,0,0,OUT_10648
0,0,0,OUT_10649
1,0,1,OUT_10650
0,0,0,OUT_10651
0,0,0,OUT_10652
0,0,0,OUT_10653
0,0,0,OUT_10654
0,0,0,OUT_10655
0,0,0,OUT_10656
0,0,0,OUT_10657
0,0,0,OUT_10658
0,0,0,OUT_10659
0,0,0,OUT_10660
0,0,0,OUT_10661
0,0,0,OUT_10662
0,0,0,OUT_10663
0,0,0,OUT_10664
0,0,0,OUT_10665
0,0,0,OUT_10666
0,0,0,OUT_10667
0,0,0,OUT_10668
0,0,0,OUT_10669
0,0,0,OUT_10670
2,0,10,OUT_10671
0,0,1,OUT_10672
0,0,0,OUT_10673
0,0,0,OUT_10674
0,0,0,OUT_10675
0,0,0,OUT_10676
0,0,0,OUT_10677
0,0,0,OUT_10678
0,0,0,OUT_10679
0,0,0,OUT_10680
0,0,0,OUT_10681
0,0,0,OUT_10682
2,0,2,OUT_10683
0,0,0,OUT_10684
0,0,0,OUT_10685
0,0,0,OUT_10686
0,0,0,OUT_10687
1,0,5,OUT_10688
0,0,0,OUT_10689
0,0,0,OUT_10690
2,0,0,OUT_10691
0,0,0,OUT_10692
0,0,14,OUT_10693
0,0,0,OUT_10694
0,0,0,OUT_10695
2,0,0,OUT_10696
0,0,8,OUT_10697
0,0,3,OUT_10698
2,0,0,OUT_10699
0,0,0,OUT_10700
0,0,0,OUT_10701
0,0,0,OUT_10702
0,0,0,OUT_10703
0,0,1,OUT_10704
0,0,0,OUT_10705
0,0,0,OUT_10706
0,0,2,OUT_10707
0,0,1,OUT_10708
0,0,0,OUT_10709
0,1,0,OUT_10710
0,0,0,OUT_10711
0,0,0,OUT_10712
0,0,1,OUT_10713
0,0,0,OUT_10714
0,0,0,OUT_10715
0,0,0,OUT_10716
0,0,0,OUT_10717
0,0,0,OUT_10718
0,0,1,OUT_10719
0,0,0,OUT_10720
0,0,0,OUT_10721
0,0,0,OUT_10722
1,0,1,OUT_10723
0,0,0,OUT_10724
0,0,0,OUT_10725
0,0,0,OUT_10726
0,0,0,OUT_10727
0,0,0,OUT_10728
0,0,4,OUT_10729
0,0,0,OUT_10730
0,0,0,OUT_10731
0,3,11,OUT_10732
0,0,0,OUT_10733
0,0,0,OUT_10734
2,1,11,OUT_10735
0,0,0,OUT_10736
0,0,0,OUT_10737
0,0,1,OUT_10738
0,0,0,OUT_10739
0,0,0,OUT_10740
0,0,0,OUT_10741
0,0,0,OUT_10742
0,0,0,OUT_10743
0,0,0,OUT_10744
0,0,0,OUT_10745
0,0,0,OUT_10746
0,0,1,OUT_10747
0,0,0,OUT_10748
0,0,0,OUT_10749
0,0,1,OUT_10750
1,1,0,OUT_10751
0,0,1,OUT_10752
0,0,0,OUT_10753
0,0,0,OUT_10754
0,0,0,OUT_10755
0,0,0,OUT_10756
1,0,2,OUT_10757
0,0,0,OUT_10758
0,0,0,OUT_10759
0,0,0,OUT_10760
0,0,0,OUT_10761
0,0,0,OUT_10762
0,0,0,OUT_10763
1,0,0,OUT_10764
0,1,1,OUT_10765
0,0,0,OUT_10766
0,0,0,OUT_10767
0,0,0,OUT_10768
1,0,2,OUT_10769
0,0,0,OUT_10770
2,0,0,OUT_10771
0,0,0,OUT_10772
0,0,1,OUT_10773
0,0,0,OUT_10774
0,0,0,OUT_10775
0,0,0,OUT_10776
0,0,0,OUT_10777
0,0,0,OUT_10778
0,0,0,OUT_10779
0,0,0,OUT_10780
0,0,0,OUT_10781
0,0,0,OUT_10782
1,0,3,OUT_10783
0,0,0,OUT_10784
0,0,1,OUT_10785
0,0,0,OUT_10786
3,0,11,OUT_10787
1,0,0,OUT_10788
0,0,0,OUT_10789
0,0,0,OUT_10790
0,0,0,OUT_10791
0,0,0,OUT_10792
0,0,0,OUT_10793
0,0,5,OUT_10794
0,0,0,OUT_10795
1,0,0,OUT_10796
0,0,0,OUT_10797
0,0,0,OUT_10798
0,0,0,OUT_10799
0,0,0,OUT_10800
0,0,0,OUT_10801
0,0,0,OUT_10802
1,0,0,OUT_10803
0,1,0,OUT_10804
0,0,0,OUT_10805
0,0,0,OUT_10806
0,0,0,OUT_10807
0,0,0,OUT_10808
0,0,1,OUT_10809
0,0,0,OUT_10810
0,0,0,OUT_10811
0,1,0,OUT_10812
0,0,0,OUT_10813
0,0,0,OUT_10814
0,0,0,OUT_10815
0,0,0,OUT_10816
0,0,0,OUT_10817
0,3,1,OUT_10818
0,0,0,OUT_10819
0,0,0,OUT_10820
0,0,0,OUT_10821
3,1,0,OUT_10822
0,0,0,OUT_10823
0,0,0,OUT_10824
0,0,0,OUT_10825
0,0,0,OUT_10826
0,0,0,OUT_10827
0,0,0,OUT_10828
0,0,0,OUT_10829
0,0,0,OUT_10830
2,0,0,OUT_10831
0,0,0,OUT_10832
0,0,0,OUT_10833
0,0,0,OUT_10834
0,0,1,OUT_10835
2,0,1,OUT_10836
1,0,0,OUT_10837
0,0,0,OUT_10838
0,0,0,OUT_10839
0,0,0,OUT_10840
0,0,0,OUT_10841
0,0,0,OUT_10842
1,1,0,OUT_10843
0,0,2,OUT_10844
0,0,0,OUT_10845
0,0,0,OUT_10846
0,0,0,OUT_10847
0,0,0,OUT_10848
0,0,0,OUT_10849
0,0,0,OUT_10850
0,0,0,OUT_10851
0,0,0,OUT_10852
1,0,1,OUT_10853
0,0,2,OUT_10854
0,0,0,OUT_10855
0,0,0,OUT_10856
0,0,0,OUT_10857
0,0,0,OUT_10858
2,0,1,OUT_10859
0,0,0,OUT_10860
0,0,0,OUT_10861
0,0,0,OUT_10862
0,1,1,OUT_10863
0,0,0,OUT_10864
0,0,0,OUT_10865
0,0,0,OUT_10866
0,0,0,OUT_10867
2,0,0,OUT_10868
0,0,0,OUT_10869
0,0,0,OUT_10870
0,0,0,OUT_10871
0,0,0,OUT_10872
0,0,0,OUT_10873
0,0,0,OUT_10874
0,0,1,OUT_10875
0,0,0,OUT_10876
0,0,0,OUT_10877
0,0,0,OUT_10878
0,0,1,OUT_10879
0,0,3,OUT_10880
0,1,1,OUT_10881
0,0,0,OUT_10882
0,0,0,OUT_10883
0,0,0,OUT_10884
0,0,2,OUT_10885
0,0,0,OUT_10886
0,0,0,OUT_10887
0,0,0,OUT_10888
0,0,0,OUT_10889
0,0,1,OUT_10890
0,0,0,OUT_10891
0,0,0,OUT_10892
0,0,0,OUT_10893
0,0,0,OUT_10894
0,0,0,OUT_10895
0,0,0,OUT_10896
0,0,0,OUT_10897
0,0,1,OUT_10898
0,0,0,OUT_10899
0,0,1,OUT_10900
0,0,0,OUT_10901
0,0,0,OUT_10902
0,0,0,OUT_10903
1,0,0,OUT_10904
0,0,0,OUT_10905
0,0,0,OUT_10906
0,0,1,OUT_10907
0,0,0,OUT_10908
0,0,0,OUT_10909
0,0,0,OUT_10910
0,0,0,OUT_10911
0,0,0,OUT_10912
0,0,0,OUT_10913
0,0,0,OUT_10914
0,0,0,OUT_10915
0,0,1,OUT_10916
0,0,0,OUT_10917
1,0,2,OUT_10918
0,0,0,OUT_10919
0,0,0,OUT_10920
0,0,0,OUT_10921
0,0,0,OUT_10922
0,0,1,OUT_10923
0,0,0,OUT_10924
0,0,0,OUT_10925
0,0,0,OUT_10926
0,0,0,OUT_10927
0,0,0,OUT_10928
0,0,0,OUT_10929
0,0,0,OUT_10930
0,0,0,OUT_10931
0,1,0,OUT_10932
1,0,1,OUT_10933
0,0,0,OUT_10934
0,0,0,OUT_10935
0,0,0,OUT_10936
0,0,1,OUT_10937
0,0,0,OUT_10938
0,0,0,OUT_10939
0,0,0,OUT_10940
0,0,0,OUT_10941
0,0,1,OUT_10942
2,6,2,OUT_10943
0,0,0,OUT_10944
0,0,0,OUT_10945
0,0,0,OUT_10946
0,0,0,OUT_10947
0,0,0,OUT_10948
0,0,0,OUT_10949
0,0,0,OUT_10950
0,0,0,OUT_10951
0,0,1,OUT_10952
0,0,1,OUT_10953
0,0,0,OUT_10954
0,0,0,OUT_10955
0,0,0,OUT_10956
0,0,0,OUT_10957
0,0,0,OUT_10958
0,0,0,OUT_10959
0,0,1,OUT_10960
0,0,0,OUT_10961
0,0,7,OUT_10962
0,0,1,OUT_10963
0,0,0,OUT_10964
0,0,1,OUT_10965
0,0,0,OUT_10966
0,0,0,OUT_10967
0,0,0,OUT_10968
0,0,0,OUT_10969
0,0,0,OUT_10970
0,0,0,OUT_10971
0,0,0,OUT_10972
0,1,0,OUT_10973
0,0,0,OUT_10974
0,0,0,OUT_10975
0,0,0,OUT_10976
0,0,0,OUT_10977
0,0,1,OUT_10978
0,0,0,OUT_10979
0,0,0,OUT_10980
0,0,0,OUT_10981
0,0,0,OUT_10982
0,0,0,OUT_10983
0,0,1,OUT_10984
0,0,0,OUT_10985
1,0,0,OUT_10986
0,0,0,OUT_10987
0,0,0,OUT_10988
0,0,0,OUT_10989
0,0,2,OUT_10990
0,0,0,OUT_10991
1,0,1,OUT_10992
0,0,1,OUT_10993
0,0,0,OUT_10994
0,0,0,OUT_10995
0,0,0,OUT_10996
0,0,0,OUT_10997
0,0,0,OUT_10998
0,0,2,OUT_10999
0,0,2,OUT_11000
0,0,0,OUT_11001
0,0,1,OUT_11002
0,0,0,OUT_11003
0,0,0,OUT_11004
0,0,0,OUT_11005
0,0,2,OUT_11006
0,0,0,OUT_11007
0,0,0,OUT_11008
0,0,0,OUT_11009
0,0,0,OUT_11010
1,0,2,OUT_11011
1,0,4,OUT_11012
0,0,0,OUT_11013
0,0,0,OUT_11014
1,0,4,OUT_11015
0,1,0,OUT_11016
0,0,0,OUT_11017
0,0,0,OUT_11018
0,0,0,OUT_11019
0,0,0,OUT_11020
0,0,0,OUT_11021
0,0,0,OUT_11022
0,0,0,OUT_11023
0,0,1,OUT_11024
0,0,0,OUT_11025
0,0,0,OUT_11026
0,0,0,OUT_11027
0,0,0,OUT_11028
0,0,0,OUT_11029
0,0,0,OUT_11030
0,0,0,OUT_11031
0,0,0,OUT_11032
0,0,0,OUT_11033
0,0,0,OUT_11034
0,0,0,OUT_11035
0,0,1,OUT_11036
0,0,0,OUT_11037
0,0,0,OUT_11038
0,1,0,OUT_11039
0,0,0,OUT_11040
2,0,0,OUT_11041
0,0,0,OUT_11042
0,0,0,OUT_11043
0,0,2,OUT_11044
0,0,0,OUT_11045
0,0,2,OUT_11046
0,0,0,OUT_11047
1,0,0,OUT_11048
0,0,0,OUT_11049
0,0,1,OUT_11050
0,0,0,OUT_11051
0,0,2,OUT_11052
1,0,0,OUT_11053
0,0,0,OUT_11054
0,0,0,OUT_11055
0,0,0,OUT_11056
0,0,0,OUT_11057
0,0,0,OUT_11058
0,0,0,OUT_11059
0,0,0,OUT_11060
0,0,0,OUT_11061
0,0,0,OUT_11062
0,0,0,OUT_11063
0,0,4,OUT_11064
0,0,0,OUT_11065
0,0,0,OUT_11066
0,0,3,OUT_11067
0,0,0,OUT_11068
0,0,0,OUT_11069
0,0,0,OUT_11070
0,0,0,OUT_11071
1,0,0,OUT_11072
0,0,0,OUT_11073
0,1,0,OUT_11074
0,0,0,OUT_11075
0,0,1,OUT_11076
0,0,1,OUT_11077
0,0,0,OUT_11078
0,0,0,OUT_11079
0,0,0,OUT_11080
1,0,0,OUT_11081
0,0,1,OUT_11082
0,2,0,OUT_11083
0,0,0,OUT_11084
0,0,0,OUT_11085
0,0,1,OUT_11086
0,0,0,OUT_11087
0,1,1,OUT_11088
0,0,0,OUT_11089
0,0,3,OUT_11090
0,0,0,OUT_11091
0,0,0,OUT_11092
0,0,0,OUT_11093
0,0,0,OUT_11094
0,0,0,OUT_11095
0,0,0,OUT_11096
1,0,1,OUT_11097
0,0,0,OUT_11098
0,0,0,OUT_11099
0,0,0,OUT_11100
0,0,1,OUT_11101
0,0,0,OUT_11102
0,0,0,OUT_11103
1,0,0,OUT_11104
0,0,0,OUT_11105
0,0,0,OUT_11106
0,0,0,OUT_11107
0,0,0,OUT_11108
0,0,0,OUT_11109
0,0,0,OUT_11110
0,0,1,OUT_11111
0,0,0,OUT_11112
0,0,0,OUT_11113
0,0,0,OUT_11114
0,0,0,OUT_11115
0,0,0,OUT_11116
0,1,1,OUT_11117
0,0,0,OUT_11118
0,0,0,OUT_11119
1,0,0,OUT_11120
0,0,0,OUT_11121
0,1,0,OUT_11122
0,0,0,OUT_11123
0,0,0,OUT_11124
0,0,0,OUT_11125
0,0,1,OUT_11126
0,0,0,OUT_11127
0,0,1,OUT_11128
0,0,0,OUT_11129
0,0,1,OUT_11130
0,0,1,OUT_11131
0,0,0,OUT_11132
0,0,0,OUT_11133
0,0,0,OUT_11134
0,1,1,OUT_11135
0,0,0,OUT_11136
0,0,1,OUT_11137
0,0,0,OUT_11138
0,0,0,OUT_11139
0,0,1,OUT_11140
0,0,0,OUT_11141
0,0,0,OUT_11142
0,0,1,OUT_11143
0,0,0,OUT_11144
0,0,0,OUT_11145
0,0,0,OUT_11146
0,0,0,OUT_11147
3,1,0,OUT_11148
0,0,0,OUT_11149
0,0,0,OUT_11150
0,0,0,OUT_11151
0,0,0,OUT_11152
0,0,0,OUT_11153
0,0,0,OUT_11154
0,0,0,OUT_11155
0,0,0,OUT_11156
0,0,0,OUT_11157
0,0,0,OUT_11158
0,0,0,OUT_11159
0,0,0,OUT_11160
0,0,0,OUT_11161
0,0,0,OUT_11162
0,0,0,OUT_11163
1,0,0,OUT_11164
0,0,0,OUT_11165
0,0,1,OUT_11166
0,0,0,OUT_11167
0,0,0,OUT_11168
0,0,0,OUT_11169
0,0,0,OUT_11170
0,0,0,OUT_11171
0,0,2,OUT_11172
0,0,0,OUT_11173
0,0,0,OUT_11174
0,0,0,OUT_11175
0,0,0,OUT_11176
0,0,0,OUT_11177
1,0,5,OUT_11178
0,0,0,OUT_11179
0,0,0,OUT_11180
0,0,2,OUT_11181
0,0,0,OUT_11182
0,0,0,OUT_11183
0,1,0,OUT_11184
0,0,0,OUT_11185
0,0,0,OUT_11186
0,0,0,OUT_11187
0,0,0,OUT_11188
0,0,0,OUT_11189
0,0,0,OUT_11190
0,0,0,OUT_11191
0,1,2,OUT_11192
0,0,0,OUT_11193
0,0,0,OUT_11194
0,0,0,OUT_11195
0,0,0,OUT_11196
0,0,0,OUT_11197
0,0,0,OUT_11198
0,0,0,OUT_11199
0,0,0,OUT_11200
2,0,0,OUT_11201
0,0,0,OUT_11202
0,0,0,OUT_11203
0,0,0,OUT_11204
0,0,0,OUT_11205
0,1,2,OUT_11206
0,0,0,OUT_11207
0,0,0,OUT_11208
1,0,3,OUT_11209
0,0,0,OUT_11210
0,0,0,OUT_11211
0,0,0,OUT_11212
0,0,0,OUT_11213
0,0,0,OUT_11214
2,1,0,OUT_11215
1,0,0,OUT_11216
0,0,0,OUT_11217
0,0,0,OUT_11218
0,0,0,OUT_11219
0,0,0,OUT_11220
2,0,1,OUT_11221
2,0,0,OUT_11222
0,0,0,OUT_11223
1,0,4,OUT_11224
0,0,0,OUT_11225
0,0,0,OUT_11226
0,0,4,OUT_11227
0,0,0,OUT_11228
0,0,1,OUT_11229
0,0,0,OUT_11230
0,0,0,OUT_11231
4,2,0,OUT_11232
0,0,0,OUT_11233
1,1,0,OUT_11234
0,0,0,OUT_11235
0,0,0,OUT_11236
0,0,1,OUT_11237
0,0,0,OUT_11238
0,0,3,OUT_11239
0,0,0,OUT_11240
0,0,0,OUT_11241
1,0,2,OUT_11242
2,1,1,OUT_11243
0,0,0,OUT_11244
0,0,0,OUT_11245
0,0,0,OUT_11246
1,0,0,OUT_11247
0,0,0,OUT_11248
0,0,0,OUT_11249
0,0,2,OUT_11250
0,0,0,OUT_11251
0,0,0,OUT_11252
0,3,17,OUT_11253
0,0,0,OUT_11254
2,0,0,OUT_11255
0,0,0,OUT_11256
0,0,0,OUT_11257
0,0,1,OUT_11258
1,0,0,OUT_11259
0,0,0,OUT_11260
0,1,0,OUT_11261
0,0,2,OUT_11262
0,0,0,OUT_11263
0,1,0,OUT_11264
0,0,0,OUT_11265
0,0,0,OUT_11266
0,0,2,OUT_11267
0,0,0,OUT_11268
0,0,0,OUT_11269
0,0,0,OUT_11270
0,0,0,OUT_11271
0,0,0,OUT_11272
0,0,0,OUT_11273
0,0,0,OUT_11274
0,0,0,OUT_11275
0,0,1,OUT_11276
0,0,0,OUT_11277
0,0,0,OUT_11278
0,0,0,OUT_11279
1,0,1,OUT_11280
1,0,0,OUT_11281
0,0,0,OUT_11282
0,0,0,OUT_11283
0,0,0,OUT_11284
2,0,0,OUT_11285
0,0,0,OUT_11286
0,0,0,OUT_11287
0,0,0,OUT_11288
0,1,0,OUT_11289
0,0,0,OUT_11290
3,0,11,OUT_11291
0,0,0,OUT_11292
1,0,0,OUT_11293
0,0,0,OUT_11294
0,0,0,OUT_11295
0,0,0,OUT_11296
0,0,0,OUT_11297
0,0,0,OUT_11298
0,0,0,OUT_11299
0,0,0,OUT_11300
0,0,0,OUT_11301
0,0,0,OUT_11302
0,0,0,OUT_11303
0,0,0,OUT_11304
1,1,2,OUT_11305
0,0,0,OUT_11306
0,0,0,OUT_11307
0,0,0,OUT_11308
0,0,0,OUT_11309
0,0,0,OUT_11310
0,0,0,OUT_11311
0,0,0,OUT_11312
0,0,0,OUT_11313
0,0,0,OUT_11314
0,0,0,OUT_11315
0,0,0,OUT_11316
0,0,0,OUT_11317
0,0,0,OUT_11318
0,1,0,OUT_11319
0,0,2,OUT_11320
0,0,0,OUT_11321
0,0,0,OUT_11322
0,0,0,OUT_11323
0,0,0,OUT_11324
0,0,1,OUT_11325
0,0,0,OUT_11326
0,0,0,OUT_11327
0,0,0,OUT_11328
0,0,0,OUT_11329
0,0,0,OUT_11330
0,0,0,OUT_11331
0,0,0,OUT_11332
0,0,0,OUT_11333
1,0,0,OUT_11334
0,0,0,OUT_11335
0,0,0,OUT_11336
0,0,1,OUT_11337
0,0,0,OUT_11338
0,0,0,OUT_11339
0,0,0,OUT_11340
0,0,0,OUT_11341
0,0,0,OUT_11342
0,0,0,OUT_11343
1,0,1,OUT_11344
0,0,1,OUT_11345
0,0,1,OUT_11346
0,0,0,OUT_11347
0,2,0,OUT_11348
0,0,0,OUT_11349
0,0,7,OUT_11350
0,0,0,OUT_11351
0,0,0,OUT_11352
0,0,0,OUT_11353
0,0,0,OUT_11354
0,1,2,OUT_11355
0,0,1,OUT_11356
0,0,0,OUT_11357
0,0,0,OUT_11358
0,0,0,OUT_11359
0,0,2,OUT_11360
0,0,0,OUT_11361
0,0,0,OUT_11362
0,0,0,OUT_11363
0,0,0,OUT_11364
1,0,2,OUT_11365
0,0,0,OUT_11366
0,1,0,OUT_11367
0,0,0,OUT_11368
0,0,0,OUT_11369
1,0,0,OUT_11370
0,0,0,OUT_11371
0,0,0,OUT_11372
0,0,0,OUT_11373
0,0,0,OUT_11374
1,0,1,OUT_11375
0,0,0,OUT_11376
0,0,2,OUT_11377
0,1,0,OUT_11378
0,0,0,OUT_11379
0,0,0,OUT_11380
5,3,11,OUT_11381
0,0,1,OUT_11382
1,0,0,OUT_11383
0,0,2,OUT_11384
1,0,0,OUT_11385
0,0,0,OUT_11386
0,0,0,OUT_11387
0,0,0,OUT_11388
0,0,0,OUT_11389
0,0,1,OUT_11390
0,0,0,OUT_11391
0,0,0,OUT_11392
0,0,0,OUT_11393
0,0,0,OUT_11394
0,0,0,OUT_11395
0,0,0,OUT_11396
0,0,1,OUT_11397
0,0,0,OUT_11398
0,0,0,OUT_11399
0,0,1,OUT_11400
0,0,0,OUT_11401
0,0,0,OUT_11402
0,0,0,OUT_11403
0,0,0,OUT_11404
0,0,0,OUT_11405
0,0,0,OUT_11406
0,0,0,OUT_11407
0,0,0,OUT_11408
0,0,0,OUT_11409
0,0,0,OUT_11410
0,0,0,OUT_11411
0,0,0,OUT_11412
0,1,1,OUT_11413
0,0,1,OUT_11414
0,0,0,OUT_11415
0,0,0,OUT_11416
0,0,0,OUT_11417
1,0,0,OUT_11418
0,0,0,OUT_11419
0,0,0,OUT_11420
0,0,0,OUT_11421
0,0,0,OUT_11422
0,1,2,OUT_11423
0,0,0,OUT_11424
0,0,0,OUT_11425
0,0,0,OUT_11426
0,1,0,OUT_11427
0,0,0,OUT_11428
0,0,1,OUT_11429
2,0,1,OUT_11430
0,0,0,OUT_11431
0,0,0,OUT_11432
4,2,1,OUT_11433
0,0,0,OUT_11434
0,0,0,OUT_11435
0,0,0,OUT_11436
2,0,1,OUT_11437
0,0,0,OUT_11438
0,0,0,OUT_11439
0,0,0,OUT_11440
1,0,0,OUT_11441
0,0,0,OUT_11442
0,0,0,OUT_11443
0,0,0,OUT_11444
0,0,0,OUT_11445
0,0,1,OUT_11446
0,0,0,OUT_11447
0,0,0,OUT_11448
0,0,0,OUT_11449
0,0,0,OUT_11450
0,0,0,OUT_11451
0,0,0,OUT_11452
1,0,0,OUT_11453
0,0,0,OUT_11454
1,0,0,OUT_11455
0,0,0,OUT_11456
0,0,0,OUT_11457
0,0,3,OUT_11458
0,0,0,OUT_11459
0,0,0,OUT_11460
1,0,2,OUT_11461
0,0,1,OUT_11462
0,0,0,OUT_11463
0,0,0,OUT_11464
0,0,0,OUT_11465
0,0,0,OUT_11466
0,0,0,OUT_11467
0,0,0,OUT_11468
0,0,0,OUT_11469
0,0,0,OUT_11470
0,0,0,OUT_11471
0,0,0,OUT_11472
0,0,1,OUT_11473
0,0,0,OUT_11474
0,0,1,OUT_11475
0,0,3,OUT_11476
0,0,0,OUT_11477
0,0,0,OUT_11478
0,0,0,OUT_11479
2,1,2,OUT_11480
0,0,4,OUT_11481
1,1,0,OUT_11482
0,0,0,OUT_11483
0,0,0,OUT_11484
0,0,0,OUT_11485
0,0,0,OUT_11486
0,0,0,OUT_11487
0,0,0,OUT_11488
0,0,0,OUT_11489
0,0,0,OUT_11490
0,0,0,OUT_11491
0,0,0,OUT_11492
1,0,0,OUT_11493
0,0,3,OUT_11494
0,0,0,OUT_11495
0,0,0,OUT_11496
0,0,0,OUT_11497
0,0,0,OUT_11498
2,1,0,OUT_11499
0,0,0,OUT_11500
1,0,2,OUT_11501
1,0,0,OUT_11502
0,0,0,OUT_11503
3,0,1,OUT_11504
0,0,0,OUT_11505
0,0,0,OUT_11506
0,0,0,OUT_11507
0,0,0,OUT_11508
0,0,0,OUT_11509
0,0,0,OUT_11510
0,0,0,OUT_11511
0,0,1,OUT_11512
1,0,16,OUT_11513
0,0,0,OUT_11514
0,0,0,OUT_11515
0,0,0,OUT_11516
0,0,0,OUT_11517
0,0,1,OUT_11518
0,0,0,OUT_11519
0,0,1,OUT_11520
0,0,0,OUT_11521
0,0,0,OUT_11522
0,0,0,OUT_11523
0,0,2,OUT_11524
1,1,12,OUT_11525
0,0,0,OUT_11526
0,0,0,OUT_11527
0,0,0,OUT_11528
0,0,0,OUT_11529
0,0,0,OUT_11530
0,0,0,OUT_11531
0,0,0,OUT_11532
0,0,0,OUT_11533
0,0,0,OUT_11534
0,0,0,OUT_11535
0,0,0,OUT_11536
2,0,0,OUT_11537
0,0,4,OUT_11538
1,0,0,OUT_11539
1,0,2,OUT_11540
0,0,0,OUT_11541
0,0,0,OUT_11542
0,0,0,OUT_11543
0,0,0,OUT_11544
2,0,0,OUT_11545
0,0,0,OUT_11546
1,0,1,OUT_11547
0,0,0,OUT_11548
0,0,0,OUT_11549
0,0,0,OUT_11550
0,0,0,OUT_11551
1,0,1,OUT_11552
0,0,0,OUT_11553
0,0,0,OUT_11554
0,1,0,OUT_11555
0,0,0,OUT_11556
0,0,0,OUT_11557
0,0,0,OUT_11558
1,0,0,OUT_11559
0,0,0,OUT_11560
0,0,0,OUT_11561
0,0,2,OUT_11562
0,0,0,OUT_11563
0,0,0,OUT_11564
0,0,0,OUT_11565
0,0,0,OUT_11566
0,0,1,OUT_11567
0,0,0,OUT_11568
0,1,0,OUT_11569
0,0,0,OUT_11570
0,1,3,OUT_11571
0,0,0,OUT_11572
0,0,1,OUT_11573
0,0,0,OUT_11574
0,0,1,OUT_11575
0,0,0,OUT_11576
1,0,5,OUT_11577
1,0,1,OUT_11578
0,0,0,OUT_11579
0,0,0,OUT_11580
0,0,0,OUT_11581
0,0,0,OUT_11582
0,0,0,OUT_11583
1,0,0,OUT_11584
1,1,1,OUT_11585
0,0,2,OUT_11586
0,0,0,OUT_11587
0,0,1,OUT_11588
0,0,0,OUT_11589
1,0,0,OUT_11590
0,0,0,OUT_11591
0,0,0,OUT_11592
0,0,0,OUT_11593
0,0,0,OUT_11594
0,0,0,OUT_11595
0,0,2,OUT_11596
2,0,0,OUT_11597
0,0,0,OUT_11598
0,0,0,OUT_11599
0,0,0,OUT_11600
0,0,0,OUT_11601
0,0,0,OUT_11602
0,0,0,OUT_11603
0,1,0,OUT_11604
0,0,0,OUT_11605
0,0,0,OUT_11606
0,0,2,OUT_11607
1,0,0,OUT_11608
0,0,0,OUT_11609
0,0,0,OUT_11610
0,0,0,OUT_11611
0,0,0,OUT_11612
1,2,19,OUT_11613
0,0,0,OUT_11614
0,0,0,OUT_11615
0,0,0,OUT_11616
0,0,0,OUT_11617
0,0,0,OUT_11618
0,0,0,OUT_11619
0,0,0,OUT_11620
0,0,0,OUT_11621
0,0,0,OUT_11622
0,0,0,OUT_11623
1,0,0,OUT_11624
0,0,0,OUT_11625
0,0,0,OUT_11626
0,0,1,OUT_11627
0,0,1,OUT_11628
0,0,0,OUT_11629
0,0,0,OUT_11630
0,1,3,OUT_11631
0,0,3,OUT_11632
0,0,0,OUT_11633
0,0,0,OUT_11634
0,0,0,OUT_11635
0,0,0,OUT_11636
0,0,0,OUT_11637
0,0,0,OUT_11638
0,0,0,OUT_11639
0,0,0,OUT_11640
0,0,0,OUT_11641
0,0,0,OUT_11642
0,0,0,OUT_11643
0,0,0,OUT_11644
0,0,0,OUT_11645
0,0,0,OUT_11646
1,0,0,OUT_11647
2,0,2,OUT_11648
0,0,0,OUT_11649
1,0,0,OUT_11650
0,0,0,OUT_11651
0,0,3,OUT_11652
0,0,0,OUT_11653
0,0,0,OUT_11654
0,0,0,OUT_11655
0,0,0,OUT_11656
0,0,0,OUT_11657
0,0,0,OUT_11658
1,0,0,OUT_11659
0,0,0,OUT_11660
0,0,0,OUT_11661
0,0,0,OUT_11662
0,0,0,OUT_11663
0,0,0,OUT_11664
0,0,0,OUT_11665
0,0,0,OUT_11666
0,0,0,OUT_11667
0,0,6,OUT_11668
0,1,0,OUT_11669
0,0,0,OUT_11670
0,0,1,OUT_11671
0,0,0,OUT_11672
0,0,0,OUT_11673
0,0,0,OUT_11674
0,0,0,OUT_11675
1,0,0,OUT_11676
1,0,0,OUT_11677
0,0,0,OUT_11678
0,0,0,OUT_11679
0,0,0,OUT_11680
0,0,0,OUT_11681
0,0,0,OUT_11682
0,0,1,OUT_11683
0,0,0,OUT_11684
0,0,0,OUT_11685
2,0,1,OUT_11686
0,0,0,OUT_11687
0,0,2,OUT_11688
0,0,0,OUT_11689
1,1,0,OUT_11690
0,0,0,OUT_11691
0,0,1,OUT_11692
0,0,0,OUT_11693
0,0,2,OUT_11694
0,0,0,OUT_11695
0,0,1,OUT_11696
0,0,1,OUT_11697
2,0,1,OUT_11698
1,0,0,OUT_11699
0,0,0,OUT_11700
0,0,0,OUT_11701
0,0,0,OUT_11702
0,0,0,OUT_11703
0,0,0,OUT_11704
0,0,0,OUT_11705
0,0,0,OUT_11706
0,0,0,OUT_11707
0,0,0,OUT_11708
0,0,0,OUT_11709
0,0,0,OUT_11710
0,0,0,OUT_11711
0,0,6,OUT_11712
0,0,0,OUT_11713
0,0,0,OUT_11714
0,0,0,OUT_11715
1,0,0,OUT_11716
0,0,0,OUT_11717
1,0,0,OUT_11718
0,0,0,OUT_11719
0,0,2,OUT_11720
0,0,0,OUT_11721
0,0,1,OUT_11722
0,0,0,OUT_11723
0,0,0,OUT_11724
0,0,0,OUT_11725
0,0,0,OUT_11726
0,1,0,OUT_11727
1,1,2,OUT_11728
0,0,0,OUT_11729
0,0,0,OUT_11730
0,0,0,OUT_11731
0,0,0,OUT_11732
0,0,1,OUT_11733
0,0,0,OUT_11734
0,0,0,OUT_11735
0,0,0,OUT_11736
0,0,0,OUT_11737
0,0,0,OUT_11738
0,0,0,OUT_11739
0,0,0,OUT_11740
0,0,0,OUT_11741
0,0,0,OUT_11742
0,0,1,OUT_11743
0,0,2,OUT_11744
0,0,0,OUT_11745
1,0,0,OUT_11746
0,0,0,OUT_11747
0,0,1,OUT_11748
0,0,0,OUT_11749
0,0,0,OUT_11750
0,0,0,OUT_11751
2,1,0,OUT_11752
0,0,0,OUT_11753
0,0,0,OUT_11754
0,0,2,OUT_11755
0,0,1,OUT_11756
0,0,0,OUT_11757
0,0,0,OUT_11758
0,0,0,OUT_11759
0,0,0,OUT_11760
0,0,0,OUT_11761
0,0,6,OUT_11762
1,0,5,OUT_11763
0,0,0,OUT_11764
0,0,5,OUT_11765
1,0,1,OUT_11766
0,0,0,OUT_11767
0,0,0,OUT_11768
0,0,0,OUT_11769
0,0,0,OUT_11770
0,0,0,OUT_11771
0,0,0,OUT_11772
0,0,2,OUT_11773
0,0,0,OUT_11774
0,0,0,OUT_11775
0,0,0,OUT_11776
0,0,0,OUT_11777
0,0,0,OUT_11778
0,0,0,OUT_11779
0,0,0,OUT_11780
0,0,0,OUT_11781
0,0,0,OUT_11782
0,0,0,OUT_11783
1,0,4,OUT_11784
0,0,0,OUT_11785
0,0,0,OUT_11786
0,0,0,OUT_11787
0,0,0,OUT_11788
0,0,5,OUT_11789
0,0,0,OUT_11790
0,0,0,OUT_11791
1,0,0,OUT_11792
0,0,0,OUT_11793
1,0,0,OUT_11794
3,0,0,OUT_11795
0,0,0,OUT_11796
2,1,10,OUT_11797
0,0,0,OUT_11798
0,0,1,OUT_11799
0,0,0,OUT_11800
1,0,2,OUT_11801
3,4,2,OUT_11802
0,0,0,OUT_11803
1,0,0,OUT_11804
0,1,0,OUT_11805
0,0,1,OUT_11806
0,0,0,OUT_11807
0,0,0,OUT_11808
0,0,1,OUT_11809
0,0,0,OUT_11810
0,0,2,OUT_11811
1,0,1,OUT_11812
0,0,0,OUT_11813
0,0,0,OUT_11814
0,0,0,OUT_11815
0,0,0,OUT_11816
0,0,3,OUT_11817
0,0,1,OUT_11818
1,0,0,OUT_11819
0,0,0,OUT_11820
0,0,6,OUT_11821
0,0,0,OUT_11822
0,0,6,OUT_11823
0,0,3,OUT_11824
0,0,0,OUT_11825
0,0,0,OUT_11826
0,0,0,OUT_11827
0,0,0,OUT_11828
0,0,6,OUT_11829
2,0,0,OUT_11830
0,0,0,OUT_11831
0,0,0,OUT_11832
0,0,0,OUT_11833
0,0,0,OUT_11834
1,0,1,OUT_11835
0,0,0,OUT_11836
1,0,0,OUT_11837
0,0,0,OUT_11838
0,0,0,OUT_11839
0,0,6,OUT_11840
0,0,0,OUT_11841
0,0,0,OUT_11842
0,0,0,OUT_11843
0,0,0,OUT_11844
0,0,0,OUT_11845
0,0,1,OUT_11846
2,0,1,OUT_11847
2,1,2,OUT_11848
0,0,1,OUT_11849
0,0,0,OUT_11850
0,2,7,OUT_11851
0,0,0,OUT_11852
2,1,0,OUT_11853
0,0,0,OUT_11854
0,0,0,OUT_11855
0,0,2,OUT_11856
1,0,0,OUT_11857
0,0,1,OUT_11858
0,0,0,OUT_11859
1,0,0,OUT_11860
0,0,0,OUT_11861
3,1,11,OUT_11862
0,0,0,OUT_11863
0,0,1,OUT_11864
0,1,2,OUT_11865
0,0,1,OUT_11866
0,0,0,OUT_11867
1,0,0,OUT_11868
0,0,0,OUT_11869
1,0,0,OUT_11870
1,0,0,OUT_11871
0,0,2,OUT_11872
0,0,0,OUT_11873
0,0,2,OUT_11874
0,0,0,OUT_11875
1,0,0,OUT_11876
0,0,0,OUT_11877
0,0,0,OUT_11878
0,0,0,OUT_11879
0,0,0,OUT_11880
0,1,0,OUT_11881
0,0,0,OUT_11882
0,0,0,OUT_11883
0,0,0,OUT_11884
0,0,0,OUT_11885
0,0,0,OUT_11886
0,0,0,OUT_11887
0,0,0,OUT_11888
0,0,0,OUT_11889
0,0,0,OUT_11890
0,0,0,OUT_11891
0,0,0,OUT_11892
0,0,0,OUT_11893
0,1,1,OUT_11894
2,1,0,OUT_11895
0,0,0,OUT_11896
0,0,0,OUT_11897
0,0,0,OUT_11898
0,0,0,OUT_11899
0,0,0,OUT_11900
0,0,0,OUT_11901
0,0,0,OUT_11902
0,0,0,OUT_11903
0,0,0,OUT_11904
0,0,0,OUT_11905
0,0,2,OUT_11906
0,0,0,OUT_11907
0,0,0,OUT_11908
0,0,0,OUT_11909
0,0,0,OUT_11910
0,0,0,OUT_11911
0,0,0,OUT_11912
0,0,0,OUT_11913
2,0,0,OUT_11914
0,0,0,OUT_11915
0,0,1,OUT_11916
2,0,2,OUT_11917
0,0,0,OUT_11918
0,0,0,OUT_11919
0,0,0,OUT_11920
0,0,0,OUT_11921
0,0,1,OUT_11922
0,0,0,OUT_11923
0,0,2,OUT_11924
0,0,1,OUT_11925
0,0,0,OUT_11926
2,2,1,OUT_11927
0,0,0,OUT_11928
0,0,0,OUT_11929
0,0,0,OUT_11930
0,0,0,OUT_11931
0,0,0,OUT_11932
0,0,0,OUT_11933
0,0,0,OUT_11934
0,0,0,OUT_11935
0,0,1,OUT_11936
0,0,0,OUT_11937
1,0,0,OUT_11938
1,0,0,OUT_11939
0,0,0,OUT_11940
0,0,0,OUT_11941
0,0,0,OUT_11942
0,0,0,OUT_11943
0,0,2,OUT_11944
0,0,0,OUT_11945
0,0,1,OUT_11946
1,0,1,OUT_11947
0,0,3,OUT_11948
1,0,0,OUT_11949
0,0,0,OUT_11950
1,0,0,OUT_11951
0,0,0,OUT_11952
0,0,2,OUT_11953
0,0,0,OUT_11954
0,0,0,OUT_11955
0,0,0,OUT_11956
1,0,1,OUT_11957
1,0,2,OUT_11958
0,0,0,OUT_11959
0,0,0,OUT_11960
0,0,0,OUT_11961
0,0,0,OUT_11962
0,0,0,OUT_11963
0,0,0,OUT_11964
0,0,0,OUT_11965
0,0,0,OUT_11966
0,0,0,OUT_11967
0,0,1,OUT_11968
1,0,0,OUT_11969
0,0,0,OUT_11970
0,0,0,OUT_11971
0,0,0,OUT_11972
1,0,0,OUT_11973
0,0,0,OUT_11974
0,0,0,OUT_11975
0,0,0,OUT_11976
0,0,0,OUT_11977
0,0,0,OUT_11978
0,0,0,OUT_11979
0,0,0,OUT_11980
0,0,0,OUT_11981
1,0,8,OUT_11982
0,0,0,OUT_11983
1,1,2,OUT_11984
0,0,0,OUT_11985
1,0,0,OUT_11986
0,0,0,OUT_11987
0,0,0,OUT_11988
0,1,0,OUT_11989
0,0,0,OUT_11990
0,0,0,OUT_11991
0,0,0,OUT_11992
0,0,0,OUT_11993
0,0,0,OUT_11994
0,0,0,OUT_11995
0,0,0,OUT_11996
1,0,0,OUT_11997
3,2,13,OUT_11998
0,0,0,OUT_11999
0,0,0,OUT_12000
2,1,1,OUT_12001
0,0,0,OUT_12002
0,0,0,OUT_12003
0,0,0,OUT_12004
0,0,0,OUT_12005
0,0,0,OUT_12006
0,0,0,OUT_12007
0,0,0,OUT_12008
0,0,2,OUT_12009
0,0,0,OUT_12010
0,0,0,OUT_12011
0,0,0,OUT_12012
0,0,0,OUT_12013
0,0,0,OUT_12014
0,0,0,OUT_12015
0,0,0,OUT_12016
0,0,0,OUT_12017
0,1,0,OUT_12018
0,0,0,OUT_12019
0,0,4,OUT_12020
0,0,0,OUT_12021
0,0,0,OUT_12022
0,0,0,OUT_12023
0,0,0,OUT_12024
0,0,0,OUT_12025
0,0,0,OUT_12026
0,0,0,OUT_12027
1,0,2,OUT_12028
0,0,0,OUT_12029
0,0,0,OUT_12030
0,0,0,OUT_12031
0,0,0,OUT_12032
0,0,0,OUT_12033
0,0,0,OUT_12034
1,0,0,OUT_12035
0,0,0,OUT_12036
0,0,1,OUT_12037
0,0,0,OUT_12038
0,0,0,OUT_12039
0,0,0,OUT_12040
1,0,0,OUT_12041
0,0,0,OUT_12042
0,0,0,OUT_12043
0,0,2,OUT_12044
1,0,0,OUT_12045
0,0,0,OUT_12046
0,0,2,OUT_12047
1,0,0,OUT_12048
0,0,2,OUT_12049
0,0,0,OUT_12050
0,0,0,OUT_12051
0,0,0,OUT_12052
0,0,2,OUT_12053
0,0,0,OUT_12054
0,0,0,OUT_12055
0,0,0,OUT_12056
1,0,0,OUT_12057
0,0,0,OUT_12058
0,1,0,OUT_12059
2,0,0,OUT_12060
0,0,0,OUT_12061
2,0,0,OUT_12062
0,0,0,OUT_12063
0,0,0,OUT_12064
0,0,0,OUT_12065
0,0,0,OUT_12066
0,0,0,OUT_12067
1,0,0,OUT_12068
0,0,0,OUT_12069
0,0,0,OUT_12070
0,0,0,OUT_12071
0,0,1,OUT_12072
0,0,0,OUT_12073
0,0,0,OUT_12074
0,0,0,OUT_12075
0,0,0,OUT_12076
0,0,0,OUT_12077
0,0,0,OUT_12078
0,0,0,OUT_12079
0,1,0,OUT_12080
0,1,1,OUT_12081
0,0,0,OUT_12082
0,0,0,OUT_12083
0,0,1,OUT_12084
0,0,0,OUT_12085
0,0,0,OUT_12086
0,0,0,OUT_12087
0,0,0,OUT_12088
0,0,0,OUT_12089
0,0,0,OUT_12090
0,0,0,OUT_12091
0,0,0,OUT_12092
0,0,0,OUT_12093
0,0,0,OUT_12094
0,0,0,OUT_12095
0,0,0,OUT_12096
0,0,0,OUT_12097
0,0,1,OUT_12098
0,1,0,OUT_12099
0,0,0,OUT_12100
0,0,6,OUT_12101
0,0,0,OUT_12102
0,0,0,OUT_12103
0,0,0,OUT_12104
0,0,0,OUT_12105
0,0,0,OUT_12106
0,0,0,OUT_12107
0,0,0,OUT_12108
0,0,2,OUT_12109
0,0,0,OUT_12110
0,0,0,OUT_12111
0,0,0,OUT_12112
0,0,0,OUT_12113
0,0,0,OUT_12114
1,0,1,OUT_12115
0,0,0,OUT_12116
0,0,0,OUT_12117
0,0,0,OUT_12118
0,0,0,OUT_12119
1,0,5,OUT_12120
1,0,0,OUT_12121
3,0,1,OUT_12122
0,0,0,OUT_12123
0,0,0,OUT_12124
1,0,5,OUT_12125
0,1,0,OUT_12126
1,0,0,OUT_12127
0,1,0,OUT_12128
1,0,0,OUT_12129
0,0,0,OUT_12130
0,0,0,OUT_12131
0,0,0,OUT_12132
0,0,0,OUT_12133
0,0,0,OUT_12134
0,0,0,OUT_12135
0,0,0,OUT_12136
0,0,0,OUT_12137
0,0,0,OUT_12138
0,0,0,OUT_12139
0,0,0,OUT_12140
0,0,1,OUT_12141
0,0,0,OUT_12142
0,0,0,OUT_12143
0,0,0,OUT_12144
0,0,0,OUT_12145
0,0,0,OUT_12146
0,0,0,OUT_12147
0,0,0,OUT_12148
0,0,0,OUT_12149
0,0,0,OUT_12150
0,0,0,OUT_12151
0,0,0,OUT_12152
1,0,0,OUT_12153
0,0,0,OUT_12154
0,0,1,OUT_12155
0,0,1,OUT_12156
0,0,0,OUT_12157
0,0,1,OUT_12158
0,0,0,OUT_12159
0,0,0,OUT_12160
1,0,0,OUT_12161
1,0,1,OUT_12162
0,0,0,OUT_12163
1,0,2,OUT_12164
0,0,0,OUT_12165
0,0,1,OUT_12166
0,0,0,OUT_12167
1,0,2,OUT_12168
0,0,0,OUT_12169
0,0,0,OUT_12170
1,0,0,OUT_12171
0,3,12,OUT_12172
0,0,0,OUT_12173
0,0,0,OUT_12174
0,0,0,OUT_12175
0,0,0,OUT_12176
0,0,1,OUT_12177
0,0,0,OUT_12178
0,0,1,OUT_12179
0,0,0,OUT_12180
0,0,0,OUT_12181
0,0,0,OUT_12182
0,0,0,OUT_12183
1,0,0,OUT_12184
0,0,1,OUT_12185
0,0,0,OUT_12186
0,0,1,OUT_12187
0,0,0,OUT_12188
0,0,0,OUT_12189
0,0,1,OUT_12190
2,0,0,OUT_12191
0,0,0,OUT_12192
0,0,0,OUT_12193
1,0,0,OUT_12194
0,0,0,OUT_12195
0,0,0,OUT_12196
0,0,0,OUT_12197
3,0,1,OUT_12198
0,0,0,OUT_12199
0,0,0,OUT_12200
0,0,2,OUT_12201
0,0,0,OUT_12202
0,0,0,OUT_12203
0,0,2,OUT_12204
0,0,0,OUT_12205
0,0,1,OUT_12206
0,0,1,OUT_12207
0,0,0,OUT_12208
0,0,0,OUT_12209
0,0,0,OUT_12210
1,0,0,OUT_12211
0,0,0,OUT_12212
0,0,0,OUT_12213
0,0,0,OUT_12214
0,0,0,OUT_12215
0,0,2,OUT_12216
0,0,0,OUT_12217
0,0,2,OUT_12218
0,0,0,OUT_12219
0,0,1,OUT_12220
0,3,0,OUT_12221
0,0,0,OUT_12222
0,0,0,OUT_12223
0,0,2,OUT_12224
0,1,0,OUT_12225
1,0,0,OUT_12226
0,0,0,OUT_12227
0,0,0,OUT_12228
0,0,0,OUT_12229
0,0,0,OUT_12230
0,0,0,OUT_12231
0,0,0,OUT_12232
0,0,1,OUT_12233
1,0,1,OUT_12234
0,0,0,OUT_12235
0,0,0,OUT_12236
0,0,0,OUT_12237
0,0,1,OUT_12238
0,0,0,OUT_12239
0,0,0,OUT_12240
0,0,0,OUT_12241
0,0,1,OUT_12242
0,0,0,OUT_12243
0,0,0,OUT_12244
0,0,0,OUT_12245
1,0,5,OUT_12246
0,0,0,OUT_12247
0,0,0,OUT_12248
0,0,0,OUT_12249
0,0,1,OUT_12250
0,0,0,OUT_12251
1,0,1,OUT_12252
0,0,0,OUT_12253
0,0,2,OUT_12254
0,0,0,OUT_12255
2,0,3,OUT_12256
0,0,0,OUT_12257
0,0,0,OUT_12258
0,0,0,OUT_12259
1,0,1,OUT_12260
0,0,2,OUT_12261
0,0,0,OUT_12262
0,0,0,OUT_12263
0,0,1,OUT_12264
0,3,12,OUT_12265
0,0,0,OUT_12266
1,1,0,OUT_12267
0,0,0,OUT_12268
0,0,0,OUT_12269
0,0,0,OUT_12270
0,0,0,OUT_12271
0,0,2,OUT_12272
0,1,2,OUT_12273
0,0,0,OUT_12274
0,0,3,OUT_12275
0,0,0,OUT_12276
0,0,0,OUT_12277
0,0,0,OUT_12278
0,0,0,OUT_12279
0,0,0,OUT_12280
0,0,0,OUT_12281
0,0,0,OUT_12282
0,0,0,OUT_12283
0,0,0,OUT_12284
0,0,0,OUT_12285
0,0,0,OUT_12286
3,6,2,OUT_12287
1,0,5,OUT_12288
0,0,0,OUT_12289
2,1,1,OUT_12290
1,0,0,OUT_12291
0,0,0,OUT_12292
0,0,0,OUT_12293
0,0,0,OUT_12294
0,0,0,OUT_12295
1,0,1,OUT_12296
2,3,1,OUT_12297
0,0,0,OUT_12298
0,0,0,OUT_12299
0,0,0,OUT_12300
0,0,0,OUT_12301
0,0,0,OUT_12302
0,0,0,OUT_12303
0,0,0,OUT_12304
0,1,0,OUT_12305
0,0,0,OUT_12306
1,1,0,OUT_12307
0,0,0,OUT_12308
2,1,0,OUT_12309
0,0,0,OUT_12310
0,0,4,OUT_12311
0,0,0,OUT_12312
0,0,0,OUT_12313
0,0,0,OUT_12314
0,0,0,OUT_12315
2,0,1,OUT_12316
0,0,0,OUT_12317
1,0,0,OUT_12318
1,0,0,OUT_12319
0,0,0,OUT_12320
0,0,0,OUT_12321
1,1,0,OUT_12322
0,0,0,OUT_12323
0,1,0,OUT_12324
0,0,0,OUT_12325
0,0,0,OUT_12326
0,1,1,OUT_12327
0,0,0,OUT_12328
0,0,0,OUT_12329
0,0,0,OUT_12330
0,0,0,OUT_12331
0,0,2,OUT_12332
0,0,0,OUT_12333
0,0,0,OUT_12334
0,0,0,OUT_12335
0,0,0,OUT_12336
0,0,0,OUT_12337
0,0,0,OUT_12338
0,0,1,OUT_12339
0,0,0,OUT_12340
0,0,0,OUT_12341
0,0,0,OUT_12342
0,0,0,OUT_12343
0,0,0,OUT_12344
1,0,5,OUT_12345
0,0,0,OUT_12346
0,0,0,OUT_12347
0,0,0,OUT_12348
0,0,0,OUT_12349
0,0,0,OUT_12350
0,0,0,OUT_12351
0,0,1,OUT_12352
0,0,1,OUT_12353
0,0,0,OUT_12354
0,0,3,OUT_12355
0,0,6,OUT_12356
0,0,0,OUT_12357
0,0,5,OUT_12358
0,0,0,OUT_12359
0,0,0,OUT_12360
0,0,0,OUT_12361
0,0,0,OUT_12362
0,0,0,OUT_12363
0,0,0,OUT_12364
0,0,0,OUT_12365
0,0,0,OUT_12366
0,0,3,OUT_12367
0,0,0,OUT_12368
0,0,0,OUT_12369
0,0,0,OUT_12370
0,0,0,OUT_12371
0,0,1,OUT_12372
0,0,0,OUT_12373
0,0,2,OUT_12374
0,0,0,OUT_12375
0,0,0,OUT_12376
0,0,0,OUT_12377
1,0,0,OUT_12378
0,0,0,OUT_12379
0,0,0,OUT_12380
0,0,0,OUT_12381
0,0,0,OUT_12382
0,0,0,OUT_12383
1,1,0,OUT_12384
0,0,0,OUT_12385
2,0,0,OUT_12386
0,0,0,OUT_12387
0,0,0,OUT_12388
0,0,0,OUT_12389
0,0,0,OUT_12390
0,0,0,OUT_12391
0,0,0,OUT_12392
0,0,0,OUT_12393
0,0,0,OUT_12394
0,0,0,OUT_12395
0,0,0,OUT_12396
0,0,0,OUT_12397
0,0,0,OUT_12398
0,0,0,OUT_12399
0,0,1,OUT_12400
0,0,1,OUT_12401
2,0,0,OUT_12402
0,0,0,OUT_12403
0,0,0,OUT_12404
0,0,0,OUT_12405
0,0,0,OUT_12406
0,0,2,OUT_12407
0,0,0,OUT_12408
0,0,0,OUT_12409
0,0,0,OUT_12410
0,0,0,OUT_12411
0,0,0,OUT_12412
0,0,4,OUT_12413
0,0,0,OUT_12414
0,0,0,OUT_12415
0,0,0,OUT_12416
0,0,0,OUT_12417
0,0,1,OUT_12418
0,0,0,OUT_12419
0,0,0,OUT_12420
0,1,0,OUT_12421
2,0,0,OUT_12422
0,0,0,OUT_12423
0,0,0,OUT_12424
0,0,0,OUT_12425
0,0,0,OUT_12426
0,0,0,OUT_12427
0,0,1,OUT_12428
0,0,0,OUT_12429
0,0,0,OUT_12430
0,0,0,OUT_12431
1,0,0,OUT_12432
0,0,0,OUT_12433
0,0,0,OUT_12434
0,0,2,OUT_12435
0,1,0,OUT_12436
0,0,0,OUT_12437
0,0,0,OUT_12438
0,0,0,OUT_12439
0,0,0,OUT_12440
0,0,0,OUT_12441
0,0,5,OUT_12442
0,0,0,OUT_12443
0,0,0,OUT_12444
0,0,0,OUT_12445
0,0,0,OUT_12446
0,0,0,OUT_12447
0,0,0,OUT_12448
2,0,0,OUT_12449
0,0,2,OUT_12450
1,0,0,OUT_12451
0,0,0,OUT_12452
0,0,0,OUT_12453
2,1,0,OUT_12454
0,0,0,OUT_12455
1,0,1,OUT_12456
0,0,0,OUT_12457
0,0,3,OUT_12458
0,0,0,OUT_12459
0,0,0,OUT_12460
0,0,0,OUT_12461
3,3,0,OUT_12462
0,0,0,OUT_12463
0,0,0,OUT_12464
0,0,1,OUT_12465
0,0,0,OUT_12466
0,0,0,OUT_12467
0,0,0,OUT_12468
0,0,0,OUT_12469
0,0,0,OUT_12470
0,0,0,OUT_12471
0,0,0,OUT_12472
0,0,0,OUT_12473
0,0,1,OUT_12474
1,1,6,OUT_12475
1,0,1,OUT_12476
0,0,0,OUT_12477
1,0,1,OUT_12478
0,0,0,OUT_12479
1,1,3,OUT_12480
0,0,0,OUT_12481
0,0,0,OUT_12482
0,0,0,OUT_12483
0,0,0,OUT_12484
0,0,0,OUT_12485
0,0,0,OUT_12486
0,0,1,OUT_12487
0,0,0,OUT_12488
0,0,0,OUT_12489
0,0,1,OUT_12490
0,0,0,OUT_12491
0,0,0,OUT_12492
0,0,1,OUT_12493
0,0,1,OUT_12494
0,0,0,OUT_12495
0,0,2,OUT_12496
0,0,0,OUT_12497
0,0,0,OUT_12498
0,0,1,OUT_12499
1,0,0,OUT_12500
0,0,0,OUT_12501
0,0,0,OUT_12502
0,0,0,OUT_12503
0,0,0,OUT_12504
0,0,0,OUT_12505
1,0,0,OUT_12506
0,0,1,OUT_12507
0,0,0,OUT_12508
0,0,1,OUT_12509
0,0,0,OUT_12510
0,0,0,OUT_12511
0,0,0,OUT_12512
0,2,1,OUT_12513
0,0,0,OUT_12514
0,0,0,OUT_12515
0,0,0,OUT_12516
0,0,0,OUT_12517
1,0,0,OUT_12518
2,0,4,OUT_12519
0,0,0,OUT_12520
0,0,0,OUT_12521
1,0,0,OUT_12522
0,0,0,OUT_12523
0,0,0,OUT_12524
0,0,0,OUT_12525
0,0,0,OUT_12526
0,0,0,OUT_12527
0,0,0,OUT_12528
1,0,0,OUT_12529
0,0,0,OUT_12530
0,0,0,OUT_12531
0,0,0,OUT_12532
0,0,0,OUT_12533
0,0,0,OUT_12534
0,0,0,OUT_12535
1,1,0,OUT_12536
0,0,0,OUT_12537
0,0,0,OUT_12538
0,0,0,OUT_12539
0,0,2,OUT_12540
0,0,0,OUT_12541
0,0,0,OUT_12542
0,1,0,OUT_12543
1,0,0,OUT_12544
0,0,0,OUT_12545
0,0,5,OUT_12546
0,0,0,OUT_12547
0,0,0,OUT_12548
0,0,0,OUT_12549
0,0,0,OUT_12550
0,0,0,OUT_12551
0,0,0,OUT_12552
0,0,0,OUT_12553
0,0,0,OUT_12554
0,0,0,OUT_12555
0,1,0,OUT_12556
0,0,0,OUT_12557
0,0,0,OUT_12558
0,0,0,OUT_12559
0,0,0,OUT_12560
0,0,0,OUT_12561
0,0,0,OUT_12562
0,0,0,OUT_12563
0,0,0,OUT_12564
0,0,0,OUT_12565
0,0,0,OUT_12566
0,0,0,OUT_12567
0,0,0,OUT_12568
0,0,0,OUT_12569
0,0,0,OUT_12570
2,1,3,OUT_12571
1,0,0,OUT_12572
0,0,0,OUT_12573
1,0,1,OUT_12574
0,0,0,OUT_12575
0,0,0,OUT_12576
0,0,0,OUT_12577
0,0,0,OUT_12578
0,0,0,OUT_12579
0,0,0,OUT_12580
0,0,0,OUT_12581
0,0,0,OUT_12582
0,0,0,OUT_12583
0,0,0,OUT_12584
0,0,0,OUT_12585
0,0,0,OUT_12586
0,0,0,OUT_12587
0,0,0,OUT_12588
0,0,0,OUT_12589
0,0,0,OUT_12590
0,0,0,OUT_12591
0,0,0,OUT_12592
0,0,0,OUT_12593
0,0,0,OUT_12594
1,0,7,OUT_12595
0,0,0,OUT_12596
0,0,0,OUT_12597
0,0,0,OUT_12598
0,0,0,OUT_12599
0,0,0,OUT_12600
0,0,1,OUT_12601
0,0,0,OUT_12602
0,0,0,OUT_12603
2,0,0,OUT_12604
1,0,0,OUT_12605
0,0,0,OUT_12606
0,0,0,OUT_12607
0,0,0,OUT_12608
0,0,0,OUT_12609
0,0,0,OUT_12610
0,0,0,OUT_12611
0,0,0,OUT_12612
0,0,0,OUT_12613
0,0,0,OUT_12614
0,0,0,OUT_12615
0,0,0,OUT_12616
0,0,0,OUT_12617
0,0,0,OUT_12618
0,0,0,OUT_12619
0,0,1,OUT_12620
0,0,0,OUT_12621
0,0,0,OUT_12622
0,0,1,OUT_12623
0,0,0,OUT_12624
0,0,0,OUT_12625
0,0,0,OUT_12626
0,0,0,OUT_12627
3,0,11,OUT_12628
1,0,0,OUT_12629
0,0,0,OUT_12630
0,0,0,OUT_12631
0,0,0,OUT_12632
0,0,0,OUT_12633
1,0,0,OUT_12634
0,0,0,OUT_12635
0,0,1,OUT_12636
0,0,0,OUT_12637
0,1,0,OUT_12638
0,0,0,OUT_12639
0,0,0,OUT_12640
0,0,0,OUT_12641
0,0,0,OUT_12642
0,0,0,OUT_12643
0,0,0,OUT_12644
0,0,0,OUT_12645
0,0,0,OUT_12646
0,0,0,OUT_12647
0,0,0,OUT_12648
0,0,2,OUT_12649
0,0,0,OUT_12650
1,0,0,OUT_12651
0,0,0,OUT_12652
1,0,6,OUT_12653
0,0,0,OUT_12654
1,0,2,OUT_12655
0,0,0,OUT_12656
0,0,0,OUT_12657
1,0,0,OUT_12658
2,0,0,OUT_12659
0,0,0,OUT_12660
0,0,1,OUT_12661
0,0,0,OUT_12662
1,1,0,OUT_12663
0,0,2,OUT_12664
0,0,0,OUT_12665
0,0,0,OUT_12666
0,0,0,OUT_12667
0,0,0,OUT_12668
0,0,0,OUT_12669
0,0,1,OUT_12670
0,0,0,OUT_12671
0,0,0,OUT_12672
0,0,1,OUT_12673
1,0,1,OUT_12674
0,0,0,OUT_12675
0,0,0,OUT_12676
0,0,0,OUT_12677
1,0,0,OUT_12678
0,0,0,OUT_12679
0,0,0,OUT_12680
1,0,0,OUT_12681
0,0,1,OUT_12682
0,0,1,OUT_12683
0,0,0,OUT_12684
0,0,0,OUT_12685
1,1,0,OUT_12686
0,0,0,OUT_12687
0,1,0,OUT_12688
0,0,0,OUT_12689
0,0,1,OUT_12690
0,0,0,OUT_12691
0,0,0,OUT_12692
0,0,2,OUT_12693
0,0,0,OUT_12694
0,0,0,OUT_12695
0,0,0,OUT_12696
0,0,0,OUT_12697
0,0,0,OUT_12698
0,0,0,OUT_12699
1,0,1,OUT_12700
0,0,3,OUT_12701
0,0,0,OUT_12702
0,0,0,OUT_12703
1,0,0,OUT_12704
0,0,0,OUT_12705
0,0,0,OUT_12706
0,0,0,OUT_12707
0,0,0,OUT_12708
0,0,4,OUT_12709
0,0,0,OUT_12710
0,0,0,OUT_12711
0,0,0,OUT_12712
0,0,0,OUT_12713
0,2,8,OUT_12714
0,0,0,OUT_12715
0,0,0,OUT_12716
0,0,2,OUT_12717
0,0,0,OUT_12718
0,0,0,OUT_12719
0,0,0,OUT_12720
0,0,1,OUT_12721
0,0,0,OUT_12722
0,0,2,OUT_12723
0,0,0,OUT_12724
0,0,0,OUT_12725
0,0,0,OUT_12726
0,0,0,OUT_12727
0,0,0,OUT_12728
2,1,0,OUT_12729
0,0,0,OUT_12730
0,0,0,OUT_12731
0,0,0,OUT_12732
0,0,0,OUT_12733
0,0,0,OUT_12734
0,0,0,OUT_12735
0,0,0,OUT_12736
0,0,0,OUT_12737
0,0,0,OUT_12738
0,0,0,OUT_12739
0,0,0,OUT_12740
0,0,0,OUT_12741
0,0,0,OUT_12742
0,0,1,OUT_12743
0,0,0,OUT_12744
0,0,0,OUT_12745
0,0,0,OUT_12746
0,0,0,OUT_12747
0,0,0,OUT_12748
0,0,0,OUT_12749
0,0,0,OUT_12750
0,0,0,OUT_12751
0,0,0,OUT_12752
0,0,0,OUT_12753
0,0,0,OUT_12754
1,0,0,OUT_12755
0,0,2,OUT_12756
0,0,0,OUT_12757
1,1,8,OUT_12758
0,0,0,OUT_12759
1,0,0,OUT_12760
0,0,0,OUT_12761
0,0,2,OUT_12762
0,0,0,OUT_12763
0,0,0,OUT_12764
0,0,1,OUT_12765
0,0,0,OUT_12766
0,0,0,OUT_12767
0,0,1,OUT_12768
0,0,0,OUT_12769
0,0,0,OUT_12770
0,0,0,OUT_12771
0,0,0,OUT_12772
0,0,0,OUT_12773
0,0,0,OUT_12774
0,0,0,OUT_12775
0,0,0,OUT_12776
0,0,2,OUT_12777
0,0,0,OUT_12778
0,0,0,OUT_12779
0,0,0,OUT_12780
0,0,1,OUT_12781
1,1,0,OUT_12782
0,0,0,OUT_12783
0,0,1,OUT_12784
0,0,0,OUT_12785
0,0,1,OUT_12786
0,0,0,OUT_12787
0,0,0,OUT_12788
0,0,0,OUT_12789
0,0,1,OUT_12790
0,0,0,OUT_12791
0,0,1,OUT_12792
0,0,0,OUT_12793
0,0,0,OUT_12794
0,0,1,OUT_12795
0,0,0,OUT_12796
0,0,0,OUT_12797
0,0,0,OUT_12798
0,0,0,OUT_12799
0,0,0,OUT_12800
0,0,0,OUT_12801
0,0,0,OUT_12802
1,0,3,OUT_12803
0,0,0,OUT_12804
0,0,0,OUT_12805
0,0,0,OUT_12806
0,0,0,OUT_12807
1,0,0,OUT_12808
0,0,0,OUT_12809
0,0,0,OUT_12810
0,0,0,OUT_12811
1,0,0,OUT_12812
0,0,1,OUT_12813
0,0,3,OUT_12814
0,0,0,OUT_12815
0,1,0,OUT_12816
0,0,0,OUT_12817
0,0,0,OUT_12818
0,0,0,OUT_12819
0,0,0,OUT_12820
0,0,0,OUT_12821
0,0,0,OUT_12822
1,2,2,OUT_12823
0,0,0,OUT_12824
0,0,2,OUT_12825
0,0,1,OUT_12826
0,0,0,OUT_12827
0,0,0,OUT_12828
0,0,0,OUT_12829
0,0,0,OUT_12830
0,0,0,OUT_12831
0,0,0,OUT_12832
1,0,0,OUT_12833
0,0,0,OUT_12834
0,0,0,OUT_12835
0,0,0,OUT_12836
0,0,0,OUT_12837
2,0,0,OUT_12838
1,0,0,OUT_12839
0,0,0,OUT_12840
0,0,0,OUT_12841
0,0,0,OUT_12842
0,0,0,OUT_12843
0,0,0,OUT_12844
0,0,1,OUT_12845
0,0,0,OUT_12846
1,0,0,OUT_12847
0,0,1,OUT_12848
0,0,0,OUT_12849
0,0,0,OUT_12850
0,0,0,OUT_12851
1,0,0,OUT_12852
0,0,0,OUT_12853
0,0,0,OUT_12854
0,0,2,OUT_12855
0,0,0,OUT_12856
0,0,0,OUT_12857
0,0,0,OUT_12858
0,1,2,OUT_12859
3,0,0,OUT_12860
0,0,0,OUT_12861
0,0,0,OUT_12862
0,0,0,OUT_12863
0,0,1,OUT_12864
0,0,0,OUT_12865
0,0,0,OUT_12866
0,0,0,OUT_12867
0,0,0,OUT_12868
0,0,0,OUT_12869
0,0,0,OUT_12870
0,0,0,OUT_12871
0,0,0,OUT_12872
0,0,0,OUT_12873
2,1,0,OUT_12874
0,0,0,OUT_12875
1,0,0,OUT_12876
0,0,0,OUT_12877
0,0,0,OUT_12878
0,0,0,OUT_12879
0,0,0,OUT_12880
0,0,0,OUT_12881
0,0,0,OUT_12882
0,0,2,OUT_12883
0,0,0,OUT_12884
0,0,0,OUT_12885
0,1,0,OUT_12886
0,0,0,OUT_12887
0,0,0,OUT_12888
0,0,0,OUT_12889
0,0,0,OUT_12890
0,0,0,OUT_12891
0,0,0,OUT_12892
0,0,0,OUT_12893
1,2,1,OUT_12894
0,0,0,OUT_12895
1,0,2,OUT_12896
0,0,0,OUT_12897
1,0,4,OUT_12898
1,0,15,OUT_12899
0,0,0,OUT_12900
0,0,0,OUT_12901
0,0,0,OUT_12902
0,0,0,OUT_12903
0,0,0,OUT_12904
0,0,1,OUT_12905
0,0,0,OUT_12906
0,0,0,OUT_12907
0,0,2,OUT_12908
0,0,0,OUT_12909
0,0,0,OUT_12910
0,0,2,OUT_12911
2,1,2,OUT_12912
0,0,0,OUT_12913
0,0,0,OUT_12914
0,0,0,OUT_12915
0,0,0,OUT_12916
0,0,0,OUT_12917
2,0,0,OUT_12918
0,0,0,OUT_12919
0,0,0,OUT_12920
0,0,0,OUT_12921
0,0,0,OUT_12922
0,0,0,OUT_12923
0,0,0,OUT_12924
0,0,0,OUT_12925
0,0,0,OUT_12926
0,0,0,OUT_12927
0,0,0,OUT_12928
0,0,0,OUT_12929
1,0,3,OUT_12930
0,0,0,OUT_12931
0,0,0,OUT_12932
1,0,2,OUT_12933
0,3,12,OUT_12934
2,2,2,OUT_12935
0,0,0,OUT_12936
0,0,0,OUT_12937
0,0,0,OUT_12938
0,0,0,OUT_12939
0,0,0,OUT_12940
0,0,1,OUT_12941
0,0,0,OUT_12942
0,0,0,OUT_12943
0,0,0,OUT_12944
0,0,0,OUT_12945
0,0,0,OUT_12946
0,0,0,OUT_12947
0,0,0,OUT_12948
0,0,0,OUT_12949
1,0,1,OUT_12950
1,0,0,OUT_12951
0,0,0,OUT_12952
0,0,0,OUT_12953
0,0,0,OUT_12954
0,0,0,OUT_12955
0,0,0,OUT_12956
1,0,2,OUT_12957
0,0,0,OUT_12958
0,0,0,OUT_12959
3,2,7,OUT_12960
0,0,0,OUT_12961
0,0,0,OUT_12962
0,0,0,OUT_12963
0,0,0,OUT_12964
0,0,0,OUT_12965
1,0,0,OUT_12966
0,0,0,OUT_12967
0,0,1,OUT_12968
1,0,4,OUT_12969
0,0,0,OUT_12970
0,0,0,OUT_12971
0,0,0,OUT_12972
0,0,0,OUT_12973
0,0,0,OUT_12974
0,0,2,OUT_12975
0,0,0,OUT_12976
0,0,0,OUT_12977
1,0,2,OUT_12978
0,0,0,OUT_12979
0,0,0,OUT_12980
1,2,1,OUT_12981
1,0,4,OUT_12982
0,0,0,OUT_12983
0,0,0,OUT_12984
0,0,0,OUT_12985
0,0,2,OUT_12986
1,1,0,OUT_12987
0,0,0,OUT_12988
0,0,1,OUT_12989
0,0,3,OUT_12990
0,0,0,OUT_12991
1,0,0,OUT_12992
0,0,0,OUT_12993
0,0,0,OUT_12994
0,0,0,OUT_12995
0,0,0,OUT_12996
0,0,0,OUT_12997
2,1,0,OUT_12998
0,0,0,OUT_12999
0,0,0,OUT_13000
0,0,0,OUT_13001
0,0,0,OUT_13002
0,0,0,OUT_13003
0,0,0,OUT_13004
0,0,0,OUT_13005
0,0,0,OUT_13006
0,0,0,OUT_13007
0,0,0,OUT_13008
0,0,0,OUT_13009
0,0,0,OUT_13010
0,0,0,OUT_13011
0,0,0,OUT_13012
0,0,0,OUT_13013
0,0,0,OUT_13014
0,0,0,OUT_13015
0,0,0,OUT_13016
0,0,0,OUT_13017
0,0,0,OUT_13018
0,0,0,OUT_13019
0,0,0,OUT_13020
0,0,0,OUT_13021
0,0,0,OUT_13022
0,0,0,OUT_13023
0,0,0,OUT_13024
0,0,0,OUT_13025
0,0,0,OUT_13026
0,0,0,OUT_13027
0,0,0,OUT_13028
0,0,1,OUT_13029
0,0,0,OUT_13030
0,0,0,OUT_13031
0,0,0,OUT_13032
0,0,0,OUT_13033
0,0,0,OUT_13034
0,0,0,OUT_13035
0,0,0,OUT_13036
0,0,0,OUT_13037
0,0,0,OUT_13038
0,0,0,OUT_13039
0,0,0,OUT_13040
0,0,0,OUT_13041
0,0,0,OUT_13042
0,0,0,OUT_13043
0,0,0,OUT_13044
0,0,0,OUT_13045
0,0,0,OUT_13046
0,0,0,OUT_13047
0,0,0,OUT_13048
0,0,0,OUT_13049
0,0,0,OUT_13050
0,0,0,OUT_13051
0,0,0,OUT_13052
0,0,0,OUT_13053
0,0,0,OUT_13054
0,0,0,OUT_13055
0,0,0,OUT_13056
0,0,0,OUT_13057
0,0,0,OUT_13058
0,0,0,OUT_13059
0,0,0,OUT_13060
0,0,0,OUT_13061
0,0,0,OUT_13062
0,0,0,OUT_13063
0,0,0,OUT_13064
0,0,0,OUT_13065
0,0,0,OUT_13066
1,0,0,OUT_13067
0,0,0,OUT_13068
0,0,0,OUT_13069
0,0,0,OUT_13070
0,0,0,OUT_13071
0,0,0,OUT_13072
0,0,0,OUT_13073
0,0,0,OUT_13074
0,0,0,OUT_13075
0,0,0,OUT_13076
0,0,0,OUT_13077
0,0,0,OUT_13078
0,0,0,OUT_13079
0,0,0,OUT_13080
0,0,0,OUT_13081
0,0,0,OUT_13082
0,0,0,OUT_13083
0,0,0,OUT_13084
0,0,0,OUT_13085
1,0,0,OUT_13086
0,0,0,OUT_13087
0,0,0,OUT_13088
0,0,0,OUT_13089
0,0,0,OUT_13090
0,0,0,OUT_13091
0,0,0,OUT_13092
0,0,0,OUT_13093
0,0,1,OUT_13094
0,0,0,OUT_13095
0,0,0,OUT_13096
0,0,0,OUT_13097
0,0,0,OUT_13098
0,0,0,OUT_13099
0,0,0,OUT_13100
0,0,0,OUT_13101
0,0,0,OUT_13102
0,0,0,OUT_13103
0,0,0,OUT_13104
0,0,0,OUT_13105
0,0,0,OUT_13106
0,0,0,OUT_13107
0,0,0,OUT_13108
0,0,0,OUT_13109
0,0,0,OUT_13110
0,0,0,OUT_13111
0,0,1,OUT_13112
0,0,0,OUT_13113
0,0,0,OUT_13114
0,0,0,OUT_13115
0,0,0,OUT_13116
0,0,0,OUT_13117
0,0,0,OUT_13118
0,0,0,OUT_13119
0,0,0,OUT_13120
0,0,0,OUT_13121
0,0,0,OUT_13122
0,0,0,OUT_13123
0,0,0,OUT_13124
0,0,0,OUT_13125
0,0,0,OUT_13126
0,0,0,OUT_13127
0,0,0,OUT_13128
0,0,0,OUT_13129
0,0,0,OUT_13130
0,0,0,OUT_13131
0,0,0,OUT_13132
0,0,0,OUT_13133
0,0,0,OUT_13134
0,0,0,OUT_13135
0,0,0,OUT_13136
0,0,0,OUT_13137
0,0,0,OUT_13138
0,0,0,OUT_13139
0,0,0,OUT_13140
0,0,0,OUT_13141
0,0,0,OUT_13142
0,0,0,OUT_13143
0,0,0,OUT_13144
0,0,0,OUT_13145
0,0,0,OUT_13146
0,0,0,OUT_13147
0,0,0,OUT_13148
0,0,0,OUT_13149
0,1,0,OUT_13150
0,0,0,OUT_13151
0,1,0,OUT_13152
0,0,0,OUT_13153
0,0,0,OUT_13154
0,0,0,OUT_13155
0,0,0,OUT_13156
0,0,0,OUT_13157
0,0,0,OUT_13158
0,0,0,OUT_13159
0,0,0,OUT_13160
0,0,0,OUT_13161
0,0,0,OUT_13162
0,0,0,OUT_13163
0,0,0,OUT_13164
0,0,0,OUT_13165
0,0,0,OUT_13166
0,0,0,OUT_13167
0,0,0,OUT_13168
0,0,0,OUT_13169
1,0,0,OUT_13170
0,0,0,OUT_13171
0,0,0,OUT_13172
0,0,0,OUT_13173
0,0,0,OUT_13174
0,0,0,OUT_13175
0,0,0,OUT_13176
0,0,0,OUT_13177
0,0,0,OUT_13178
0,0,0,OUT_13179
0,0,0,OUT_13180
0,0,0,OUT_13181
0,0,0,OUT_13182
0,0,0,OUT_13183
0,0,0,OUT_13184
0,0,2,OUT_13185
0,0,0,OUT_13186
0,0,0,OUT_13187
0,0,0,OUT_13188
0,0,0,OUT_13189
0,0,0,OUT_13190
0,0,0,OUT_13191
2,0,0,OUT_13192
0,0,0,OUT_13193
0,0,0,OUT_13194
0,0,0,OUT_13195
0,0,0,OUT_13196
0,0,0,OUT_13197
0,0,0,OUT_13198
0,0,0,OUT_13199
0,0,0,OUT_13200
0,0,0,OUT_13201
0,0,0,OUT_13202
0,0,0,OUT_13203
0,0,0,OUT_13204
0,0,0,OUT_13205
0,0,0,OUT_13206
0,0,0,OUT_13207
0,0,0,OUT_13208
0,0,0,OUT_13209
0,0,0,OUT_13210
0,0,0,OUT_13211
0,0,0,OUT_13212
0,0,0,OUT_13213
0,0,0,OUT_13214
0,0,0,OUT_13215
1,0,0,OUT_13216
0,0,0,OUT_13217
0,0,0,OUT_13218
0,0,0,OUT_13219
0,0,0,OUT_13220
0,0,0,OUT_13221
0,0,0,OUT_13222
0,0,0,OUT_13223
0,0,0,OUT_13224
0,0,0,OUT_13225
0,0,0,OUT_13226
1,1,0,OUT_13227
0,0,0,OUT_13228
0,0,0,OUT_13229
0,0,0,OUT_13230
0,0,0,OUT_13231
0,0,0,OUT_13232
0,0,0,OUT_13233
0,0,0,OUT_13234
0,0,0,OUT_13235
0,0,0,OUT_13236
0,0,0,OUT_13237
0,0,0,OUT_13238
0,0,0,OUT_13239
0,0,0,OUT_13240
0,0,0,OUT_13241
0,0,0,OUT_13242
0,0,0,OUT_13243
0,0,0,OUT_13244
0,0,0,OUT_13245
1,0,0,OUT_13246
0,0,0,OUT_13247
0,0,0,OUT_13248
0,0,0,OUT_13249
0,0,0,OUT_13250
0,0,0,OUT_13251
0,0,0,OUT_13252
0,0,0,OUT_13253
1,0,0,OUT_13254
0,0,0,OUT_13255
0,0,0,OUT_13256
0,0,0,OUT_13257
0,0,0,OUT_13258
0,0,0,OUT_13259
0,0,0,OUT_13260
0,0,0,OUT_13261
0,0,0,OUT_13262
0,0,0,OUT_13263
0,0,0,OUT_13264
0,0,0,OUT_13265
0,0,0,OUT_13266
0,0,0,OUT_13267
0,0,0,OUT_13268
0,0,0,OUT_13269
0,0,0,OUT_13270
0,0,0,OUT_13271
0,0,0,OUT_13272
0,0,0,OUT_13273
0,0,0,OUT_13274
0,0,0,OUT_13275
0,0,0,OUT_13276
0,0,0,OUT_13277
0,0,0,OUT_13278
2,0,0,OUT_13279
1,0,0,OUT_13280
0,0,0,OUT_13281
0,0,0,OUT_13282
0,0,0,OUT_13283
0,0,0,OUT_13284
0,0,0,OUT_13285
0,0,0,OUT_13286
0,0,0,OUT_13287
0,0,0,OUT_13288
0,0,0,OUT_13289
0,0,0,OUT_13290
0,0,0,OUT_13291
0,0,0,OUT_13292
0,0,0,OUT_13293
0,0,0,OUT_13294
0,0,0,OUT_13295
0,0,0,OUT_13296
0,0,0,OUT_13297
0,0,0,OUT_13298
0,0,0,OUT_13299
0,0,0,OUT_13300
0,0,0,OUT_13301
0,0,0,OUT_13302
0,0,0,OUT_13303
0,0,0,OUT_13304
0,0,0,OUT_13305
0,0,0,OUT_13306
0,0,0,OUT_13307
1,0,0,OUT_13308
0,0,0,OUT_13309
0,0,0,OUT_13310
0,0,0,OUT_13311
0,0,0,OUT_13312
0,0,0,OUT_13313
0,0,0,OUT_13314
0,0,0,OUT_13315
0,0,0,OUT_13316
0,0,0,OUT_13317
0,0,0,OUT_13318
0,0,0,OUT_13319
0,0,0,OUT_13320
0,0,0,OUT_13321
0,0,0,OUT_13322
0,0,0,OUT_13323
0,0,0,OUT_13324
0,0,0,OUT_13325
0,0,0,OUT_13326
0,0,0,OUT_13327
0,0,0,OUT_13328
0,0,0,OUT_13329
0,0,0,OUT_13330
0,0,0,OUT_13331
0,0,0,OUT_13332
0,0,0,OUT_13333
0,0,0,OUT_13334
0,0,0,OUT_13335
0,0,0,OUT_13336
0,0,0,OUT_13337
0,0,0,OUT_13338
0,0,0,OUT_13339
0,0,0,OUT_13340
0,0,0,OUT_13341
0,0,0,OUT_13342
0,0,0,OUT_13343
0,0,0,OUT_13344
0,0,0,OUT_13345
0,0,0,OUT_13346
0,0,0,OUT_13347
0,0,0,OUT_13348
0,0,0,OUT_13349
0,0,0,OUT_13350
0,0,0,OUT_13351
0,0,0,OUT_13352
0,0,0,OUT_13353
0,0,0,OUT_13354
0,0,0,OUT_13355
0,0,0,OUT_13356
0,0,0,OUT_13357
0,0,0,OUT_13358
0,0,0,OUT_13359
0,0,0,OUT_13360
0,0,0,OUT_13361
0,0,0,OUT_13362
0,0,0,OUT_13363
0,0,0,OUT_13364
0,0,0,OUT_13365
0,0,0,OUT_13366
0,0,0,OUT_13367
0,0,1,OUT_13368
0,0,0,OUT_13369
0,0,0,OUT_13370
0,0,0,OUT_13371
0,0,0,OUT_13372
0,0,0,OUT_13373
0,0,0,OUT_13374
0,0,0,OUT_13375
0,0,0,OUT_13376
0,0,0,OUT_13377
0,0,0,OUT_13378
0,0,0,OUT_13379
0,0,0,OUT_13380
0,0,0,OUT_13381
0,0,0,OUT_13382
0,0,0,OUT_13383
0,0,0,OUT_13384
0,0,1,OUT_13385
0,0,0,OUT_13386
0,0,0,OUT_13387
0,0,0,OUT_13388
0,0,0,OUT_13389
0,0,0,OUT_13390
0,0,0,OUT_13391
0,0,0,OUT_13392
0,0,0,OUT_13393
0,0,0,OUT_13394
0,0,0,OUT_13395
0,0,0,OUT_13396
0,0,0,OUT_13397
0,0,0,OUT_13398
0,0,0,OUT_13399
0,0,0,OUT_13400
0,0,0,OUT_13401
0,0,0,OUT_13402
0,0,0,OUT_13403
0,0,0,OUT_13404
0,0,0,OUT_13405
0,0,0,OUT_13406
0,0,0,OUT_13407
0,0,0,OUT_13408
0,0,0,OUT_13409
0,0,0,OUT_13410
0,0,0,OUT_13411
0,0,0,OUT_13412
0,0,0,OUT_13413
0,0,0,OUT_13414
0,0,0,OUT_13415
0,0,0,OUT_13416
0,0,0,OUT_13417
0,1,0,OUT_13418
0,0,0,OUT_13419
0,0,0,OUT_13420
0,0,0,OUT_13421
0,0,0,OUT_13422
0,0,0,OUT_13423
0,0,0,OUT_13424
0,0,0,OUT_13425
0,0,0,OUT_13426
0,0,0,OUT_13427
0,0,0,OUT_13428
0,0,0,OUT_13429
0,0,0,OUT_13430
0,0,0,OUT_13431
0,0,0,OUT_13432
0,0,0,OUT_13433
0,0,0,OUT_13434
0,0,0,OUT_13435
0,0,0,OUT_13436
0,0,0,OUT_13437
0,0,0,OUT_13438
0,0,0,OUT_13439
0,0,0,OUT_13440
0,0,0,OUT_13441
0,0,0,OUT_13442
0,0,0,OUT_13443
0,0,0,OUT_13444
0,0,0,OUT_13445
0,0,0,OUT_13446
0,0,1,OUT_13447
0,0,0,OUT_13448
0,0,0,OUT_13449
0,0,0,OUT_13450
0,0,0,OUT_13451
0,0,0,OUT_13452
0,0,0,OUT_13453
0,0,0,OUT_13454
0,0,0,OUT_13455
0,0,0,OUT_13456
0,0,0,OUT_13457
0,0,0,OUT_13458
0,0,0,OUT_13459
0,0,0,OUT_13460
0,0,0,OUT_13461
0,0,0,OUT_13462
0,0,0,OUT_13463
0,0,0,OUT_13464
0,0,0,OUT_13465
0,0,0,OUT_13466
0,0,0,OUT_13467
0,0,0,OUT_13468
0,0,0,OUT_13469
0,0,0,OUT_13470
0,0,0,OUT_13471
0,0,0,OUT_13472
0,0,0,OUT_13473
0,0,0,OUT_13474
0,0,0,OUT_13475
0,0,0,OUT_13476
0,0,0,OUT_13477
0,0,0,OUT_13478
0,0,0,OUT_13479
0,0,0,OUT_13480
0,0,0,OUT_13481
0,0,0,OUT_13482
0,0,0,OUT_13483
2,0,0,OUT_13484
0,0,0,OUT_13485
0,0,0,OUT_13486
0,0,0,OUT_13487
0,0,0,OUT_13488
0,0,0,OUT_13489
0,0,0,OUT_13490
0,0,0,OUT_13491
0,0,0,OUT_13492
0,0,0,OUT_13493
0,0,0,OUT_13494
0,0,0,OUT_13495
0,0,0,OUT_13496
0,0,0,OUT_13497
0,0,0,OUT_13498
0,0,0,OUT_13499
0,0,0,OUT_13500
0,0,0,OUT_13501
0,0,0,OUT_13502
0,0,0,OUT_13503
0,0,0,OUT_13504
0,0,0,OUT_13505
0,0,0,OUT_13506
0,0,0,OUT_13507
0,0,0,OUT_13508
0,0,0,OUT_13509
0,0,0,OUT_13510
0,0,0,OUT_13511
0,0,0,OUT_13512
0,0,1,OUT_13513
0,0,0,OUT_13514
0,0,0,OUT_13515
0,0,0,OUT_13516
0,0,0,OUT_13517
0,0,0,OUT_13518
0,0,0,OUT_13519
0,0,0,OUT_13520
0,0,0,OUT_13521
0,0,0,OUT_13522
0,0,0,OUT_13523
0,0,0,OUT_13524
0,0,0,OUT_13525
0,0,0,OUT_13526
0,0,0,OUT_13527
0,0,0,OUT_13528
0,0,0,OUT_13529
0,0,0,OUT_13530
0,0,0,OUT_13531
0,0,0,OUT_13532
1,0,0,OUT_13533
0,0,0,OUT_13534
0,0,0,OUT_13535
0,0,0,OUT_13536
0,0,0,OUT_13537
0,0,0,OUT_13538
0,0,0,OUT_13539
0,0,0,OUT_13540
0,0,0,OUT_13541
0,1,0,OUT_13542
0,0,0,OUT_13543
0,0,0,OUT_13544
0,0,0,OUT_13545
0,0,0,OUT_13546
0,0,0,OUT_13547
0,0,0,OUT_13548
0,0,0,OUT_13549
0,0,0,OUT_13550
0,0,0,OUT_13551
0,0,0,OUT_13552
0,0,0,OUT_13553
0,0,0,OUT_13554
0,0,0,OUT_13555
0,0,0,OUT_13556
0,0,0,OUT_13557
0,0,0,OUT_13558
0,0,0,OUT_13559
0,0,0,OUT_13560
0,0,0,OUT_13561
0,0,0,OUT_13562
0,0,0,OUT_13563
0,0,0,OUT_13564
0,0,0,OUT_13565
0,0,0,OUT_13566
0,0,0,OUT_13567
0,0,0,OUT_13568
0,0,0,OUT_13569
0,0,0,OUT_13570
0,0,0,OUT_13571
0,0,0,OUT_13572
0,0,0,OUT_13573
0,0,0,OUT_13574
0,0,0,OUT_13575
0,0,0,OUT_13576
0,0,0,OUT_13577
0,0,0,OUT_13578
0,0,0,OUT_13579
0,0,0,OUT_13580
0,0,0,OUT_13581
0,0,0,OUT_13582
0,0,0,OUT_13583
1,0,0,OUT_13584
0,0,0,OUT_13585
0,0,0,OUT_13586
0,0,0,OUT_13587
0,0,0,OUT_13588
0,0,0,OUT_13589
0,0,0,OUT_13590
0,0,0,OUT_13591
0,0,0,OUT_13592
0,0,0,OUT_13593
0,0,0,OUT_13594
0,0,0,OUT_13595
0,0,0,OUT_13596
0,0,0,OUT_13597
0,0,0,OUT_13598
0,0,0,OUT_13599
0,0,0,OUT_13600
0,0,0,OUT_13601
0,0,0,OUT_13602
0,0,0,OUT_13603
0,0,0,OUT_13604
0,0,0,OUT_13605
0,0,0,OUT_13606
0,0,0,OUT_13607
0,0,0,OUT_13608
0,0,0,OUT_13609
0,0,0,OUT_13610
0,0,0,OUT_13611
0,0,0,OUT_13612
0,0,0,OUT_13613
0,0,0,OUT_13614
0,0,0,OUT_13615
0,0,0,OUT_13616
0,0,0,OUT_13617
0,0,0,OUT_13618
0,0,0,OUT_13619
0,0,0,OUT_13620
0,0,0,OUT_13621
0,0,0,OUT_13622
0,0,0,OUT_13623
0,0,0,OUT_13624
0,0,0,OUT_13625
0,0,0,OUT_13626
0,0,0,OUT_13627
0,0,0,OUT_13628
0,0,0,OUT_13629
0,0,0,OUT_13630
0,0,0,OUT_13631
0,0,0,OUT_13632
0,0,0,OUT_13633
0,0,0,OUT_13634
0,0,0,OUT_13635
0,0,0,OUT_13636
0,0,0,OUT_13637
0,0,0,OUT_13638
0,0,0,OUT_13639
0,0,0,OUT_13640
0,0,0,OUT_13641
0,0,0,OUT_13642
0,0,0,OUT_13643
0,0,0,OUT_13644
0,0,0,OUT_13645
0,0,0,OUT_13646
0,0,0,OUT_13647
0,0,0,OUT_13648
0,0,0,OUT_13649
0,0,0,OUT_13650
0,0,0,OUT_13651
0,0,0,OUT_13652
0,0,0,OUT_13653
0,0,0,OUT_13654
0,0,0,OUT_13655
0,0,0,OUT_13656
0,0,0,OUT_13657
0,0,0,OUT_13658
0,0,0,OUT_13659
0,0,0,OUT_13660
0,0,0,OUT_13661
0,0,0,OUT_13662
1,0,0,OUT_13663
0,0,0,OUT_13664
0,0,0,OUT_13665
0,0,0,OUT_13666
0,0,0,OUT_13667
0,0,0,OUT_13668
0,0,0,OUT_13669
1,0,0,OUT_13670
0,0,0,OUT_13671
0,0,0,OUT_13672
0,0,0,OUT_13673
0,0,0,OUT_13674
0,0,0,OUT_13675
1,0,0,OUT_13676
0,0,0,OUT_13677
0,0,0,OUT_13678
0,0,0,OUT_13679
1,0,0,OUT_13680
0,0,0,OUT_13681
0,0,0,OUT_13682
0,0,0,OUT_13683
0,0,0,OUT_13684
0,0,0,OUT_13685
0,0,0,OUT_13686
0,0,0,OUT_13687
0,0,0,OUT_13688
0,0,0,OUT_13689
0,0,0,OUT_13690
0,0,0,OUT_13691
0,0,0,OUT_13692
0,0,0,OUT_13693
0,0,0,OUT_13694
0,0,0,OUT_13695
0,0,0,OUT_13696
0,0,0,OUT_13697
0,0,0,OUT_13698
0,0,0,OUT_13699
0,0,0,OUT_13700
0,0,0,OUT_13701
0,0,0,OUT_13702
0,0,0,OUT_13703
0,0,0,OUT_13704
0,0,0,OUT_13705
0,0,1,OUT_13706
0,0,0,OUT_13707
0,0,0,OUT_13708
0,0,0,OUT_13709
0,0,0,OUT_13710
0,0,0,OUT_13711
0,0,0,OUT_13712
0,0,0,OUT_13713
0,0,0,OUT_13714
0,0,0,OUT_13715
0,0,0,OUT_13716
0,0,0,OUT_13717
0,0,0,OUT_13718
0,0,0,OUT_13719
0,0,0,OUT_13720
0,0,0,OUT_13721
0,0,0,OUT_13722
0,0,0,OUT_13723
0,0,0,OUT_13724
0,0,0,OUT_13725
0,0,0,OUT_13726
0,0,0,OUT_13727
0,0,0,OUT_13728
0,0,0,OUT_13729
0,0,0,OUT_13730
0,0,0,OUT_13731
0,0,0,OUT_13732
0,0,1,OUT_13733
0,0,0,OUT_13734
0,0,0,OUT_13735
0,0,0,OUT_13736
0,0,0,OUT_13737
0,0,0,OUT_13738
0,0,0,OUT_13739
0,0,0,OUT_13740
0,0,0,OUT_13741
0,0,0,OUT_13742
0,0,0,OUT_13743
0,0,0,OUT_13744
0,0,0,OUT_13745
0,0,2,OUT_13746
0,0,0,OUT_13747
0,0,0,OUT_13748
0,0,0,OUT_13749
0,0,0,OUT_13750
0,0,0,OUT_13751
0,0,0,OUT_13752
0,0,0,OUT_13753
0,0,0,OUT_13754
0,0,0,OUT_13755
0,0,0,OUT_13756
0,0,0,OUT_13757
0,0,0,OUT_13758
0,0,0,OUT_13759
0,0,0,OUT_13760
0,0,0,OUT_13761
0,0,0,OUT_13762
0,0,0,OUT_13763
0,0,0,OUT_13764
0,0,0,OUT_13765
0,0,0,OUT_13766
0,0,0,OUT_13767
0,0,0,OUT_13768
0,0,0,OUT_13769
0,0,0,OUT_13770
0,0,0,OUT_13771
0,0,0,OUT_13772
0,0,0,OUT_13773
0,0,0,OUT_13774
1,0,0,OUT_13775
0,0,0,OUT_13776
0,0,0,OUT_13777
0,0,0,OUT_13778
0,0,0,OUT_13779
0,0,0,OUT_13780
0,0,0,OUT_13781
0,0,0,OUT_13782
0,0,0,OUT_13783
0,0,0,OUT_13784
0,0,0,OUT_13785
1,0,0,OUT_13786
0,0,0,OUT_13787
0,0,0,OUT_13788
0,0,0,OUT_13789
0,0,0,OUT_13790
0,0,0,OUT_13791
0,0,0,OUT_13792
0,0,0,OUT_13793
0,0,0,OUT_13794
0,0,0,OUT_13795
0,0,0,OUT_13796
0,0,0,OUT_13797
0,0,0,OUT_13798
0,0,0,OUT_13799
0,0,0,OUT_13800
0,0,0,OUT_13801
0,0,0,OUT_13802
0,0,0,OUT_13803
0,0,0,OUT_13804
0,0,0,OUT_13805
0,0,0,OUT_13806
0,0,0,OUT_13807
0,0,0,OUT_13808
0,0,0,OUT_13809
0,0,0,OUT_13810
0,0,0,OUT_13811
0,0,0,OUT_13812
0,0,0,OUT_13813
0,0,0,OUT_13814
0,0,0,OUT_13815
0,0,0,OUT_13816
0,0,0,OUT_13817
0,0,0,OUT_13818
0,0,0,OUT_13819
0,0,0,OUT_13820
0,0,0,OUT_13821
0,0,0,OUT_13822
0,0,0,OUT_13823
0,0,0,OUT_13824
0,0,0,OUT_13825
0,0,0,OUT_13826
0,0,0,OUT_13827
0,0,0,OUT_13828
0,0,0,OUT_13829
0,0,0,OUT_13830
0,0,0,OUT_13831
0,0,0,OUT_13832
0,0,0,OUT_13833
0,0,0,OUT_13834
0,0,0,OUT_13835
0,0,0,OUT_13836
0,0,0,OUT_13837
0,0,0,OUT_13838
0,0,0,OUT_13839
0,0,0,OUT_13840
0,0,0,OUT_13841
0,0,0,OUT_13842
0,0,0,OUT_13843
0,0,0,OUT_13844
0,0,0,OUT_13845
0,0,0,OUT_13846
0,0,0,OUT_13847
0,0,0,OUT_13848
0,0,0,OUT_13849
0,0,0,OUT_13850
0,0,0,OUT_13851
1,0,0,OUT_13852
0,0,0,OUT_13853
0,0,0,OUT_13854
0,0,0,OUT_13855
0,0,0,OUT_13856
0,0,0,OUT_13857
0,0,0,OUT_13858
0,0,0,OUT_13859
0,0,0,OUT_13860
0,0,0,OUT_13861
0,0,0,OUT_13862
0,0,0,OUT_13863
0,0,0,OUT_13864
0,0,0,OUT_13865
0,0,0,OUT_13866
0,0,0,OUT_13867
0,0,0,OUT_13868
0,0,0,OUT_13869
0,0,0,OUT_13870
0,0,0,OUT_13871
0,0,0,OUT_13872
0,0,0,OUT_13873
0,0,0,OUT_13874
0,0,0,OUT_13875
0,0,0,OUT_13876
0,0,0,OUT_13877
0,0,0,OUT_13878
0,0,0,OUT_13879
2,0,0,OUT_13880
0,0,0,OUT_13881
0,0,0,OUT_13882
0,0,0,OUT_13883
0,0,0,OUT_13884
0,0,0,OUT_13885
0,0,0,OUT_13886
0,0,0,OUT_13887
0,0,0,OUT_13888
0,0,0,OUT_13889
0,0,0,OUT_13890
0,0,1,OUT_13891
0,0,0,OUT_13892
0,0,0,OUT_13893
0,0,0,OUT_13894
0,0,0,OUT_13895
0,0,0,OUT_13896
0,0,0,OUT_13897
0,0,0,OUT_13898
0,0,0,OUT_13899
0,0,0,OUT_13900
0,0,0,OUT_13901
0,0,0,OUT_13902
0,0,0,OUT_13903
0,0,0,OUT_13904
0,0,0,OUT_13905
0,0,0,OUT_13906
0,0,0,OUT_13907
0,0,0,OUT_13908
0,0,0,OUT_13909
0,0,0,OUT_13910
0,0,0,OUT_13911
0,0,0,OUT_13912
0,0,0,OUT_13913
0,0,0,OUT_13914
0,0,0,OUT_13915
0,0,0,OUT_13916
0,0,0,OUT_13917
0,0,0,OUT_13918
0,0,0,OUT_13919
0,0,0,OUT_13920
0,0,0,OUT_13921
0,0,0,OUT_13922
0,0,0,OUT_13923
0,0,0,OUT_13924
0,0,0,OUT_13925
0,0,0,OUT_13926
0,0,0,OUT_13927
0,0,0,OUT_13928
0,0,0,OUT_13929
0,0,0,OUT_13930
0,0,0,OUT_13931
0,0,0,OUT_13932
0,0,0,OUT_13933
0,0,0,OUT_13934
0,0,0,OUT_13935
0,0,0,OUT_13936
0,0,0,OUT_13937
0,0,0,OUT_13938
0,0,0,OUT_13939
0,0,0,OUT_13940
0,0,0,OUT_13941
0,0,0,OUT_13942
0,0,0,OUT_13943
0,0,0,OUT_13944
0,0,0,OUT_13945
0,0,0,OUT_13946
0,0,0,OUT_13947
0,0,0,OUT_13948
0,0,0,OUT_13949
0,0,0,OUT_13950
0,0,0,OUT_13951
0,0,0,OUT_13952
0,0,0,OUT_13953
0,0,0,OUT_13954
0,0,0,OUT_13955
0,0,0,OUT_13956
0,0,0,OUT_13957
0,0,0,OUT_13958
0,0,0,OUT_13959
0,0,0,OUT_13960
0,0,0,OUT_13961
0,0,0,OUT_13962
0,0,0,OUT_13963
1,0,0,OUT_13964
0,0,0,OUT_13965
0,0,0,OUT_13966
0,0,0,OUT_13967
1,0,0,OUT_13968
0,0,0,OUT_13969
0,0,0,OUT_13970
0,0,0,OUT_13971
0,0,0,OUT_13972
0,0,0,OUT_13973
0,0,0,OUT_13974
0,0,0,OUT_13975
0,0,0,OUT_13976
0,0,0,OUT_13977
0,0,0,OUT_13978
0,0,0,OUT_13979
0,0,0,OUT_13980
0,0,0,OUT_13981
0,0,0,OUT_13982
0,0,0,OUT_13983
0,0,0,OUT_13984
0,0,0,OUT_13985
0,0,0,OUT_13986
0,0,0,OUT_13987
2,0,0,OUT_13988
0,0,0,OUT_13989
0,0,0,OUT_13990
0,0,0,OUT_13991
0,0,0,OUT_13992
0,0,0,OUT_13993
0,0,0,OUT_13994
0,0,0,OUT_13995
0,0,0,OUT_13996
0,0,0,OUT_13997
0,0,0,OUT_13998
0,0,0,OUT_13999
0,0,0,OUT_14000
0,0,0,OUT_14001
0,0,0,OUT_14002
0,0,0,OUT_14003
0,0,0,OUT_14004
0,1,0,OUT_14005
0,0,0,OUT_14006
0,0,0,OUT_14007
0,0,0,OUT_14008
0,0,0,OUT_14009
0,0,0,OUT_14010
0,0,0,OUT_14011
0,0,0,OUT_14012
0,0,0,OUT_14013
0,0,0,OUT_14014
0,0,0,OUT_14015
0,0,0,OUT_14016
0,0,0,OUT_14017
0,0,0,OUT_14018
0,0,0,OUT_14019
0,0,0,OUT_14020
0,0,0,OUT_14021
0,0,0,OUT_14022
0,0,0,OUT_14023
1,0,0,OUT_14024
0,0,0,OUT_14025
0,0,0,OUT_14026
0,0,0,OUT_14027
0,0,0,OUT_14028
0,0,0,OUT_14029
0,0,0,OUT_14030
0,0,0,OUT_14031
0,0,0,OUT_14032
0,0,0,OUT_14033
0,0,0,OUT_14034
0,0,0,OUT_14035
0,0,0,OUT_14036
0,0,0,OUT_14037
0,0,0,OUT_14038
0,0,0,OUT_14039
0,0,0,OUT_14040
0,0,0,OUT_14041
0,0,0,OUT_14042
0,0,0,OUT_14043
0,0,0,OUT_14044
0,0,0,OUT_14045
0,0,0,OUT_14046
0,0,0,OUT_14047
0,0,0,OUT_14048
0,0,0,OUT_14049
0,0,0,OUT_14050
0,0,1,OUT_14051
0,0,0,OUT_14052
1,0,0,OUT_14053
0,0,0,OUT_14054
0,0,0,OUT_14055
0,0,0,OUT_14056
0,0,0,OUT_14057
0,0,0,OUT_14058
0,0,0,OUT_14059
0,0,0,OUT_14060
0,0,0,OUT_14061
0,0,0,OUT_14062
0,0,0,OUT_14063
0,0,0,OUT_14064
0,0,0,OUT_14065
0,0,0,OUT_14066
0,0,0,OUT_14067
0,0,0,OUT_14068
0,0,0,OUT_14069
3,0,0,OUT_14070
0,0,0,OUT_14071
0,0,0,OUT_14072
0,0,0,OUT_14073
0,0,0,OUT_14074
0,0,0,OUT_14075
0,0,0,OUT_14076
0,0,0,OUT_14077
0,0,0,OUT_14078
0,0,0,OUT_14079
0,0,0,OUT_14080
0,0,0,OUT_14081
0,0,0,OUT_14082
0,0,0,OUT_14083
0,0,0,OUT_14084
0,0,0,OUT_14085
0,0,0,OUT_14086
0,0,0,OUT_14087
0,0,1,OUT_14088
0,0,0,OUT_14089
0,0,0,OUT_14090
0,0,0,OUT_14091
0,0,0,OUT_14092
0,0,0,OUT_14093
0,0,0,OUT_14094
0,0,0,OUT_14095
0,0,0,OUT_14096
0,0,0,OUT_14097
0,0,0,OUT_14098
0,0,0,OUT_14099
0,0,0,OUT_14100
0,0,0,OUT_14101
0,0,0,OUT_14102
1,0,0,OUT_14103
0,0,0,OUT_14104
0,0,0,OUT_14105
0,0,0,OUT_14106
0,0,0,OUT_14107
0,0,0,OUT_14108
0,0,0,OUT_14109
0,0,0,OUT_14110
0,0,0,OUT_14111
0,0,0,OUT_14112
0,0,0,OUT_14113
0,0,0,OUT_14114
0,0,0,OUT_14115
0,0,0,OUT_14116
0,0,0,OUT_14117
0,0,0,OUT_14118
0,0,0,OUT_14119
0,0,0,OUT_14120
0,0,0,OUT_14121
0,0,0,OUT_14122
0,0,0,OUT_14123
0,1,0,OUT_14124
0,0,0,OUT_14125
0,0,0,OUT_14126
0,0,0,OUT_14127
0,0,0,OUT_14128
0,0,0,OUT_14129
0,0,0,OUT_14130
0,0,0,OUT_14131
0,0,0,OUT_14132
0,0,0,OUT_14133
0,0,0,OUT_14134
0,0,0,OUT_14135
0,0,0,OUT_14136
0,0,0,OUT_14137
0,0,0,OUT_14138
0,0,0,OUT_14139
1,0,0,OUT_14140
0,0,0,OUT_14141
0,0,0,OUT_14142
0,0,0,OUT_14143
0,0,0,OUT_14144
0,0,0,OUT_14145
0,0,0,OUT_14146
1,1,0,OUT_14147
0,0,0,OUT_14148
0,0,0,OUT_14149
0,0,0,OUT_14150
0,0,0,OUT_14151
2,0,0,OUT_14152
0,0,0,OUT_14153
0,0,0,OUT_14154
0,0,0,OUT_14155
0,0,0,OUT_14156
0,0,0,OUT_14157
0,0,0,OUT_14158
0,0,0,OUT_14159
0,0,0,OUT_14160
0,0,0,OUT_14161
0,0,0,OUT_14162
0,0,0,OUT_14163
0,0,0,OUT_14164
0,0,4,OUT_14165
0,0,0,OUT_14166
0,0,0,OUT_14167
0,0,0,OUT_14168
0,0,0,OUT_14169
0,0,4,OUT_14170
1,0,0,OUT_14171
0,0,0,OUT_14172
0,0,0,OUT_14173
0,0,0,OUT_14174
0,0,0,OUT_14175
0,0,0,OUT_14176
0,0,0,OUT_14177
0,0,0,OUT_14178
0,0,0,OUT_14179
0,0,0,OUT_14180
0,0,0,OUT_14181
0,0,0,OUT_14182
0,0,0,OUT_14183
0,0,0,OUT_14184
0,0,0,OUT_14185
0,0,0,OUT_14186
0,0,0,OUT_14187
0,0,0,OUT_14188
0,0,0,OUT_14189
0,0,0,OUT_14190
0,0,0,OUT_14191
0,0,0,OUT_14192
0,0,0,OUT_14193
0,0,1,OUT_14194
0,0,0,OUT_14195
0,0,0,OUT_14196
0,0,0,OUT_14197
0,0,0,OUT_14198
0,0,0,OUT_14199
0,0,0,OUT_14200
0,0,0,OUT_14201
0,0,0,OUT_14202
0,0,0,OUT_14203
0,0,0,OUT_14204
0,0,0,OUT_14205
0,0,0,OUT_14206
0,0,0,OUT_14207
0,0,0,OUT_14208
0,0,0,OUT_14209
0,0,0,OUT_14210
0,0,0,OUT_14211
0,0,0,OUT_14212
0,0,0,OUT_14213
0,0,0,OUT_14214
2,0,0,OUT_14215
0,0,0,OUT_14216
0,0,0,OUT_14217
1,0,0,OUT_14218
0,0,0,OUT_14219
0,0,0,OUT_14220
0,0,0,OUT_14221
0,0,0,OUT_14222
0,0,0,OUT_14223
0,0,0,OUT_14224
0,0,0,OUT_14225
0,0,0,OUT_14226
0,0,0,OUT_14227
0,0,0,OUT_14228
0,0,0,OUT_14229
0,0,0,OUT_14230
0,0,0,OUT_14231
0,0,0,OUT_14232
0,0,0,OUT_14233
2,0,0,OUT_14234
0,0,0,OUT_14235
0,0,0,OUT_14236
0,0,0,OUT_14237
0,0,0,OUT_14238
0,0,0,OUT_14239
0,0,0,OUT_14240
0,0,0,OUT_14241
0,0,0,OUT_14242
0,0,0,OUT_14243
0,0,0,OUT_14244
0,0,0,OUT_14245
0,0,0,OUT_14246
0,0,0,OUT_14247
0,0,0,OUT_14248
0,0,0,OUT_14249
0,0,0,OUT_14250
0,0,0,OUT_14251
0,0,0,OUT_14252
0,0,0,OUT_14253
0,0,0,OUT_14254
0,0,0,OUT_14255
0,0,0,OUT_14256
0,0,0,OUT_14257
0,0,0,OUT_14258
0,0,0,OUT_14259
0,0,0,OUT_14260
0,0,0,OUT_14261
0,0,0,OUT_14262
0,0,0,OUT_14263
0,0,0,OUT_14264
0,0,0,OUT_14265
0,0,0,OUT_14266
0,0,0,OUT_14267
0,0,0,OUT_14268
0,0,0,OUT_14269
0,0,0,OUT_14270
0,0,0,OUT_14271
0,0,0,OUT_14272
0,0,0,OUT_14273
0,0,0,OUT_14274
0,0,0,OUT_14275
0,0,0,OUT_14276
0,0,0,OUT_14277
0,0,0,OUT_14278
0,0,0,OUT_14279
0,0,0,OUT_14280
0,0,0,OUT_14281
0,0,0,OUT_14282
0,0,0,OUT_14283
0,0,0,OUT_14284
0,0,0,OUT_14285
0,0,0,OUT_14286
0,0,0,OUT_14287
0,0,0,OUT_14288
0,0,0,OUT_14289
0,0,0,OUT_14290
0,0,0,OUT_14291
0,0,0,OUT_14292
0,0,0,OUT_14293
0,0,0,OUT_14294
0,0,0,OUT_14295
0,0,0,OUT_14296
0,0,0,OUT_14297
0,0,0,OUT_14298
0,0,0,OUT_14299
0,0,0,OUT_14300
0,0,0,OUT_14301
0,0,0,OUT_14302
0,0,0,OUT_14303
0,0,0,OUT_14304
0,0,0,OUT_14305
0,0,0,OUT_14306
0,0,0,OUT_14307
0,0,0,OUT_14308
0,0,0,OUT_14309
0,1,0,OUT_14310
0,0,0,OUT_14311
0,0,0,OUT_14312
0,0,0,OUT_14313
0,0,0,OUT_14314
0,0,0,OUT_14315
0,0,0,OUT_14316
0,0,0,OUT_14317
0,0,0,OUT_14318
0,0,0,OUT_14319
0,0,0,OUT_14320
0,0,0,OUT_14321
1,0,0,OUT_14322
0,0,0,OUT_14323
0,0,0,OUT_14324
0,0,0,OUT_14325
0,0,0,OUT_14326
0,0,0,OUT_14327
0,0,0,OUT_14328
0,0,0,OUT_14329
0,0,0,OUT_14330
0,0,0,OUT_14331
0,0,0,OUT_14332
0,0,0,OUT_14333
0,0,0,OUT_14334
0,0,0,OUT_14335
0,0,0,OUT_14336
0,0,0,OUT_14337
0,0,0,OUT_14338
0,0,0,OUT_14339
0,0,0,OUT_14340
0,0,0,OUT_14341
0,0,0,OUT_14342
0,0,0,OUT_14343
0,0,0,OUT_14344
0,0,0,OUT_14345
0,0,0,OUT_14346
0,0,0,OUT_14347
0,0,0,OUT_14348
0,0,0,OUT_14349
0,0,0,OUT_14350
0,0,0,OUT_14351
0,0,0,OUT_14352
0,0,0,OUT_14353
0,0,0,OUT_14354
0,0,0,OUT_14355
0,0,0,OUT_14356
0,0,0,OUT_14357
0,0,0,OUT_14358
0,0,0,OUT_14359
0,0,0,OUT_14360
0,0,0,OUT_14361
0,0,0,OUT_14362
0,0,0,OUT_14363
0,0,0,OUT_14364
0,0,0,OUT_14365
0,0,0,OUT_14366
0,0,0,OUT_14367
0,0,0,OUT_14368
0,0,0,OUT_14369
0,0,0,OUT_14370
0,0,0,OUT_14371
0,0,0,OUT_14372
0,1,0,OUT_14373
0,0,0,OUT_14374
0,0,0,OUT_14375
0,0,0,OUT_14376
0,0,0,OUT_14377
0,0,0,OUT_14378
0,0,0,OUT_14379
0,0,0,OUT_14380
0,0,0,OUT_14381
0,0,0,OUT_14382
0,0,0,OUT_14383
0,0,0,OUT_14384
0,0,0,OUT_14385
0,0,0,OUT_14386
0,0,0,OUT_14387
0,0,0,OUT_14388
0,0,0,OUT_14389
0,0,0,OUT_14390
0,0,0,OUT_14391
0,0,0,OUT_14392
0,0,0,OUT_14393
0,1,0,OUT_14394
0,0,0,OUT_14395
0,0,0,OUT_14396
0,0,0,OUT_14397
0,0,0,OUT_14398
0,0,0,OUT_14399
0,0,0,OUT_14400
0,0,0,OUT_14401
1,0,0,OUT_14402
0,0,0,OUT_14403
0,0,0,OUT_14404
0,0,0,OUT_14405
0,0,0,OUT_14406
0,0,0,OUT_14407
0,0,0,OUT_14408
0,0,0,OUT_14409
0,0,0,OUT_14410
0,0,0,OUT_14411
0,0,0,OUT_14412
0,0,0,OUT_14413
0,0,0,OUT_14414
0,0,0,OUT_14415
0,0,0,OUT_14416
0,0,0,OUT_14417
0,0,0,OUT_14418
0,0,0,OUT_14419
0,0,0,OUT_14420
0,0,1,OUT_14421
0,0,0,OUT_14422
0,0,0,OUT_14423
0,0,0,OUT_14424
0,0,0,OUT_14425
0,0,0,OUT_14426
0,0,0,OUT_14427
0,0,0,OUT_14428
0,0,0,OUT_14429
0,0,0,OUT_14430
0,0,0,OUT_14431
0,0,0,OUT_14432
0,0,0,OUT_14433
0,0,0,OUT_14434
0,0,0,OUT_14435
0,0,0,OUT_14436
0,0,0,OUT_14437
0,0,0,OUT_14438
0,0,0,OUT_14439
0,0,0,OUT_14440
0,0,0,OUT_14441
0,0,0,OUT_14442
0,0,0,OUT_14443
0,0,0,OUT_14444
0,0,0,OUT_14445
0,0,0,OUT_14446
0,0,0,OUT_14447
0,0,0,OUT_14448
0,0,0,OUT_14449
0,0,0,OUT_14450
0,0,0,OUT_14451
0,0,0,OUT_14452
0,0,0,OUT_14453
0,0,4,OUT_14454
0,0,0,OUT_14455
0,0,0,OUT_14456
0,0,0,OUT_14457
0,0,0,OUT_14458
0,0,0,OUT_14459
0,0,0,OUT_14460
0,0,0,OUT_14461
0,0,0,OUT_14462
0,0,0,OUT_14463
0,0,0,OUT_14464
0,0,0,OUT_14465
0,0,0,OUT_14466
0,0,0,OUT_14467
0,0,0,OUT_14468
0,0,0,OUT_14469
0,0,0,OUT_14470
1,1,0,OUT_14471
0,0,0,OUT_14472
0,0,0,OUT_14473
0,0,0,OUT_14474
0,0,0,OUT_14475
0,0,0,OUT_14476
0,0,0,OUT_14477
0,0,0,OUT_14478
0,0,0,OUT_14479
0,0,0,OUT_14480
0,0,0,OUT_14481
0,0,0,OUT_14482
0,0,0,OUT_14483
0,0,0,OUT_14484
0,0,0,OUT_14485
0,0,0,OUT_14486
0,0,0,OUT_14487
0,0,0,OUT_14488
0,0,0,OUT_14489
0,0,0,OUT_14490
0,0,0,OUT_14491
0,0,0,OUT_14492
0,0,0,OUT_14493
0,0,0,OUT_14494
0,0,0,OUT_14495
0,0,0,OUT_14496
0,0,0,OUT_14497
0,0,0,OUT_14498
0,0,0,OUT_14499
1,0,0,OUT_14500
0,1,0,OUT_14501
0,0,0,OUT_14502
0,0,0,OUT_14503
0,0,0,OUT_14504
0,0,0,OUT_14505
0,0,0,OUT_14506
0,0,0,OUT_14507
0,0,0,OUT_14508
0,0,0,OUT_14509
0,0,0,OUT_14510
0,0,0,OUT_14511
0,0,0,OUT_14512
0,0,0,OUT_14513
0,0,0,OUT_14514
0,0,0,OUT_14515
0,0,0,OUT_14516
0,0,0,OUT_14517
0,0,0,OUT_14518
0,0,0,OUT_14519
0,0,0,OUT_14520
0,0,0,OUT_14521
0,0,0,OUT_14522
0,0,0,OUT_14523
1,0,0,OUT_14524
0,0,1,OUT_14525
0,0,0,OUT_14526
0,0,0,OUT_14527
0,0,0,OUT_14528
0,0,0,OUT_14529
0,0,0,OUT_14530
0,0,0,OUT_14531
0,0,0,OUT_14532
0,0,0,OUT_14533
0,0,0,OUT_14534
0,0,0,OUT_14535
0,0,0,OUT_14536
0,0,0,OUT_14537
0,0,0,OUT_14538
0,0,0,OUT_14539
0,0,0,OUT_14540
0,0,0,OUT_14541
0,0,0,OUT_14542
0,0,0,OUT_14543
0,0,0,OUT_14544
0,0,0,OUT_14545
0,0,0,OUT_14546
0,0,0,OUT_14547
0,0,0,OUT_14548
0,0,1,OUT_14549
0,0,0,OUT_14550
0,0,0,OUT_14551
0,0,0,OUT_14552
0,0,0,OUT_14553
0,0,0,OUT_14554
0,0,0,OUT_14555
0,0,0,OUT_14556
0,0,0,OUT_14557
0,0,0,OUT_14558
0,0,0,OUT_14559
0,0,0,OUT_14560
0,0,0,OUT_14561
0,0,0,OUT_14562
0,0,0,OUT_14563
0,0,0,OUT_14564
0,0,0,OUT_14565
0,0,0,OUT_14566
0,0,0,OUT_14567
0,0,0,OUT_14568
0,0,0,OUT_14569
0,0,0,OUT_14570
0,0,0,OUT_14571
0,0,0,OUT_14572
0,0,0,OUT_14573
1,0,0,OUT_14574
0,0,0,OUT_14575
0,0,0,OUT_14576
2,0,0,OUT_14577
0,0,0,OUT_14578
0,0,0,OUT_14579
0,0,0,OUT_14580
0,0,0,OUT_14581
0,0,0,OUT_14582
0,0,0,OUT_14583
0,0,0,OUT_14584
0,0,0,OUT_14585
0,0,0,OUT_14586
0,0,0,OUT_14587
0,0,0,OUT_14588
0,0,0,OUT_14589
0,0,0,OUT_14590
0,0,0,OUT_14591
0,0,0,OUT_14592
0,0,0,OUT_14593
0,0,0,OUT_14594
0,0,0,OUT_14595
0,0,0,OUT_14596
0,0,0,OUT_14597
0,0,0,OUT_14598
0,0,0,OUT_14599
0,0,0,OUT_14600
0,0,0,OUT_14601
0,0,0,OUT_14602
0,0,0,OUT_14603
0,0,0,OUT_14604
0,0,0,OUT_14605
0,0,0,OUT_14606
0,0,0,OUT_14607
0,0,0,OUT_14608
0,0,0,OUT_14609
0,0,0,OUT_14610
0,0,0,OUT_14611
0,0,0,OUT_14612
0,0,1,OUT_14613
0,0,0,OUT_14614
0,0,0,OUT_14615
0,0,0,OUT_14616
0,0,0,OUT_14617
0,0,0,OUT_14618
0,0,0,OUT_14619
0,0,0,OUT_14620
0,0,0,OUT_14621
0,0,0,OUT_14622
0,0,0,OUT_14623
0,0,0,OUT_14624
0,0,0,OUT_14625
0,0,0,OUT_14626
0,0,0,OUT_14627
0,0,0,OUT_14628
0,0,0,OUT_14629
0,0,0,OUT_14630
0,0,0,OUT_14631
0,0,0,OUT_14632
0,0,0,OUT_14633
0,0,0,OUT_14634
0,0,0,OUT_14635
0,0,0,OUT_14636
4,0,0,OUT_14637
0,0,0,OUT_14638
0,0,0,OUT_14639
0,0,0,OUT_14640
0,0,0,OUT_14641
0,0,0,OUT_14642
0,0,0,OUT_14643
0,0,0,OUT_14644
0,0,0,OUT_14645
0,0,0,OUT_14646
0,0,0,OUT_14647
0,0,0,OUT_14648
0,0,0,OUT_14649
0,0,0,OUT_14650
0,0,0,OUT_14651
0,0,0,OUT_14652
0,0,0,OUT_14653
0,0,0,OUT_14654
1,0,0,OUT_14655
0,0,0,OUT_14656
0,0,0,OUT_14657
0,0,0,OUT_14658
0,0,0,OUT_14659
0,0,0,OUT_14660
0,0,0,OUT_14661
2,0,0,OUT_14662
0,0,0,OUT_14663
0,0,0,OUT_14664
0,0,0,OUT_14665
0,0,0,OUT_14666
0,0,0,OUT_14667
0,0,0,OUT_14668
0,0,0,OUT_14669
0,0,0,OUT_14670
0,0,0,OUT_14671
0,0,0,OUT_14672
0,0,0,OUT_14673
0,0,0,OUT_14674
0,0,0,OUT_14675
0,0,0,OUT_14676
0,0,0,OUT_14677
0,0,0,OUT_14678
0,0,0,OUT_14679
0,0,0,OUT_14680
0,0,0,OUT_14681
0,0,0,OUT_14682
0,0,0,OUT_14683
0,0,0,OUT_14684
0,0,0,OUT_14685
0,0,0,OUT_14686
0,0,0,OUT_14687
0,0,0,OUT_14688
0,0,0,OUT_14689
0,0,0,OUT_14690
1,0,0,OUT_14691
0,0,0,OUT_14692
0,0,0,OUT_14693
0,0,0,OUT_14694
0,0,0,OUT_14695
0,0,0,OUT_14696
0,0,0,OUT_14697
0,0,0,OUT_14698
0,0,0,OUT_14699
0,0,0,OUT_14700
0,0,0,OUT_14701
0,0,0,OUT_14702
0,0,0,OUT_14703
0,0,0,OUT_14704
0,0,0,OUT_14705
0,0,0,OUT_14706
0,0,0,OUT_14707
0,0,0,OUT_14708
0,0,0,OUT_14709
0,0,0,OUT_14710
0,0,0,OUT_14711
0,0,0,OUT_14712
0,0,0,OUT_14713
0,0,0,OUT_14714
0,0,0,OUT_14715
0,0,0,OUT_14716
0,0,0,OUT_14717
0,0,0,OUT_14718
0,0,1,OUT_14719
0,0,0,OUT_14720
0,0,0,OUT_14721
0,0,0,OUT_14722
0,0,0,OUT_14723
0,0,0,OUT_14724
0,0,0,OUT_14725
0,0,0,OUT_14726
0,0,0,OUT_14727
0,0,0,OUT_14728
0,0,0,OUT_14729
0,0,0,OUT_14730
0,0,0,OUT_14731
0,0,0,OUT_14732
0,0,0,OUT_14733
0,0,0,OUT_14734
0,0,0,OUT_14735
0,0,0,OUT_14736
0,0,0,OUT_14737
0,0,0,OUT_14738
0,0,0,OUT_14739
0,0,0,OUT_14740
0,0,0,OUT_14741
0,0,0,OUT_14742
0,0,0,OUT_14743
0,0,0,OUT_14744
0,0,0,OUT_14745
0,0,0,OUT_14746
0,0,0,OUT_14747
0,0,0,OUT_14748
0,0,0,OUT_14749
0,0,0,OUT_14750
0,0,0,OUT_14751
0,0,0,OUT_14752
0,0,0,OUT_14753
0,0,0,OUT_14754
0,0,0,OUT_14755
0,0,0,OUT_14756
0,0,0,OUT_14757
0,0,0,OUT_14758
0,0,0,OUT_14759
0,0,0,OUT_14760
0,0,0,OUT_14761
0,0,0,OUT_14762
0,0,0,OUT_14763
0,0,0,OUT_14764
0,0,0,OUT_14765
0,0,0,OUT_14766
0,0,0,OUT_14767
0,0,0,OUT_14768
0,0,0,OUT_14769
0,0,0,OUT_14770
0,0,0,OUT_14771
0,0,0,OUT_14772
0,0,0,OUT_14773
0,0,0,OUT_14774
0,0,0,OUT_14775
0,0,0,OUT_14776
0,0,0,OUT_14777
0,0,0,OUT_14778
0,0,0,OUT_14779
0,0,0,OUT_14780
0,0,0,OUT_14781
0,0,0,OUT_14782
0,0,0,OUT_14783
0,0,0,OUT_14784
0,0,0,OUT_14785
0,0,0,OUT_14786
0,0,0,OUT_14787
0,0,0,OUT_14788
0,0,0,OUT_14789
0,0,0,OUT_14790
0,0,0,OUT_14791
0,0,0,OUT_14792
0,0,0,OUT_14793
0,0,0,OUT_14794
0,0,0,OUT_14795
0,0,0,OUT_14796
0,0,0,OUT_14797
0,0,0,OUT_14798
0,0,0,OUT_14799
0,0,0,OUT_14800
0,0,0,OUT_14801
0,0,0,OUT_14802
0,0,0,OUT_14803
0,0,0,OUT_14804
0,0,0,OUT_14805
0,0,0,OUT_14806
0,0,0,OUT_14807
0,0,0,OUT_14808
0,0,0,OUT_14809
0,0,0,OUT_14810
0,0,0,OUT_14811
0,0,0,OUT_14812
0,0,0,OUT_14813
0,0,0,OUT_14814
0,0,0,OUT_14815
0,0,0,OUT_14816
0,0,0,OUT_14817
0,0,0,OUT_14818
0,0,0,OUT_14819
0,0,0,OUT_14820
0,0,0,OUT_14821
0,0,0,OUT_14822
0,0,0,OUT_14823
0,0,0,OUT_14824
0,0,0,OUT_14825
0,0,0,OUT_14826
0,0,0,OUT_14827
0,0,0,OUT_14828
0,0,0,OUT_14829
0,0,0,OUT_14830
0,0,0,OUT_14831
0,0,0,OUT_14832
0,0,0,OUT_14833
0,0,0,OUT_14834
0,0,0,OUT_14835
0,0,0,OUT_14836
0,0,0,OUT_14837
0,0,0,OUT_14838
0,0,0,OUT_14839
0,0,0,OUT_14840
0,0,0,OUT_14841
0,0,0,OUT_14842
0,0,0,OUT_14843
0,0,0,OUT_14844
0,0,0,OUT_14845
0,0,0,OUT_14846
0,0,0,OUT_14847
0,0,0,OUT_14848
0,0,0,OUT_14849
0,0,0,OUT_14850
0,0,0,OUT_14851
0,0,0,OUT_14852
0,0,0,OUT_14853
0,0,0,OUT_14854
0,0,0,OUT_14855
0,0,0,OUT_14856
0,0,0,OUT_14857
0,0,0,OUT_14858
0,0,0,OUT_14859
0,0,0,OUT_14860
0,0,0,OUT_14861
0,0,0,OUT_14862
0,0,0,OUT_14863
0,0,0,OUT_14864
0,0,0,OUT_14865
0,0,0,OUT_14866
0,0,0,OUT_14867
0,0,0,OUT_14868
0,0,0,OUT_14869
0,0,0,OUT_14870
0,0,0,OUT_14871
0,0,0,OUT_14872
0,0,0,OUT_14873
0,0,0,OUT_14874
0,0,0,OUT_14875
0,0,0,OUT_14876
0,0,0,OUT_14877
0,0,0,OUT_14878
0,0,0,OUT_14879
1,0,0,OUT_14880
0,0,0,OUT_14881
0,0,0,OUT_14882
0,0,0,OUT_14883
0,0,0,OUT_14884
0,0,0,OUT_14885
0,0,0,OUT_14886
0,0,0,OUT_14887
0,0,0,OUT_14888
0,0,0,OUT_14889
0,0,0,OUT_14890
0,0,0,OUT_14891
0,0,0,OUT_14892
0,0,0,OUT_14893
0,0,0,OUT_14894
0,0,0,OUT_14895
0,0,0,OUT_14896
0,0,0,OUT_14897
0,0,0,OUT_14898
0,0,0,OUT_14899
0,0,0,OUT_14900
0,0,0,OUT_14901
0,0,0,OUT_14902
0,0,0,OUT_14903
0,0,0,OUT_14904
0,0,0,OUT_14905
0,0,0,OUT_14906
0,0,0,OUT_14907
0,0,0,OUT_14908
0,0,0,OUT_14909
0,0,0,OUT_14910
0,0,0,OUT_14911
0,0,0,OUT_14912
0,0,0,OUT_14913
0,0,0,OUT_14914
0,0,0,OUT_14915
0,0,0,OUT_14916
0,0,0,OUT_14917
0,0,0,OUT_14918
0,0,0,OUT_14919
0,0,0,OUT_14920
0,0,0,OUT_14921
1,0,0,OUT_14922
1,1,0,OUT_14923
0,0,0,OUT_14924
0,0,0,OUT_14925
0,0,0,OUT_14926
0,0,0,OUT_14927
0,0,0,OUT_14928
0,0,0,OUT_14929
0,0,0,OUT_14930
0,0,0,OUT_14931
0,0,0,OUT_14932
0,0,0,OUT_14933
0,0,0,OUT_14934
0,0,0,OUT_14935
0,0,0,OUT_14936
0,0,0,OUT_14937
0,0,0,OUT_14938
0,0,0,OUT_14939
0,0,0,OUT_14940
0,0,0,OUT_14941
0,0,0,OUT_14942
0,0,0,OUT_14943
0,0,0,OUT_14944
0,0,0,OUT_14945
0,0,0,OUT_14946
0,0,0,OUT_14947
0,0,0,OUT_14948
0,0,0,OUT_14949
0,0,0,OUT_14950
0,0,0,OUT_14951
0,0,0,OUT_14952
0,0,0,OUT_14953
0,0,0,OUT_14954
0,0,0,OUT_14955
0,0,0,OUT_14956
0,0,0,OUT_14957
0,0,0,OUT_14958
0,0,0,OUT_14959
0,0,0,OUT_14960
0,0,0,OUT_14961
0,0,0,OUT_14962
0,0,0,OUT_14963
0,0,0,OUT_14964
0,0,0,OUT_14965
0,0,0,OUT_14966
0,0,0,OUT_14967
0,0,0,OUT_14968
0,0,0,OUT_14969
0,0,0,OUT_14970
0,0,0,OUT_14971
0,0,0,OUT_14972
0,0,0,OUT_14973
0,0,0,OUT_14974
0,0,0,OUT_14975
0,0,0,OUT_14976
0,0,0,OUT_14977
0,0,0,OUT_14978
0,0,0,OUT_14979
0,0,0,OUT_14980
0,0,0,OUT_14981
0,0,0,OUT_14982
0,0,0,OUT_14983
0,0,0,OUT_14984
0,0,0,OUT_14985
0,0,0,OUT_14986
0,0,0,OUT_14987
0,0,0,OUT_14988
0,0,0,OUT_14989
0,0,0,OUT_14990
0,0,0,OUT_14991
0,0,0,OUT_14992
0,0,0,OUT_14993
2,0,0,OUT_14994
0,0,0,OUT_14995
0,0,0,OUT_14996
0,0,0,OUT_14997
0,0,0,OUT_14998
0,0,0,OUT_14999
0,0,0,OUT_15000
0,0,0,OUT_15001
0,0,0,OUT_15002
0,0,0,OUT_15003
0,0,0,OUT_15004
0,0,0,OUT_15005
0,0,0,OUT_15006
0,0,0,OUT_15007
0,0,0,OUT_15008
0,0,0,OUT_15009
0,0,0,OUT_15010
0,0,0,OUT_15011
0,0,0,OUT_15012
0,0,0,OUT_15013
0,0,0,OUT_15014
0,0,0,OUT_15015
0,0,0,OUT_15016
0,0,0,OUT_15017
0,0,0,OUT_15018
0,0,0,OUT_15019
0,0,0,OUT_15020
0,0,0,OUT_15021
1,0,0,OUT_15022
0,0,0,OUT_15023
0,0,0,OUT_15024
0,0,0,OUT_15025
0,0,0,OUT_15026
0,0,0,OUT_15027
0,0,1,OUT_15028
0,0,0,OUT_15029
0,0,0,OUT_15030
0,0,0,OUT_15031
0,0,0,OUT_15032
0,0,0,OUT_15033
0,0,0,OUT_15034
0,0,0,OUT_15035
0,0,0,OUT_15036
0,0,0,OUT_15037
0,0,0,OUT_15038
0,0,0,OUT_15039
0,0,0,OUT_15040
0,0,0,OUT_15041
0,0,0,OUT_15042
0,0,0,OUT_15043
0,0,0,OUT_15044
0,0,0,OUT_15045
0,0,0,OUT_15046
2,0,0,OUT_15047
0,0,0,OUT_15048
0,0,0,OUT_15049
0,0,0,OUT_15050
0,0,0,OUT_15051
1,0,0,OUT_15052
0,0,0,OUT_15053
0,0,0,OUT_15054
0,0,0,OUT_15055
0,0,0,OUT_15056
0,0,0,OUT_15057
0,0,0,OUT_15058
0,0,0,OUT_15059
0,0,0,OUT_15060
0,0,0,OUT_15061
0,0,0,OUT_15062
0,0,0,OUT_15063
0,0,0,OUT_15064
0,0,0,OUT_15065
0,0,0,OUT_15066
0,0,0,OUT_15067
0,0,0,OUT_15068
0,0,0,OUT_15069
0,0,0,OUT_15070
0,0,0,OUT_15071
0,0,0,OUT_15072
0,0,0,OUT_15073
0,0,0,OUT_15074
0,0,0,OUT_15075
0,0,0,OUT_15076
0,0,0,OUT_15077
0,0,0,OUT_15078
0,0,0,OUT_15079
0,0,0,OUT_15080
0,1,0,OUT_15081
0,0,0,OUT_15082
0,0,0,OUT_15083
0,0,0,OUT_15084
0,0,0,OUT_15085
0,0,0,OUT_15086
0,0,0,OUT_15087
1,0,0,OUT_15088
0,0,0,OUT_15089
0,0,0,OUT_15090
0,0,0,OUT_15091
0,0,0,OUT_15092
0,0,0,OUT_15093
0,0,0,OUT_15094
0,0,0,OUT_15095
0,0,0,OUT_15096
0,0,0,OUT_15097
0,0,0,OUT_15098
0,0,0,OUT_15099
0,0,1,OUT_15100
0,0,0,OUT_15101
0,0,0,OUT_15102
0,0,0,OUT_15103
0,0,0,OUT_15104
0,0,0,OUT_15105
0,0,0,OUT_15106
0,0,0,OUT_15107
0,0,0,OUT_15108
0,0,0,OUT_15109
0,0,0,OUT_15110
0,0,0,OUT_15111
0,0,0,OUT_15112
0,0,0,OUT_15113
0,0,0,OUT_15114
0,0,0,OUT_15115
0,0,0,OUT_15116
0,0,0,OUT_15117
0,0,0,OUT_15118
0,0,0,OUT_15119
0,0,0,OUT_15120
0,0,0,OUT_15121
0,0,0,OUT_15122
0,0,0,OUT_15123
1,0,0,OUT_15124
0,0,0,OUT_15125
0,0,1,OUT_15126
0,0,0,OUT_15127
0,0,0,OUT_15128
0,0,0,OUT_15129
0,0,0,OUT_15130
0,0,0,OUT_15131
0,0,0,OUT_15132
0,0,0,OUT_15133
0,0,0,OUT_15134
0,0,0,OUT_15135
0,0,0,OUT_15136
0,0,0,OUT_15137
0,0,0,OUT_15138
0,0,0,OUT_15139
0,0,0,OUT_15140
0,0,0,OUT_15141
0,0,0,OUT_15142
0,0,0,OUT_15143
0,0,0,OUT_15144
0,0,0,OUT_15145
0,0,0,OUT_15146
0,0,0,OUT_15147
0,0,0,OUT_15148
0,0,0,OUT_15149
0,0,3,OUT_15150
0,0,0,OUT_15151
0,0,0,OUT_15152
0,1,0,OUT_15153
0,0,0,OUT_15154
0,0,0,OUT_15155
0,0,0,OUT_15156
0,0,0,OUT_15157
0,0,0,OUT_15158
0,0,0,OUT_15159
0,0,0,OUT_15160
0,0,0,OUT_15161
1,1,0,OUT_15162
0,0,0,OUT_15163
0,0,0,OUT_15164
0,0,0,OUT_15165
0,0,0,OUT_15166
0,0,0,OUT_15167
0,0,0,OUT_15168
0,0,0,OUT_15169
0,0,0,OUT_15170
0,0,0,OUT_15171
0,0,0,OUT_15172
0,0,0,OUT_15173
0,0,0,OUT_15174
0,0,0,OUT_15175
0,0,0,OUT_15176
0,0,0,OUT_15177
0,0,0,OUT_15178
0,0,0,OUT_15179
0,0,0,OUT_15180
0,0,0,OUT_15181
0,0,0,OUT_15182
0,0,0,OUT_15183
0,0,0,OUT_15184
0,0,0,OUT_15185
0,0,0,OUT_15186
0,0,0,OUT_15187
0,0,0,OUT_15188
0,0,0,OUT_15189
0,0,0,OUT_15190
0,0,0,OUT_15191
0,0,0,OUT_15192
0,0,0,OUT_15193
0,0,0,OUT_15194
0,0,1,OUT_15195
0,0,0,OUT_15196
0,0,0,OUT_15197
0,0,0,OUT_15198
0,0,0,OUT_15199
0,0,0,OUT_15200
0,0,0,OUT_15201
0,0,0,OUT_15202
0,0,0,OUT_15203
0,0,0,OUT_15204
0,0,0,OUT_15205
0,0,0,OUT_15206
0,0,0,OUT_15207
0,0,0,OUT_15208
0,0,0,OUT_15209
0,0,0,OUT_15210
0,0,0,OUT_15211
0,0,0,OUT_15212
0,0,0,OUT_15213
0,0,0,OUT_15214
0,0,0,OUT_15215
0,0,0,OUT_15216
0,0,0,OUT_15217
0,0,0,OUT_15218
0,0,0,OUT_15219
0,0,0,OUT_15220
0,0,0,OUT_15221
0,0,0,OUT_15222
0,0,0,OUT_15223
0,0,0,OUT_15224
0,0,0,OUT_15225
0,0,0,OUT_15226
1,0,0,OUT_15227
0,0,0,OUT_15228
0,0,0,OUT_15229
0,0,0,OUT_15230
0,0,0,OUT_15231
0,0,0,OUT_15232
0,0,0,OUT_15233
0,0,0,OUT_15234
0,0,0,OUT_15235
0,0,0,OUT_15236
0,0,0,OUT_15237
0,0,0,OUT_15238
0,0,0,OUT_15239
0,0,0,OUT_15240
0,0,0,OUT_15241
0,0,0,OUT_15242
0,0,0,OUT_15243
0,0,0,OUT_15244
0,0,0,OUT_15245
0,0,0,OUT_15246
0,0,0,OUT_15247
0,0,0,OUT_15248
0,0,0,OUT_15249
0,0,0,OUT_15250
0,0,0,OUT_15251
0,0,0,OUT_15252
0,0,0,OUT_15253
0,0,0,OUT_15254
0,0,0,OUT_15255
0,0,0,OUT_15256
0,0,0,OUT_15257
0,0,0,OUT_15258
0,0,0,OUT_15259
0,0,0,OUT_15260
0,0,0,OUT_15261
0,0,0,OUT_15262
0,0,0,OUT_15263
0,0,0,OUT_15264
0,0,0,OUT_15265
0,0,0,OUT_15266
0,0,0,OUT_15267
0,0,0,OUT_15268
0,0,0,OUT_15269
0,0,0,OUT_15270
0,0,0,OUT_15271
0,0,0,OUT_15272
0,0,0,OUT_15273
0,0,0,OUT_15274
0,0,0,OUT_15275
0,0,0,OUT_15276
0,0,0,OUT_15277
0,0,0,OUT_15278
0,0,1,OUT_15279
0,0,0,OUT_15280
0,0,0,OUT_15281
0,0,0,OUT_15282
0,0,0,OUT_15283
0,0,3,OUT_15284
0,0,0,OUT_15285
0,0,0,OUT_15286
0,0,0,OUT_15287
0,0,0,OUT_15288
0,0,0,OUT_15289
0,0,0,OUT_15290
0,0,0,OUT_15291
0,0,0,OUT_15292
0,0,0,OUT_15293
0,0,0,OUT_15294
0,0,0,OUT_15295
0,0,0,OUT_15296
0,0,0,OUT_15297
0,0,0,OUT_15298
0,0,0,OUT_15299
0,0,0,OUT_15300
0,0,1,OUT_15301
0,0,0,OUT_15302
0,0,0,OUT_15303
0,0,0,OUT_15304
0,0,0,OUT_15305
0,0,0,OUT_15306
0,0,0,OUT_15307
0,0,0,OUT_15308
0,0,0,OUT_15309
0,0,0,OUT_15310
0,0,0,OUT_15311
0,0,0,OUT_15312
0,0,0,OUT_15313
0,0,0,OUT_15314
0,0,0,OUT_15315
0,0,0,OUT_15316
0,0,0,OUT_15317
0,0,0,OUT_15318
0,0,0,OUT_15319
0,0,0,OUT_15320
0,0,0,OUT_15321
0,0,0,OUT_15322
0,0,0,OUT_15323
0,0,0,OUT_15324
0,0,0,OUT_15325
0,0,0,OUT_15326
0,0,0,OUT_15327
0,0,0,OUT_15328
0,0,0,OUT_15329
0,0,0,OUT_15330
0,0,0,OUT_15331
0,0,1,OUT_15332
0,0,0,OUT_15333
0,0,0,OUT_15334
0,0,0,OUT_15335
0,0,0,OUT_15336
0,0,0,OUT_15337
0,0,0,OUT_15338
0,0,0,OUT_15339
0,0,0,OUT_15340
1,0,1,OUT_15341
0,0,1,OUT_15342
0,0,0,OUT_15343
0,0,0,OUT_15344
0,0,0,OUT_15345
0,0,0,OUT_15346
0,0,0,OUT_15347
0,0,0,OUT_15348
0,0,0,OUT_15349
0,0,0,OUT_15350
0,0,0,OUT_15351
1,0,0,OUT_15352
0,0,0,OUT_15353
0,0,0,OUT_15354
0,0,0,OUT_15355
0,0,0,OUT_15356
0,0,0,OUT_15357
0,0,0,OUT_15358
0,0,0,OUT_15359
0,0,0,OUT_15360
0,0,0,OUT_15361
0,0,0,OUT_15362
0,0,0,OUT_15363
0,0,0,OUT_15364
0,0,0,OUT_15365
0,0,0,OUT_15366
0,0,0,OUT_15367
0,0,0,OUT_15368
0,0,0,OUT_15369
0,0,0,OUT_15370
0,0,0,OUT_15371
0,0,0,OUT_15372
0,0,0,OUT_15373
0,0,0,OUT_15374
0,0,0,OUT_15375
0,0,0,OUT_15376
0,0,0,OUT_15377
0,0,0,OUT_15378
0,0,0,OUT_15379
0,0,0,OUT_15380
0,0,0,OUT_15381
0,0,0,OUT_15382
0,0,0,OUT_15383
0,0,0,OUT_15384
0,0,0,OUT_15385
0,0,0,OUT_15386
0,0,0,OUT_15387
1,1,0,OUT_15388
0,0,0,OUT_15389
0,0,0,OUT_15390
0,0,0,OUT_15391
0,0,0,OUT_15392
0,0,0,OUT_15393
0,0,0,OUT_15394
1,0,0,OUT_15395
0,0,0,OUT_15396
0,0,0,OUT_15397
0,0,0,OUT_15398
0,0,0,OUT_15399
0,0,0,OUT_15400
0,0,0,OUT_15401
0,0,0,OUT_15402
0,0,0,OUT_15403
0,0,0,OUT_15404
0,0,0,OUT_15405
0,0,0,OUT_15406
0,0,0,OUT_15407
0,0,0,OUT_15408
0,0,0,OUT_15409
0,0,0,OUT_15410
0,0,0,OUT_15411
0,0,0,OUT_15412
1,0,0,OUT_15413
0,0,0,OUT_15414
0,0,0,OUT_15415
0,0,0,OUT_15416
0,0,0,OUT_15417
0,0,0,OUT_15418
0,0,0,OUT_15419
0,0,0,OUT_15420
0,0,0,OUT_15421
0,0,0,OUT_15422
0,0,0,OUT_15423
0,0,0,OUT_15424
0,0,0,OUT_15425
0,0,0,OUT_15426
0,0,0,OUT_15427
0,0,0,OUT_15428
0,0,0,OUT_15429
0,0,0,OUT_15430
0,0,0,OUT_15431
0,0,0,OUT_15432
0,0,0,OUT_15433
0,0,0,OUT_15434
0,0,0,OUT_15435
0,0,0,OUT_15436
0,0,0,OUT_15437
0,0,0,OUT_15438
0,0,0,OUT_15439
0,0,0,OUT_15440
0,0,0,OUT_15441
0,0,0,OUT_15442
0,0,0,OUT_15443
0,0,0,OUT_15444
0,0,0,OUT_15445
1,1,0,OUT_15446
0,0,0,OUT_15447
0,0,0,OUT_15448
0,0,0,OUT_15449
0,0,0,OUT_15450
0,0,0,OUT_15451
0,0,0,OUT_15452
0,0,0,OUT_15453
0,0,0,OUT_15454
0,0,0,OUT_15455
0,0,0,OUT_15456
0,0,0,OUT_15457
0,0,0,OUT_15458
0,0,0,OUT_15459
0,0,0,OUT_15460
0,0,0,OUT_15461
0,0,0,OUT_15462
0,0,0,OUT_15463
0,0,0,OUT_15464
0,0,0,OUT_15465
0,0,0,OUT_15466
0,0,0,OUT_15467
0,0,0,OUT_15468
0,0,0,OUT_15469
0,0,0,OUT_15470
0,0,0,OUT_15471
0,0,0,OUT_15472
0,0,0,OUT_15473
0,0,0,OUT_15474
0,0,0,OUT_15475
0,0,0,OUT_15476
0,0,0,OUT_15477
0,0,0,OUT_15478
0,0,0,OUT_15479
0,0,0,OUT_15480
0,0,0,OUT_15481
0,0,0,OUT_15482
0,0,0,OUT_15483
0,0,0,OUT_15484
0,0,0,OUT_15485
0,0,0,OUT_15486
0,0,0,OUT_15487
0,0,0,OUT_15488
0,0,0,OUT_15489
0,0,0,OUT_15490
0,0,0,OUT_15491
0,0,0,OUT_15492
0,0,0,OUT_15493
0,0,0,OUT_15494
0,0,0,OUT_15495
0,0,0,OUT_15496
4,2,0,OUT_15497
0,0,0,OUT_15498
0,0,0,OUT_15499
0,0,0,OUT_15500
0,0,0,OUT_15501
0,0,0,OUT_15502
0,0,0,OUT_15503
0,0,0,OUT_15504
0,0,0,OUT_15505
0,0,0,OUT_15506
0,0,0,OUT_15507
0,0,0,OUT_15508
0,0,0,OUT_15509
0,0,0,OUT_15510
0,0,0,OUT_15511
0,0,0,OUT_15512
0,0,0,OUT_15513
0,0,0,OUT_15514
0,0,0,OUT_15515
0,0,0,OUT_15516
0,0,0,OUT_15517
0,0,0,OUT_15518
0,0,0,OUT_15519
0,0,0,OUT_15520
0,0,0,OUT_15521
0,0,0,OUT_15522
0,0,0,OUT_15523
0,0,0,OUT_15524
0,0,0,OUT_15525
0,0,0,OUT_15526
0,0,0,OUT_15527
0,0,0,OUT_15528
0,0,0,OUT_15529
0,0,0,OUT_15530
0,0,0,OUT_15531
0,0,0,OUT_15532
0,0,0,OUT_15533
0,0,0,OUT_15534
0,0,0,OUT_15535
0,0,0,OUT_15536
0,0,0,OUT_15537
0,0,0,OUT_15538
0,0,0,OUT_15539
0,0,0,OUT_15540
0,0,0,OUT_15541
0,0,0,OUT_15542
0,0,0,OUT_15543
0,0,0,OUT_15544
0,0,0,OUT_15545
0,0,0,OUT_15546
0,0,0,OUT_15547
0,0,0,OUT_15548
0,0,0,OUT_15549
0,0,0,OUT_15550
0,0,0,OUT_15551
0,0,0,OUT_15552
0,0,0,OUT_15553
0,0,0,OUT_15554
0,0,0,OUT_15555
0,0,0,OUT_15556
0,0,0,OUT_15557
0,0,0,OUT_15558
0,0,0,OUT_15559
0,0,0,OUT_15560
0,0,0,OUT_15561
0,0,0,OUT_15562
2,1,0,OUT_15563
0,0,0,OUT_15564
0,0,0,OUT_15565
0,0,0,OUT_15566
0,0,0,OUT_15567
0,0,0,OUT_15568
0,0,0,OUT_15569
0,0,0,OUT_15570
0,0,0,OUT_15571
0,0,0,OUT_15572
0,0,0,OUT_15573
0,0,0,OUT_15574
0,0,0,OUT_15575
0,0,0,OUT_15576
0,0,0,OUT_15577
0,0,0,OUT_15578
0,0,0,OUT_15579
0,0,0,OUT_15580
0,0,0,OUT_15581
0,0,0,OUT_15582
0,0,0,OUT_15583
0,0,0,OUT_15584
0,0,0,OUT_15585
0,0,0,OUT_15586
0,0,0,OUT_15587
1,0,0,OUT_15588
0,0,0,OUT_15589
0,0,0,OUT_15590
0,0,0,OUT_15591
0,0,0,OUT_15592
0,0,0,OUT_15593
0,0,0,OUT_15594
0,0,0,OUT_15595
2,0,0,OUT_15596
1,1,0,OUT_15597
0,0,0,OUT_15598
0,0,0,OUT_15599
0,0,0,OUT_15600
0,0,0,OUT_15601
0,0,0,OUT_15602
0,0,0,OUT_15603
0,0,0,OUT_15604
0,0,0,OUT_15605
0,0,0,OUT_15606
0,0,0,OUT_15607
0,0,0,OUT_15608
0,0,0,OUT_15609
0,0,0,OUT_15610
0,0,0,OUT_15611
0,0,0,OUT_15612
0,0,0,OUT_15613
0,0,0,OUT_15614
0,0,0,OUT_15615
0,0,0,OUT_15616
0,0,0,OUT_15617
0,0,0,OUT_15618
0,0,0,OUT_15619
0,0,0,OUT_15620
0,0,0,OUT_15621
0,0,0,OUT_15622
0,0,0,OUT_15623
0,0,0,OUT_15624
0,0,0,OUT_15625
0,0,0,OUT_15626
0,0,0,OUT_15627
0,0,0,OUT_15628
0,0,0,OUT_15629
0,0,0,OUT_15630
0,0,0,OUT_15631
0,0,0,OUT_15632
0,0,0,OUT_15633
1,0,0,OUT_15634
0,0,0,OUT_15635
0,0,0,OUT_15636
0,0,0,OUT_15637
0,0,0,OUT_15638
0,0,0,OUT_15639
0,0,0,OUT_15640
0,0,0,OUT_15641
0,0,0,OUT_15642
0,0,0,OUT_15643
0,0,0,OUT_15644
0,0,0,OUT_15645
0,0,0,OUT_15646
0,0,0,OUT_15647
0,0,0,OUT_15648
0,0,0,OUT_15649
0,0,0,OUT_15650
0,0,0,OUT_15651
0,0,1,OUT_15652
0,0,0,OUT_15653
0,0,0,OUT_15654
0,0,0,OUT_15655
0,0,0,OUT_15656
0,0,0,OUT_15657
0,0,0,OUT_15658
0,0,0,OUT_15659
0,0,0,OUT_15660
0,0,0,OUT_15661
0,0,0,OUT_15662
0,0,0,OUT_15663
0,0,0,OUT_15664
0,0,0,OUT_15665
0,0,0,OUT_15666
1,0,0,OUT_15667
0,0,0,OUT_15668
0,0,0,OUT_15669
0,0,0,OUT_15670
0,0,0,OUT_15671
0,0,0,OUT_15672
0,0,0,OUT_15673
0,0,0,OUT_15674
0,0,0,OUT_15675
0,0,0,OUT_15676
0,0,0,OUT_15677
0,0,0,OUT_15678
0,0,0,OUT_15679
0,0,0,OUT_15680
0,0,0,OUT_15681
0,0,0,OUT_15682
0,0,0,OUT_15683
0,0,0,OUT_15684
0,0,0,OUT_15685
0,0,0,OUT_15686
0,0,0,OUT_15687
0,0,0,OUT_15688
0,0,0,OUT_15689
0,0,0,OUT_15690
0,0,0,OUT_15691
0,0,0,OUT_15692
0,0,0,OUT_15693
0,0,0,OUT_15694
0,0,0,OUT_15695
0,0,0,OUT_15696
0,0,0,OUT_15697
0,0,0,OUT_15698
0,0,0,OUT_15699
0,0,0,OUT_15700
0,0,0,OUT_15701
0,0,0,OUT_15702
0,0,0,OUT_15703
0,0,0,OUT_15704
0,0,0,OUT_15705
0,0,0,OUT_15706
0,0,0,OUT_15707
0,0,0,OUT_15708
0,0,0,OUT_15709
0,0,0,OUT_15710
0,0,0,OUT_15711
0,0,0,OUT_15712
0,0,0,OUT_15713
0,0,0,OUT_15714
0,0,0,OUT_15715
0,0,0,OUT_15716
0,0,0,OUT_15717
0,0,0,OUT_15718
0,0,0,OUT_15719
0,0,0,OUT_15720
0,0,0,OUT_15721
0,0,0,OUT_15722
0,0,0,OUT_15723
0,0,0,OUT_15724
0,0,0,OUT_15725
0,0,0,OUT_15726
0,0,0,OUT_15727
0,0,0,OUT_15728
0,0,0,OUT_15729
0,0,0,OUT_15730
0,0,0,OUT_15731
0,0,0,OUT_15732
0,0,0,OUT_15733
0,0,0,OUT_15734
0,0,0,OUT_15735
0,0,0,OUT_15736
0,0,0,OUT_15737
0,0,0,OUT_15738
0,0,0,OUT_15739
0,0,0,OUT_15740
0,0,0,OUT_15741
0,0,0,OUT_15742
1,0,0,OUT_15743
0,0,0,OUT_15744
0,0,0,OUT_15745
0,0,0,OUT_15746
0,0,0,OUT_15747
0,0,0,OUT_15748
0,0,0,OUT_15749
0,0,0,OUT_15750
0,0,0,OUT_15751
0,0,0,OUT_15752
0,0,0,OUT_15753
0,0,0,OUT_15754
0,0,0,OUT_15755
0,0,0,OUT_15756
0,0,0,OUT_15757
0,0,0,OUT_15758
0,0,0,OUT_15759
0,0,0,OUT_15760
0,0,0,OUT_15761
0,0,0,OUT_15762
0,0,0,OUT_15763
0,0,0,OUT_15764
0,0,0,OUT_15765
0,0,0,OUT_15766
0,0,0,OUT_15767
0,0,0,OUT_15768
0,0,0,OUT_15769
0,0,0,OUT_15770
0,0,0,OUT_15771
0,0,0,OUT_15772
0,0,0,OUT_15773
0,0,0,OUT_15774
0,0,0,OUT_15775
2,0,0,OUT_15776
0,0,0,OUT_15777
1,0,0,OUT_15778
0,0,0,OUT_15779
0,0,0,OUT_15780
0,0,0,OUT_15781
0,0,0,OUT_15782
0,0,0,OUT_15783
0,0,0,OUT_15784
0,0,0,OUT_15785
0,0,0,OUT_15786
0,0,0,OUT_15787
0,0,0,OUT_15788
0,0,0,OUT_15789
1,0,0,OUT_15790
0,0,0,OUT_15791
0,0,0,OUT_15792
0,0,0,OUT_15793
0,0,0,OUT_15794
0,0,0,OUT_15795
1,0,4,OUT_15796
0,0,0,OUT_15797
0,0,0,OUT_15798
0,0,0,OUT_15799
0,0,0,OUT_15800
0,0,0,OUT_15801
0,0,0,OUT_15802
0,0,0,OUT_15803
0,0,0,OUT_15804
0,0,0,OUT_15805
0,0,0,OUT_15806
0,0,0,OUT_15807
0,0,0,OUT_15808
0,0,0,OUT_15809
0,0,0,OUT_15810
0,0,0,OUT_15811
0,0,0,OUT_15812
0,0,0,OUT_15813
0,0,0,OUT_15814
0,0,0,OUT_15815
0,0,0,OUT_15816
0,0,0,OUT_15817
0,0,0,OUT_15818
0,0,0,OUT_15819
0,0,0,OUT_15820
0,0,0,OUT_15821
0,0,0,OUT_15822
0,0,0,OUT_15823
0,0,0,OUT_15824
0,0,0,OUT_15825
0,0,0,OUT_15826
0,0,0,OUT_15827
0,0,0,OUT_15828
0,0,0,OUT_15829
0,0,0,OUT_15830
0,0,0,OUT_15831
1,0,0,OUT_15832
0,0,0,OUT_15833
0,0,0,OUT_15834
0,0,0,OUT_15835
0,0,0,OUT_15836
0,0,0,OUT_15837
0,0,0,OUT_15838
0,0,0,OUT_15839
0,0,0,OUT_15840
0,0,0,OUT_15841
0,0,0,OUT_15842
0,0,0,OUT_15843
0,0,0,OUT_15844
0,0,1,OUT_15845
0,0,0,OUT_15846
0,0,0,OUT_15847
0,0,0,OUT_15848
0,0,0,OUT_15849
0,0,0,OUT_15850
0,0,0,OUT_15851
1,0,0,OUT_15852
0,0,0,OUT_15853
0,0,0,OUT_15854
0,0,1,OUT_15855
0,0,0,OUT_15856
0,0,0,OUT_15857
0,0,0,OUT_15858
0,0,0,OUT_15859
0,0,0,OUT_15860
0,0,0,OUT_15861
0,0,0,OUT_15862
0,0,0,OUT_15863
0,0,0,OUT_15864
0,0,0,OUT_15865
0,0,1,OUT_15866
0,0,0,OUT_15867
0,1,0,OUT_15868
0,0,0,OUT_15869
1,1,0,OUT_15870
0,0,0,OUT_15871
0,0,0,OUT_15872
0,0,0,OUT_15873
0,0,2,OUT_15874
0,0,0,OUT_15875
0,0,0,OUT_15876
0,0,0,OUT_15877
0,0,0,OUT_15878
0,0,0,OUT_15879
0,0,0,OUT_15880
0,0,0,OUT_15881
0,0,0,OUT_15882
1,0,0,OUT_15883
0,0,0,OUT_15884
0,0,0,OUT_15885
0,0,0,OUT_15886
0,0,0,OUT_15887
0,0,0,OUT_15888
0,0,0,OUT_15889
0,0,0,OUT_15890
0,0,0,OUT_15891
0,0,0,OUT_15892
0,0,0,OUT_15893
0,0,0,OUT_15894
0,0,0,OUT_15895
0,0,0,OUT_15896
0,0,0,OUT_15897
0,0,0,OUT_15898
0,0,0,OUT_15899
0,0,0,OUT_15900
0,0,0,OUT_15901
0,0,0,OUT_15902
0,0,0,OUT_15903
0,0,0,OUT_15904
0,0,0,OUT_15905
0,0,0,OUT_15906
0,0,0,OUT_15907
0,0,0,OUT_15908
2,0,0,OUT_15909
0,0,0,OUT_15910
0,0,0,OUT_15911
0,0,0,OUT_15912
0,0,0,OUT_15913
0,0,0,OUT_15914
0,0,0,OUT_15915
0,0,0,OUT_15916
0,0,0,OUT_15917
0,0,0,OUT_15918
0,0,0,OUT_15919
0,0,0,OUT_15920
0,0,0,OUT_15921
0,0,0,OUT_15922
0,0,0,OUT_15923
0,0,0,OUT_15924
0,0,0,OUT_15925
0,0,0,OUT_15926
0,0,0,OUT_15927
0,0,0,OUT_15928
0,0,0,OUT_15929
0,0,0,OUT_15930
0,0,0,OUT_15931
0,0,0,OUT_15932
0,0,0,OUT_15933
0,0,0,OUT_15934
0,0,0,OUT_15935
0,0,2,OUT_15936
0,0,0,OUT_15937
0,0,0,OUT_15938
0,0,0,OUT_15939
0,0,0,OUT_15940
0,0,0,OUT_15941
0,0,0,OUT_15942
0,0,0,OUT_15943
0,0,0,OUT_15944
0,0,0,OUT_15945
0,0,0,OUT_15946
0,0,0,OUT_15947
0,0,0,OUT_15948
0,0,0,OUT_15949
0,0,0,OUT_15950
0,0,0,OUT_15951
0,0,0,OUT_15952
0,0,0,OUT_15953
0,0,0,OUT_15954
0,0,0,OUT_15955
0,0,0,OUT_15956
0,0,0,OUT_15957
0,0,0,OUT_15958
0,0,0,OUT_15959
0,1,0,OUT_15960
0,0,0,OUT_15961
0,0,0,OUT_15962
0,0,0,OUT_15963
0,0,0,OUT_15964
0,0,0,OUT_15965
0,0,0,OUT_15966
0,0,0,OUT_15967
0,0,0,OUT_15968
0,0,0,OUT_15969
0,0,2,OUT_15970
0,0,0,OUT_15971
0,0,0,OUT_15972
0,0,0,OUT_15973
0,0,0,OUT_15974
0,0,0,OUT_15975
0,0,0,OUT_15976
0,0,0,OUT_15977
0,0,0,OUT_15978
0,0,0,OUT_15979
0,0,0,OUT_15980
0,0,0,OUT_15981
0,0,0,OUT_15982
0,0,0,OUT_15983
0,0,0,OUT_15984
0,0,0,OUT_15985
0,0,0,OUT_15986
0,1,0,OUT_15987
0,0,0,OUT_15988
0,0,0,OUT_15989
0,0,0,OUT_15990
0,0,0,OUT_15991
0,0,0,OUT_15992
0,0,0,OUT_15993
0,0,0,OUT_15994
0,0,0,OUT_15995
0,0,0,OUT_15996
0,0,0,OUT_15997
0,0,3,OUT_15998
0,0,0,OUT_15999
0,0,0,OUT_16000
0,0,0,OUT_16001
0,0,0,OUT_16002
0,0,0,OUT_16003
0,0,0,OUT_16004
0,0,0,OUT_16005
0,0,0,OUT_16006
0,0,0,OUT_16007
0,0,0,OUT_16008
0,0,0,OUT_16009
0,0,0,OUT_16010
0,0,0,OUT_16011
0,0,0,OUT_16012
0,0,0,OUT_16013
0,0,0,OUT_16014
0,0,0,OUT_16015
0,0,0,OUT_16016
0,0,0,OUT_16017
0,0,0,OUT_16018
0,0,0,OUT_16019
0,0,0,OUT_16020
0,0,0,OUT_16021
0,0,0,OUT_16022
0,0,0,OUT_16023
0,0,0,OUT_16024
0,0,0,OUT_16025
0,0,0,OUT_16026
0,0,0,OUT_16027
0,0,0,OUT_16028
0,0,0,OUT_16029
1,0,0,OUT_16030
0,0,0,OUT_16031
0,0,0,OUT_16032
0,0,0,OUT_16033
0,0,0,OUT_16034
0,0,0,OUT_16035
0,0,0,OUT_16036
0,0,0,OUT_16037
1,0,0,OUT_16038
0,0,0,OUT_16039
0,0,0,OUT_16040
0,0,0,OUT_16041
0,0,0,OUT_16042
0,0,0,OUT_16043
0,1,0,OUT_16044
0,0,0,OUT_16045
1,1,0,OUT_16046
0,0,0,OUT_16047
0,0,0,OUT_16048
0,0,0,OUT_16049
0,0,0,OUT_16050
0,0,0,OUT_16051
2,0,0,OUT_16052
0,0,0,OUT_16053
0,0,0,OUT_16054
0,0,0,OUT_16055
0,0,0,OUT_16056
0,0,0,OUT_16057
0,0,0,OUT_16058
0,0,0,OUT_16059
0,0,0,OUT_16060
0,0,0,OUT_16061
0,0,0,OUT_16062
0,0,0,OUT_16063
0,0,0,OUT_16064
0,0,0,OUT_16065
0,0,0,OUT_16066
0,0,0,OUT_16067
0,0,0,OUT_16068
0,0,0,OUT_16069
0,0,1,OUT_16070
0,0,0,OUT_16071
0,0,0,OUT_16072
0,0,0,OUT_16073
0,0,0,OUT_16074
0,0,0,OUT_16075
0,0,0,OUT_16076
0,0,0,OUT_16077
0,0,0,OUT_16078
0,0,0,OUT_16079
0,0,0,OUT_16080
0,0,0,OUT_16081
0,0,0,OUT_16082
0,0,0,OUT_16083
0,0,0,OUT_16084
0,0,0,OUT_16085
0,0,0,OUT_16086
0,0,0,OUT_16087
0,0,0,OUT_16088
0,0,0,OUT_16089
0,0,0,OUT_16090
0,0,0,OUT_16091
0,0,0,OUT_16092
0,0,0,OUT_16093
0,0,0,OUT_16094
1,0,0,OUT_16095
1,0,0,OUT_16096
0,0,0,OUT_16097
0,0,0,OUT_16098
0,0,0,OUT_16099
0,0,0,OUT_16100
0,0,0,OUT_16101
0,0,0,OUT_16102
0,0,0,OUT_16103
0,0,0,OUT_16104
0,0,0,OUT_16105
0,0,0,OUT_16106
0,0,0,OUT_16107
0,0,0,OUT_16108
0,0,0,OUT_16109
0,0,0,OUT_16110
0,0,0,OUT_16111
0,0,0,OUT_16112
0,0,0,OUT_16113
0,0,0,OUT_16114
0,0,0,OUT_16115
0,0,0,OUT_16116
0,0,0,OUT_16117
0,0,0,OUT_16118
0,0,0,OUT_16119
0,0,0,OUT_16120
0,0,0,OUT_16121
0,0,0,OUT_16122
0,0,0,OUT_16123
0,0,0,OUT_16124
0,0,2,OUT_16125
0,0,0,OUT_16126
0,0,0,OUT_16127
0,0,0,OUT_16128
0,0,0,OUT_16129
0,0,0,OUT_16130
0,0,0,OUT_16131
0,0,0,OUT_16132
0,0,0,OUT_16133
0,0,0,OUT_16134
0,0,0,OUT_16135
0,0,0,OUT_16136
0,0,0,OUT_16137
0,0,0,OUT_16138
0,0,0,OUT_16139
0,0,0,OUT_16140
0,0,0,OUT_16141
0,0,0,OUT_16142
0,0,0,OUT_16143
0,0,0,OUT_16144
0,0,0,OUT_16145
0,0,0,OUT_16146
0,0,0,OUT_16147
0,0,0,OUT_16148
0,0,0,OUT_16149
0,0,0,OUT_16150
0,0,0,OUT_16151
0,0,0,OUT_16152
0,0,0,OUT_16153
0,0,0,OUT_16154
0,0,0,OUT_16155
0,0,0,OUT_16156
0,0,0,OUT_16157
0,0,0,OUT_16158
0,0,0,OUT_16159
0,0,0,OUT_16160
0,0,0,OUT_16161
0,0,0,OUT_16162
0,0,0,OUT_16163
0,0,0,OUT_16164
0,0,0,OUT_16165
0,0,0,OUT_16166
0,0,0,OUT_16167
0,0,0,OUT_16168
0,0,0,OUT_16169
0,0,0,OUT_16170
0,0,0,OUT_16171
0,0,0,OUT_16172
0,0,0,OUT_16173
0,0,0,OUT_16174
0,0,0,OUT_16175
0,0,0,OUT_16176
0,0,0,OUT_16177
0,0,0,OUT_16178
0,0,0,OUT_16179
0,0,0,OUT_16180
0,0,0,OUT_16181
0,0,0,OUT_16182
0,0,0,OUT_16183
0,0,0,OUT_16184
0,0,0,OUT_16185
1,0,0,OUT_16186
0,0,0,OUT_16187
0,0,0,OUT_16188
0,0,0,OUT_16189
0,0,0,OUT_16190
0,0,0,OUT_16191
0,0,0,OUT_16192
0,0,0,OUT_16193
0,0,0,OUT_16194
0,0,0,OUT_16195
0,0,0,OUT_16196
0,0,0,OUT_16197
0,0,0,OUT_16198
0,0,0,OUT_16199
0,0,0,OUT_16200
0,0,0,OUT_16201
0,0,0,OUT_16202
0,0,0,OUT_16203
0,0,0,OUT_16204
0,0,0,OUT_16205
0,0,0,OUT_16206
0,0,0,OUT_16207
0,0,0,OUT_16208
0,0,0,OUT_16209
0,0,0,OUT_16210
0,0,0,OUT_16211
0,0,0,OUT_16212
0,0,0,OUT_16213
0,0,0,OUT_16214
0,0,0,OUT_16215
0,0,0,OUT_16216
0,0,0,OUT_16217
0,0,0,OUT_16218
0,0,0,OUT_16219
0,0,0,OUT_16220
0,0,0,OUT_16221
0,0,0,OUT_16222
0,0,0,OUT_16223
0,0,0,OUT_16224
0,0,0,OUT_16225
0,0,0,OUT_16226
0,0,0,OUT_16227
0,0,0,OUT_16228
0,0,0,OUT_16229
0,0,0,OUT_16230
0,0,0,OUT_16231
0,0,0,OUT_16232
0,0,0,OUT_16233
0,0,0,OUT_16234
0,0,0,OUT_16235
0,0,0,OUT_16236
0,0,0,OUT_16237
0,0,0,OUT_16238
0,0,0,OUT_16239
0,0,0,OUT_16240
0,0,0,OUT_16241
0,0,0,OUT_16242
0,0,0,OUT_16243
0,0,0,OUT_16244
0,0,0,OUT_16245
0,0,0,OUT_16246
0,0,0,OUT_16247
0,0,0,OUT_16248
0,0,0,OUT_16249
0,0,0,OUT_16250
0,0,0,OUT_16251
0,0,0,OUT_16252
0,0,0,OUT_16253
0,0,0,OUT_16254
0,0,0,OUT_16255
0,0,0,OUT_16256
0,0,0,OUT_16257
0,0,0,OUT_16258
0,0,0,OUT_16259
0,0,0,OUT_16260
0,0,0,OUT_16261
0,0,0,OUT_16262
0,0,0,OUT_16263
0,0,0,OUT_16264
0,0,0,OUT_16265
0,0,0,OUT_16266
0,0,0,OUT_16267
0,0,0,OUT_16268
0,0,0,OUT_16269
0,0,0,OUT_16270
0,0,0,OUT_16271
0,0,0,OUT_16272
0,0,0,OUT_16273
1,0,0,OUT_16274
0,0,0,OUT_16275
0,0,1,OUT_16276
0,0,0,OUT_16277
0,0,0,OUT_16278
0,0,0,OUT_16279
0,0,0,OUT_16280
0,0,0,OUT_16281
0,0,0,OUT_16282
0,0,0,OUT_16283
0,0,0,OUT_16284
0,0,0,OUT_16285
0,0,0,OUT_16286
0,0,0,OUT_16287
0,0,0,OUT_16288
0,0,0,OUT_16289
0,0,0,OUT_16290
0,0,0,OUT_16291
0,0,0,OUT_16292
0,0,0,OUT_16293
0,0,0,OUT_16294
0,0,0,OUT_16295
0,0,0,OUT_16296
0,0,0,OUT_16297
0,0,0,OUT_16298
0,0,0,OUT_16299
0,0,0,OUT_16300
0,0,0,OUT_16301
0,0,0,OUT_16302
0,0,0,OUT_16303
0,0,0,OUT_16304
0,0,0,OUT_16305
1,0,1,OUT_16306
0,0,0,OUT_16307
1,0,0,OUT_16308
0,0,0,OUT_16309
0,0,0,OUT_16310
0,0,0,OUT_16311
0,0,0,OUT_16312
0,0,0,OUT_16313
0,0,0,OUT_16314
0,0,0,OUT_16315
1,0,0,OUT_16316
0,0,0,OUT_16317
0,0,0,OUT_16318
0,0,0,OUT_16319
0,0,0,OUT_16320
0,0,0,OUT_16321
0,0,0,OUT_16322
0,0,0,OUT_16323
0,0,0,OUT_16324
0,0,0,OUT_16325
0,0,0,OUT_16326
0,0,0,OUT_16327
0,0,0,OUT_16328
0,0,0,OUT_16329
0,0,0,OUT_16330
0,0,0,OUT_16331
0,0,0,OUT_16332
0,0,0,OUT_16333
0,0,0,OUT_16334
0,0,0,OUT_16335
1,0,0,OUT_16336
0,0,0,OUT_16337
0,0,0,OUT_16338
0,0,0,OUT_16339
0,0,0,OUT_16340
0,0,0,OUT_16341
0,0,0,OUT_16342
0,0,0,OUT_16343
0,0,0,OUT_16344
0,0,0,OUT_16345
0,0,0,OUT_16346
0,0,0,OUT_16347
0,0,0,OUT_16348
0,0,0,OUT_16349
1,0,0,OUT_16350
0,0,2,OUT_16351
0,0,0,OUT_16352
0,0,0,OUT_16353
0,0,0,OUT_16354
0,0,0,OUT_16355
0,0,0,OUT_16356
0,0,0,OUT_16357
0,0,0,OUT_16358
0,0,0,OUT_16359
0,0,0,OUT_16360
0,0,0,OUT_16361
0,0,0,OUT_16362
0,0,0,OUT_16363
0,0,0,OUT_16364
0,0,0,OUT_16365
0,0,0,OUT_16366
0,0,2,OUT_16367
0,0,0,OUT_16368
0,0,0,OUT_16369
0,0,0,OUT_16370
0,0,0,OUT_16371
0,0,0,OUT_16372
0,0,0,OUT_16373
0,0,0,OUT_16374
0,0,0,OUT_16375
0,0,0,OUT_16376
0,0,0,OUT_16377
0,0,0,OUT_16378
0,0,0,OUT_16379
0,0,0,OUT_16380
0,0,0,OUT_16381
0,0,0,OUT_16382
0,0,0,OUT_16383
4,1,0,OUT_16384
0,0,0,OUT_16385
0,0,0,OUT_16386
0,0,0,OUT_16387
0,0,0,OUT_16388
0,0,0,OUT_16389
0,0,0,OUT_16390
0,0,0,OUT_16391
0,0,0,OUT_16392
0,0,0,OUT_16393
0,0,0,OUT_16394
0,0,0,OUT_16395
0,0,0,OUT_16396
0,0,0,OUT_16397
0,0,2,OUT_16398
0,0,0,OUT_16399
0,0,0,OUT_16400
0,0,0,OUT_16401
0,0,0,OUT_16402
0,0,0,OUT_16403
0,0,0,OUT_16404
0,0,0,OUT_16405
1,1,0,OUT_16406
0,0,0,OUT_16407
0,0,0,OUT_16408
0,0,0,OUT_16409
0,0,0,OUT_16410
0,0,0,OUT_16411
0,0,0,OUT_16412
0,0,0,OUT_16413
0,0,0,OUT_16414
0,0,0,OUT_16415
0,0,0,OUT_16416
0,0,0,OUT_16417
0,0,0,OUT_16418
0,0,0,OUT_16419
0,0,0,OUT_16420
0,0,0,OUT_16421
0,0,0,OUT_16422
0,0,0,OUT_16423
0,0,0,OUT_16424
0,0,0,OUT_16425
0,0,0,OUT_16426
0,0,0,OUT_16427
0,0,0,OUT_16428
0,0,0,OUT_16429
0,0,0,OUT_16430
0,0,0,OUT_16431
0,0,0,OUT_16432
0,0,0,OUT_16433
0,0,0,OUT_16434
0,0,0,OUT_16435
0,0,0,OUT_16436
0,0,0,OUT_16437
0,0,0,OUT_16438
0,0,0,OUT_16439
0,0,0,OUT_16440
0,0,0,OUT_16441
0,0,0,OUT_16442
0,0,0,OUT_16443
0,0,0,OUT_16444
0,0,0,OUT_16445
0,0,0,OUT_16446
0,0,0,OUT_16447
0,0,0,OUT_16448
0,0,0,OUT_16449
0,0,0,OUT_16450
0,0,0,OUT_16451
0,0,0,OUT_16452
0,0,0,OUT_16453
0,0,0,OUT_16454
0,0,0,OUT_16455
1,0,0,OUT_16456
0,0,0,OUT_16457
0,0,0,OUT_16458
0,0,0,OUT_16459
0,0,0,OUT_16460
0,0,0,OUT_16461
0,0,0,OUT_16462
0,0,0,OUT_16463
0,0,0,OUT_16464
0,0,0,OUT_16465
0,0,0,OUT_16466
0,0,0,OUT_16467
0,0,0,OUT_16468
0,0,0,OUT_16469
0,0,0,OUT_16470
0,0,0,OUT_16471
0,0,0,OUT_16472
0,0,0,OUT_16473
0,0,0,OUT_16474
0,0,0,OUT_16475
0,0,0,OUT_16476
0,0,0,OUT_16477
0,0,0,OUT_16478
0,0,0,OUT_16479
0,0,0,OUT_16480
0,0,0,OUT_16481
0,0,0,OUT_16482
0,0,0,OUT_16483
0,0,0,OUT_16484
0,0,0,OUT_16485
0,0,0,OUT_16486
0,0,0,OUT_16487
0,0,0,OUT_16488
0,0,0,OUT_16489
0,0,0,OUT_16490
0,0,2,OUT_16491
0,0,0,OUT_16492
0,0,0,OUT_16493
0,0,0,OUT_16494
0,0,0,OUT_16495
0,0,0,OUT_16496
0,0,0,OUT_16497
0,0,0,OUT_16498
0,0,0,OUT_16499
0,0,0,OUT_16500
0,0,0,OUT_16501
0,0,0,OUT_16502
0,0,0,OUT_16503
0,0,0,OUT_16504
0,0,0,OUT_16505
0,0,0,OUT_16506
0,0,0,OUT_16507
0,0,0,OUT_16508
0,0,0,OUT_16509
0,0,0,OUT_16510
0,0,0,OUT_16511
0,0,0,OUT_16512
0,0,0,OUT_16513
0,0,0,OUT_16514
0,0,0,OUT_16515
0,0,0,OUT_16516
0,0,0,OUT_16517
0,0,0,OUT_16518
0,0,0,OUT_16519
0,0,0,OUT_16520
0,0,0,OUT_16521
0,0,0,OUT_16522
0,0,0,OUT_16523
0,0,0,OUT_16524
0,0,0,OUT_16525
0,0,0,OUT_16526
1,0,0,OUT_16527
0,0,0,OUT_16528
0,0,0,OUT_16529
0,0,0,OUT_16530
0,0,0,OUT_16531
0,0,0,OUT_16532
0,0,0,OUT_16533
0,0,0,OUT_16534
0,0,0,OUT_16535
0,0,0,OUT_16536
0,0,0,OUT_16537
0,0,0,OUT_16538
0,0,0,OUT_16539
0,0,0,OUT_16540
0,0,0,OUT_16541
0,0,0,OUT_16542
0,0,0,OUT_16543
0,0,0,OUT_16544
0,0,0,OUT_16545
0,0,0,OUT_16546
0,0,0,OUT_16547
0,0,0,OUT_16548
0,0,0,OUT_16549
0,0,0,OUT_16550
0,0,0,OUT_16551
0,0,0,OUT_16552
0,0,0,OUT_16553
0,0,0,OUT_16554
0,0,0,OUT_16555
0,0,0,OUT_16556
0,0,0,OUT_16557
0,0,0,OUT_16558
0,0,0,OUT_16559
0,0,0,OUT_16560
0,0,0,OUT_16561
0,0,0,OUT_16562
0,0,0,OUT_16563
0,0,0,OUT_16564
0,0,0,OUT_16565
0,0,0,OUT_16566
0,0,0,OUT_16567
0,0,0,OUT_16568
0,0,0,OUT_16569
0,0,0,OUT_16570
0,0,0,OUT_16571
0,0,0,OUT_16572
0,0,0,OUT_16573
0,0,0,OUT_16574
0,0,0,OUT_16575
0,0,0,OUT_16576
0,0,0,OUT_16577
0,0,0,OUT_16578
0,0,0,OUT_16579
0,0,0,OUT_16580
0,0,0,OUT_16581
0,0,0,OUT_16582
0,0,0,OUT_16583
0,0,0,OUT_16584
0,0,0,OUT_16585
0,0,0,OUT_16586
0,0,0,OUT_16587
0,0,0,OUT_16588
0,0,0,OUT_16589
0,0,0,OUT_16590
0,0,0,OUT_16591
0,0,0,OUT_16592
0,0,0,OUT_16593
0,0,0,OUT_16594
0,0,0,OUT_16595
0,0,0,OUT_16596
0,0,0,OUT_16597
0,0,0,OUT_16598
0,0,0,OUT_16599
0,0,0,OUT_16600
0,0,0,OUT_16601
0,0,0,OUT_16602
0,0,0,OUT_16603
0,0,0,OUT_16604
0,0,0,OUT_16605
0,0,0,OUT_16606
0,0,0,OUT_16607
0,0,0,OUT_16608
0,0,0,OUT_16609
0,0,0,OUT_16610
0,0,0,OUT_16611
0,0,0,OUT_16612
0,0,0,OUT_16613
0,0,0,OUT_16614
0,0,0,OUT_16615
0,0,0,OUT_16616
0,0,0,OUT_16617
0,0,0,OUT_16618
0,0,0,OUT_16619
0,0,0,OUT_16620
0,0,0,OUT_16621
0,0,0,OUT_16622
0,0,0,OUT_16623
0,0,0,OUT_16624
0,0,0,OUT_16625
0,0,0,OUT_16626
0,0,0,OUT_16627
0,0,0,OUT_16628
0,0,0,OUT_16629
0,0,0,OUT_16630
0,0,0,OUT_16631
0,0,0,OUT_16632
0,0,0,OUT_16633
0,0,0,OUT_16634
0,0,0,OUT_16635
0,0,0,OUT_16636
0,0,0,OUT_16637
0,0,0,OUT_16638
0,0,0,OUT_16639
0,0,0,OUT_16640
0,0,0,OUT_16641
0,0,0,OUT_16642
0,0,0,OUT_16643
0,0,0,OUT_16644
0,0,0,OUT_16645
0,0,0,OUT_16646
0,0,0,OUT_16647
0,0,0,OUT_16648
0,0,1,OUT_16649
0,0,0,OUT_16650
0,0,0,OUT_16651
0,0,0,OUT_16652
0,0,0,OUT_16653
0,0,0,OUT_16654
0,0,2,OUT_16655
0,0,0,OUT_16656
0,0,0,OUT_16657
0,0,0,OUT_16658
0,0,0,OUT_16659
0,0,0,OUT_16660
0,0,0,OUT_16661
0,0,0,OUT_16662
0,0,0,OUT_16663
0,0,0,OUT_16664
0,0,0,OUT_16665
0,0,0,OUT_16666
0,0,0,OUT_16667
0,0,0,OUT_16668
0,0,0,OUT_16669
0,0,3,OUT_16670
0,0,0,OUT_16671
0,0,0,OUT_16672
0,0,0,OUT_16673
0,0,0,OUT_16674
0,0,0,OUT_16675
0,0,0,OUT_16676
0,0,0,OUT_16677
0,0,0,OUT_16678
0,0,0,OUT_16679
0,0,0,OUT_16680
0,0,0,OUT_16681
0,0,0,OUT_16682
0,0,0,OUT_16683
0,0,0,OUT_16684
0,0,0,OUT_16685
0,0,0,OUT_16686
0,0,0,OUT_16687
0,0,0,OUT_16688
0,0,0,OUT_16689
0,0,0,OUT_16690
0,0,0,OUT_16691
0,0,0,OUT_16692
0,0,0,OUT_16693
0,0,0,OUT_16694
0,0,0,OUT_16695
0,0,0,OUT_16696
0,0,0,OUT_16697
0,0,0,OUT_16698
0,0,0,OUT_16699
0,0,0,OUT_16700
0,0,0,OUT_16701
0,0,0,OUT_16702
0,0,0,OUT_16703
0,0,0,OUT_16704
0,0,0,OUT_16705
0,0,0,OUT_16706
0,0,0,OUT_16707
0,0,0,OUT_16708
0,0,0,OUT_16709
0,0,0,OUT_16710
0,0,0,OUT_16711
0,0,0,OUT_16712
0,0,0,OUT_16713
0,0,0,OUT_16714
0,0,0,OUT_16715
0,0,0,OUT_16716
0,0,0,OUT_16717
0,0,0,OUT_16718
0,0,0,OUT_16719
0,0,0,OUT_16720
0,0,0,OUT_16721
0,0,0,OUT_16722
0,0,0,OUT_16723
0,0,0,OUT_16724
0,0,0,OUT_16725
0,0,0,OUT_16726
0,0,0,OUT_16727
0,0,0,OUT_16728
0,0,0,OUT_16729
0,0,0,OUT_16730
0,0,0,OUT_16731
0,0,0,OUT_16732
0,0,0,OUT_16733
0,0,0,OUT_16734
0,0,0,OUT_16735
0,0,0,OUT_16736
0,0,0,OUT_16737
0,0,0,OUT_16738
0,0,0,OUT_16739
0,0,0,OUT_16740
0,0,2,OUT_16741
0,0,0,OUT_16742
0,0,0,OUT_16743
1,0,2,OUT_16744
0,0,0,OUT_16745
0,0,0,OUT_16746
0,0,0,OUT_16747
0,0,0,OUT_16748
0,0,0,OUT_16749
0,0,0,OUT_16750
0,0,0,OUT_16751
0,0,0,OUT_16752
0,0,0,OUT_16753
0,0,0,OUT_16754
0,0,0,OUT_16755
0,0,0,OUT_16756
0,0,0,OUT_16757
0,0,0,OUT_16758
0,0,0,OUT_16759
0,0,0,OUT_16760
0,0,0,OUT_16761
0,0,0,OUT_16762
0,0,0,OUT_16763
0,0,0,OUT_16764
0,0,0,OUT_16765
0,0,0,OUT_16766
0,0,0,OUT_16767
0,0,0,OUT_16768
0,0,0,OUT_16769
0,0,0,OUT_16770
0,0,0,OUT_16771
0,0,0,OUT_16772
0,0,0,OUT_16773
0,0,0,OUT_16774
0,0,0,OUT_16775
0,0,0,OUT_16776
0,0,0,OUT_16777
0,0,0,OUT_16778
0,0,0,OUT_16779
0,0,0,OUT_16780
0,0,0,OUT_16781
0,0,0,OUT_16782
0,0,0,OUT_16783
0,0,0,OUT_16784
0,0,0,OUT_16785
0,0,0,OUT_16786
0,0,0,OUT_16787
0,0,0,OUT_16788
0,0,0,OUT_16789
0,0,0,OUT_16790
0,0,0,OUT_16791
0,0,0,OUT_16792
0,0,0,OUT_16793
1,0,0,OUT_16794
0,0,0,OUT_16795
0,0,0,OUT_16796
0,0,0,OUT_16797
0,0,0,OUT_16798
0,0,0,OUT_16799
0,0,0,OUT_16800
0,0,0,OUT_16801
0,0,0,OUT_16802
0,0,0,OUT_16803
0,0,0,OUT_16804
0,0,0,OUT_16805
0,0,0,OUT_16806
0,0,0,OUT_16807
0,0,0,OUT_16808
0,0,0,OUT_16809
1,1,0,OUT_16810
0,0,0,OUT_16811
0,0,0,OUT_16812
0,0,0,OUT_16813
0,0,0,OUT_16814
0,0,0,OUT_16815
0,0,0,OUT_16816
0,0,0,OUT_16817
0,0,0,OUT_16818
0,0,0,OUT_16819
0,0,0,OUT_16820
0,0,0,OUT_16821
0,0,0,OUT_16822
0,0,0,OUT_16823
0,0,0,OUT_16824
0,0,0,OUT_16825
0,0,0,OUT_16826
0,0,0,OUT_16827
0,0,0,OUT_16828
0,0,0,OUT_16829
0,0,0,OUT_16830
0,0,0,OUT_16831
0,0,0,OUT_16832
0,0,0,OUT_16833
0,0,0,OUT_16834
0,0,0,OUT_16835
0,0,0,OUT_16836
0,0,0,OUT_16837
0,0,0,OUT_16838
0,0,0,OUT_16839
0,0,0,OUT_16840
0,0,0,OUT_16841
0,0,0,OUT_16842
0,0,0,OUT_16843
0,0,0,OUT_16844
0,0,0,OUT_16845
0,0,0,OUT_16846
0,0,0,OUT_16847
0,0,0,OUT_16848
0,0,0,OUT_16849
0,0,0,OUT_16850
0,0,0,OUT_16851
0,0,0,OUT_16852
1,0,2,OUT_16853
0,0,0,OUT_16854
0,0,0,OUT_16855
0,0,0,OUT_16856
0,0,0,OUT_16857
0,0,2,OUT_16858
0,0,0,OUT_16859
0,0,0,OUT_16860
0,0,0,OUT_16861
0,0,0,OUT_16862
0,0,0,OUT_16863
0,0,0,OUT_16864
0,0,0,OUT_16865
0,0,0,OUT_16866
0,0,0,OUT_16867
0,0,0,OUT_16868
0,0,0,OUT_16869
0,0,0,OUT_16870
0,0,0,OUT_16871
0,0,0,OUT_16872
0,0,0,OUT_16873
0,0,0,OUT_16874
0,0,0,OUT_16875
0,0,0,OUT_16876
0,0,0,OUT_16877
0,0,0,OUT_16878
0,0,0,OUT_16879
0,0,0,OUT_16880
0,0,0,OUT_16881
0,0,0,OUT_16882
0,0,0,OUT_16883
0,0,0,OUT_16884
0,0,0,OUT_16885
0,0,0,OUT_16886
0,0,0,OUT_16887
0,0,0,OUT_16888
0,0,0,OUT_16889
0,0,0,OUT_16890
0,0,0,OUT_16891
0,0,0,OUT_16892
0,0,0,OUT_16893
3,0,0,OUT_16894
0,0,0,OUT_16895
0,0,0,OUT_16896
0,0,0,OUT_16897
0,0,0,OUT_16898
0,0,0,OUT_16899
0,0,0,OUT_16900
0,0,0,OUT_16901
0,0,0,OUT_16902
0,0,0,OUT_16903
0,0,0,OUT_16904
0,0,0,OUT_16905
0,0,0,OUT_16906
0,0,0,OUT_16907
0,0,0,OUT_16908
0,0,0,OUT_16909
0,0,0,OUT_16910
0,0,0,OUT_16911
0,0,0,OUT_16912
0,0,0,OUT_16913
0,0,0,OUT_16914
0,0,2,OUT_16915
0,0,0,OUT_16916
0,0,0,OUT_16917
0,0,0,OUT_16918
0,0,0,OUT_16919
0,0,0,OUT_16920
0,0,0,OUT_16921
0,0,0,OUT_16922
0,0,0,OUT_16923
0,0,0,OUT_16924
0,0,0,OUT_16925
0,0,0,OUT_16926
0,0,0,OUT_16927
0,0,0,OUT_16928
0,0,0,OUT_16929
0,0,0,OUT_16930
0,0,0,OUT_16931
0,0,0,OUT_16932
0,0,0,OUT_16933
0,0,0,OUT_16934
0,0,0,OUT_16935
0,0,0,OUT_16936
0,0,0,OUT_16937
0,0,0,OUT_16938
0,0,0,OUT_16939
0,0,0,OUT_16940
0,0,0,OUT_16941
0,0,0,OUT_16942
0,0,0,OUT_16943
0,0,0,OUT_16944
4,0,0,OUT_16945
0,0,0,OUT_16946
0,0,0,OUT_16947
0,0,0,OUT_16948
0,0,0,OUT_16949
0,0,0,OUT_16950
0,0,0,OUT_16951
1,0,0,OUT_16952
0,0,0,OUT_16953
0,0,0,OUT_16954
0,0,0,OUT_16955
0,0,0,OUT_16956
0,0,0,OUT_16957
0,0,0,OUT_16958
0,0,0,OUT_16959
0,0,0,OUT_16960
0,0,0,OUT_16961
0,0,0,OUT_16962
1,0,0,OUT_16963
0,0,0,OUT_16964
0,0,0,OUT_16965
0,0,0,OUT_16966
0,0,0,OUT_16967
0,0,0,OUT_16968
0,0,0,OUT_16969
0,0,0,OUT_16970
2,0,0,OUT_16971
0,0,0,OUT_16972
0,0,0,OUT_16973
0,0,0,OUT_16974
0,0,0,OUT_16975
0,0,0,OUT_16976
0,0,0,OUT_16977
0,0,0,OUT_16978
0,0,0,OUT_16979
0,0,0,OUT_16980
0,0,0,OUT_16981
0,0,0,OUT_16982
0,0,0,OUT_16983
0,0,0,OUT_16984
0,0,0,OUT_16985
0,0,0,OUT_16986
0,0,0,OUT_16987
0,0,0,OUT_16988
0,0,0,OUT_16989
0,0,0,OUT_16990
0,0,0,OUT_16991
0,0,0,OUT_16992
0,0,0,OUT_16993
0,0,0,OUT_16994
0,0,0,OUT_16995
0,0,0,OUT_16996
0,0,0,OUT_16997
1,0,0,OUT_16998
0,0,0,OUT_16999
0,0,0,OUT_17000
0,0,0,OUT_17001
0,0,0,OUT_17002
0,0,0,OUT_17003
0,0,0,OUT_17004
0,0,0,OUT_17005
0,0,0,OUT_17006
0,0,0,OUT_17007
0,0,0,OUT_17008
0,0,0,OUT_17009
0,0,0,OUT_17010
0,0,0,OUT_17011
0,0,1,OUT_17012
0,0,0,OUT_17013
0,0,0,OUT_17014
0,0,0,OUT_17015
0,0,0,OUT_17016
0,0,0,OUT_17017
0,0,0,OUT_17018
0,0,0,OUT_17019
0,0,0,OUT_17020
0,0,0,OUT_17021
0,0,1,OUT_17022
0,0,0,OUT_17023
0,0,0,OUT_17024
0,0,0,OUT_17025
0,0,0,OUT_17026
0,0,0,OUT_17027
0,0,0,OUT_17028
0,0,0,OUT_17029
0,0,0,OUT_17030
0,0,0,OUT_17031
0,0,0,OUT_17032
0,0,0,OUT_17033
0,0,0,OUT_17034
0,0,0,OUT_17035
0,0,0,OUT_17036
0,0,0,OUT_17037
0,0,0,OUT_17038
0,0,0,OUT_17039
0,0,0,OUT_17040
0,0,0,OUT_17041
0,0,0,OUT_17042
1,0,4,OUT_17043
0,0,0,OUT_17044
0,0,0,OUT_17045
0,0,0,OUT_17046
0,0,1,OUT_17047
0,0,0,OUT_17048
0,0,0,OUT_17049
1,0,3,OUT_17050
0,0,0,OUT_17051
0,0,0,OUT_17052
0,0,0,OUT_17053
0,0,0,OUT_17054
0,0,0,OUT_17055
0,0,0,OUT_17056
1,0,0,OUT_17057
1,0,8,OUT_17058
0,0,0,OUT_17059
0,0,5,OUT_17060
4,3,3,OUT_17061
0,0,0,OUT_17062
0,0,0,OUT_17063
0,0,0,OUT_17064
0,0,0,OUT_17065
0,0,0,OUT_17066
0,0,0,OUT_17067
0,0,0,OUT_17068
0,0,0,OUT_17069
0,0,2,OUT_17070
0,0,0,OUT_17071
0,0,0,OUT_17072
0,0,0,OUT_17073
0,0,0,OUT_17074
0,0,0,OUT_17075
0,0,0,OUT_17076
0,0,0,OUT_17077
0,0,0,OUT_17078
0,0,0,OUT_17079
0,0,0,OUT_17080
0,0,0,OUT_17081
0,0,0,OUT_17082
0,0,0,OUT_17083
0,0,0,OUT_17084
0,0,0,OUT_17085
0,1,0,OUT_17086
0,0,0,OUT_17087
0,0,3,OUT_17088
0,0,0,OUT_17089
0,0,0,OUT_17090
0,0,0,OUT_17091
0,0,0,OUT_17092
3,0,2,OUT_17093
1,0,0,OUT_17094
0,0,0,OUT_17095
0,0,0,OUT_17096
0,0,0,OUT_17097
0,0,0,OUT_17098
0,0,0,OUT_17099
0,0,0,OUT_17100
0,0,0,OUT_17101
0,0,0,OUT_17102
0,0,0,OUT_17103
0,0,0,OUT_17104
0,0,0,OUT_17105
0,0,0,OUT_17106
0,0,0,OUT_17107
3,0,5,OUT_17108
0,0,0,OUT_17109
0,0,0,OUT_17110
0,0,0,OUT_17111
0,0,0,OUT_17112
0,0,0,OUT_17113
0,0,0,OUT_17114
0,0,0,OUT_17115
0,0,0,OUT_17116
4,0,1,OUT_17117
6,3,8,OUT_17118
0,0,0,OUT_17119
0,0,0,OUT_17120
0,0,0,OUT_17121
0,0,0,OUT_17122
0,0,0,OUT_17123
0,0,0,OUT_17124
0,0,1,OUT_17125
0,0,0,OUT_17126
0,0,3,OUT_17127
0,0,0,OUT_17128
0,0,0,OUT_17129
0,0,0,OUT_17130
0,1,3,OUT_17131
0,0,0,OUT_17132
0,0,0,OUT_17133
0,0,0,OUT_17134
0,0,0,OUT_17135
1,0,0,OUT_17136
0,0,0,OUT_17137
0,0,0,OUT_17138
0,0,0,OUT_17139
0,0,0,OUT_17140
2,0,1,OUT_17141
0,0,0,OUT_17142
0,0,0,OUT_17143
0,0,0,OUT_17144
0,0,0,OUT_17145
0,0,0,OUT_17146
0,0,0,OUT_17147
0,0,0,OUT_17148
1,0,0,OUT_17149
1,0,0,OUT_17150
0,0,0,OUT_17151
0,0,0,OUT_17152
0,0,0,OUT_17153
0,0,0,OUT_17154
0,0,0,OUT_17155
0,0,0,OUT_17156
0,0,0,OUT_17157
0,0,0,OUT_17158
0,0,0,OUT_17159
0,0,0,OUT_17160
0,0,0,OUT_17161
0,0,0,OUT_17162
0,0,3,OUT_17163
0,0,0,OUT_17164
0,0,0,OUT_17165
0,0,0,OUT_17166
0,0,0,OUT_17167
1,2,6,OUT_17168
1,0,0,OUT_17169
0,0,0,OUT_17170
0,0,0,OUT_17171
0,0,0,OUT_17172
0,0,0,OUT_17173
0,0,0,OUT_17174
0,0,0,OUT_17175
0,0,0,OUT_17176
0,0,0,OUT_17177
0,0,0,OUT_17178
0,0,0,OUT_17179
0,0,0,OUT_17180
0,0,0,OUT_17181
0,0,0,OUT_17182
0,0,0,OUT_17183
0,0,0,OUT_17184
0,0,0,OUT_17185
0,0,0,OUT_17186
0,0,0,OUT_17187
0,0,0,OUT_17188
0,0,0,OUT_17189
0,0,0,OUT_17190
0,0,0,OUT_17191
0,0,0,OUT_17192
0,0,0,OUT_17193
0,0,0,OUT_17194
0,0,0,OUT_17195
0,0,3,OUT_17196
0,0,0,OUT_17197
0,0,0,OUT_17198
0,0,0,OUT_17199
0,0,0,OUT_17200
1,0,0,OUT_17201
0,0,0,OUT_17202
0,0,0,OUT_17203
0,0,0,OUT_17204
0,0,0,OUT_17205
0,1,0,OUT_17206
0,0,0,OUT_17207
0,0,0,OUT_17208
0,0,2,OUT_17209
0,0,0,OUT_17210
0,0,0,OUT_17211
0,0,0,OUT_17212
0,0,0,OUT_17213
0,0,0,OUT_17214
0,0,0,OUT_17215
0,0,0,OUT_17216
0,0,0,OUT_17217
0,0,0,OUT_17218
0,0,0,OUT_17219
0,0,0,OUT_17220
0,0,0,OUT_17221
0,0,0,OUT_17222
0,0,0,OUT_17223
0,0,0,OUT_17224
0,0,0,OUT_17225
0,0,0,OUT_17226
1,0,0,OUT_17227
0,0,0,OUT_17228
1,0,0,OUT_17229
0,0,0,OUT_17230
0,0,0,OUT_17231
0,0,0,OUT_17232
1,0,0,OUT_17233
0,0,0,OUT_17234
0,0,0,OUT_17235
0,0,0,OUT_17236
0,0,0,OUT_17237
0,0,0,OUT_17238
0,0,0,OUT_17239
0,0,0,OUT_17240
0,1,1,OUT_17241
0,0,0,OUT_17242
0,0,0,OUT_17243
0,0,0,OUT_17244
0,0,0,OUT_17245
0,0,0,OUT_17246
0,0,0,OUT_17247
0,0,0,OUT_17248
0,0,0,OUT_17249
0,0,0,OUT_17250
0,0,0,OUT_17251
1,0,0,OUT_17252
1,0,0,OUT_17253
0,0,0,OUT_17254
0,0,0,OUT_17255
0,0,2,OUT_17256
1,0,1,OUT_17257
0,0,0,OUT_17258
0,0,0,OUT_17259
0,0,0,OUT_17260
0,0,0,OUT_17261
1,0,0,OUT_17262
0,0,0,OUT_17263
3,0,1,OUT_17264
0,0,0,OUT_17265
0,0,0,OUT_17266
1,0,0,OUT_17267
0,0,0,OUT_17268
0,0,0,OUT_17269
0,0,0,OUT_17270
0,0,0,OUT_17271
0,0,0,OUT_17272
0,0,0,OUT_17273
1,0,0,OUT_17274
0,0,0,OUT_17275
0,0,0,OUT_17276
0,0,0,OUT_17277
0,0,0,OUT_17278
4,3,3,OUT_17279
0,0,0,OUT_17280
0,0,0,OUT_17281
0,0,0,OUT_17282
0,1,1,OUT_17283
2,0,0,OUT_17284
0,0,0,OUT_17285
0,0,0,OUT_17286
0,0,1,OUT_17287
0,0,0,OUT_17288
0,0,0,OUT_17289
0,0,0,OUT_17290
0,0,0,OUT_17291
0,0,0,OUT_17292
0,0,0,OUT_17293
0,0,0,OUT_17294
0,0,0,OUT_17295
0,0,0,OUT_17296
0,0,0,OUT_17297
0,0,0,OUT_17298
0,0,0,OUT_17299
0,0,0,OUT_17300
0,0,0,OUT_17301
0,0,0,OUT_17302
0,0,0,OUT_17303
1,0,0,OUT_17304
0,0,0,OUT_17305
0,0,0,OUT_17306
1,0,0,OUT_17307
0,0,0,OUT_17308
0,0,0,OUT_17309
0,0,0,OUT_17310
3,0,0,OUT_17311
0,0,0,OUT_17312
0,0,0,OUT_17313
0,0,0,OUT_17314
0,0,0,OUT_17315
0,0,0,OUT_17316
0,0,0,OUT_17317
1,0,0,OUT_17318
0,0,0,OUT_17319
0,0,0,OUT_17320
0,0,0,OUT_17321
0,0,0,OUT_17322
0,0,0,OUT_17323
1,0,0,OUT_17324
0,0,0,OUT_17325
0,0,0,OUT_17326
0,0,0,OUT_17327
0,1,1,OUT_17328
0,0,0,OUT_17329
0,0,0,OUT_17330
0,0,0,OUT_17331
0,0,0,OUT_17332
0,0,0,OUT_17333
0,0,0,OUT_17334
0,0,0,OUT_17335
0,0,0,OUT_17336
0,0,0,OUT_17337
0,0,0,OUT_17338
0,0,0,OUT_17339
0,0,0,OUT_17340
0,0,0,OUT_17341
0,0,0,OUT_17342
0,0,0,OUT_17343
0,0,0,OUT_17344
0,0,0,OUT_17345
0,0,1,OUT_17346
1,1,2,OUT_17347
0,1,1,OUT_17348
0,0,0,OUT_17349
0,0,0,OUT_17350
0,0,0,OUT_17351
0,0,0,OUT_17352
0,0,0,OUT_17353
0,0,0,OUT_17354
0,0,0,OUT_17355
0,0,0,OUT_17356
0,0,0,OUT_17357
0,0,0,OUT_17358
0,0,0,OUT_17359
0,0,0,OUT_17360
0,0,0,OUT_17361
0,0,0,OUT_17362
0,0,1,OUT_17363
1,0,0,OUT_17364
0,0,0,OUT_17365
7,2,7,OUT_17366
0,0,0,OUT_17367
0,0,0,OUT_17368
0,0,0,OUT_17369
0,0,0,OUT_17370
0,0,0,OUT_17371
0,0,0,OUT_17372
0,0,0,OUT_17373
1,0,0,OUT_17374
0,0,0,OUT_17375
0,0,0,OUT_17376
0,0,0,OUT_17377
0,0,0,OUT_17378
0,0,0,OUT_17379
0,0,0,OUT_17380
0,0,0,OUT_17381
0,0,0,OUT_17382
0,0,0,OUT_17383
0,0,0,OUT_17384
0,0,0,OUT_17385
1,0,2,OUT_17386
0,0,0,OUT_17387
0,0,2,OUT_17388
0,0,0,OUT_17389
0,0,0,OUT_17390
0,0,0,OUT_17391
0,0,0,OUT_17392
0,0,0,OUT_17393
1,0,0,OUT_17394
0,0,0,OUT_17395
0,0,0,OUT_17396
0,0,0,OUT_17397
0,0,0,OUT_17398
0,0,0,OUT_17399
0,0,0,OUT_17400
0,0,0,OUT_17401
1,0,0,OUT_17402
0,0,0,OUT_17403
0,0,0,OUT_17404
0,0,0,OUT_17405
0,0,0,OUT_17406
2,0,0,OUT_17407
0,0,0,OUT_17408
0,0,0,OUT_17409
0,0,0,OUT_17410
0,0,0,OUT_17411
0,0,0,OUT_17412
0,0,0,OUT_17413
0,0,0,OUT_17414
0,0,0,OUT_17415
0,0,0,OUT_17416
0,0,0,OUT_17417
0,0,0,OUT_17418
0,0,0,OUT_17419
0,0,0,OUT_17420
0,0,0,OUT_17421
0,0,0,OUT_17422
0,0,0,OUT_17423
0,0,0,OUT_17424
0,0,0,OUT_17425
0,0,0,OUT_17426
0,0,0,OUT_17427
0,0,0,OUT_17428
0,0,0,OUT_17429
0,0,0,OUT_17430
0,0,0,OUT_17431
1,0,2,OUT_17432
0,0,0,OUT_17433
1,0,0,OUT_17434
0,0,0,OUT_17435
0,0,0,OUT_17436
0,0,0,OUT_17437
0,0,0,OUT_17438
0,0,0,OUT_17439
0,0,0,OUT_17440
0,0,0,OUT_17441
0,0,0,OUT_17442
0,0,0,OUT_17443
0,0,0,OUT_17444
0,0,0,OUT_17445
0,0,0,OUT_17446
0,0,0,OUT_17447
0,0,0,OUT_17448
0,0,0,OUT_17449
0,0,0,OUT_17450
0,0,0,OUT_17451
0,0,0,OUT_17452
0,0,0,OUT_17453
0,0,0,OUT_17454
0,0,0,OUT_17455
0,0,0,OUT_17456
0,0,0,OUT_17457
0,0,0,OUT_17458
3,0,1,OUT_17459
0,0,0,OUT_17460
0,0,0,OUT_17461
0,0,0,OUT_17462
0,0,0,OUT_17463
0,0,0,OUT_17464
0,0,0,OUT_17465
1,1,7,OUT_17466
2,0,0,OUT_17467
1,0,0,OUT_17468
0,0,0,OUT_17469
0,0,0,OUT_17470
0,0,0,OUT_17471
0,0,0,OUT_17472
0,0,0,OUT_17473
0,0,0,OUT_17474
0,0,0,OUT_17475
0,0,0,OUT_17476
0,0,0,OUT_17477
1,0,0,OUT_17478
0,0,0,OUT_17479
0,0,0,OUT_17480
0,0,0,OUT_17481
0,0,0,OUT_17482
0,0,0,OUT_17483
1,0,6,OUT_17484
0,0,0,OUT_17485
2,0,2,OUT_17486
0,0,0,OUT_17487
0,0,0,OUT_17488
0,0,0,OUT_17489
0,0,0,OUT_17490
1,0,4,OUT_17491
0,0,3,OUT_17492
1,0,2,OUT_17493
0,0,0,OUT_17494
0,0,0,OUT_17495
0,1,0,OUT_17496
0,0,0,OUT_17497
1,0,0,OUT_17498
0,0,0,OUT_17499
0,0,0,OUT_17500
0,0,0,OUT_17501
0,0,0,OUT_17502
0,0,0,OUT_17503
0,0,0,OUT_17504
0,0,0,OUT_17505
1,1,0,OUT_17506
0,0,1,OUT_17507
0,0,0,OUT_17508
0,0,0,OUT_17509
0,0,0,OUT_17510
0,0,0,OUT_17511
0,0,0,OUT_17512
0,0,0,OUT_17513
0,0,0,OUT_17514
3,0,2,OUT_17515
0,0,0,OUT_17516
0,0,0,OUT_17517
0,0,1,OUT_17518
0,0,0,OUT_17519
0,1,3,OUT_17520
0,0,0,OUT_17521
0,0,0,OUT_17522
0,0,0,OUT_17523
0,0,0,OUT_17524
0,0,6,OUT_17525
0,0,0,OUT_17526
0,0,0,OUT_17527
0,0,0,OUT_17528
0,0,0,OUT_17529
0,0,0,OUT_17530
0,0,0,OUT_17531
1,0,0,OUT_17532
0,0,0,OUT_17533
0,0,0,OUT_17534
0,0,0,OUT_17535
2,0,0,OUT_17536
0,0,0,OUT_17537
0,0,1,OUT_17538
0,0,0,OUT_17539
1,0,0,OUT_17540
0,0,0,OUT_17541
0,0,0,OUT_17542
1,0,0,OUT_17543
0,0,0,OUT_17544
0,0,0,OUT_17545
0,0,0,OUT_17546
0,0,0,OUT_17547
0,0,0,OUT_17548
0,0,0,OUT_17549
0,0,0,OUT_17550
0,0,0,OUT_17551
0,0,0,OUT_17552
0,0,0,OUT_17553
0,0,0,OUT_17554
0,0,0,OUT_17555
0,0,0,OUT_17556
0,0,0,OUT_17557
1,0,0,OUT_17558
0,0,0,OUT_17559
0,0,0,OUT_17560
0,0,0,OUT_17561
0,0,0,OUT_17562
0,0,0,OUT_17563
1,0,0,OUT_17564
0,0,0,OUT_17565
0,0,0,OUT_17566
0,0,0,OUT_17567
0,0,0,OUT_17568
0,0,0,OUT_17569
1,0,0,OUT_17570
0,0,0,OUT_17571
0,0,2,OUT_17572
0,0,0,OUT_17573
0,0,1,OUT_17574
0,0,0,OUT_17575
0,0,0,OUT_17576
0,0,0,OUT_17577
0,0,0,OUT_17578
0,0,0,OUT_17579
0,0,0,OUT_17580
1,0,0,OUT_17581
0,0,0,OUT_17582
0,0,0,OUT_17583
0,0,0,OUT_17584
0,0,0,OUT_17585
0,0,0,OUT_17586
0,0,0,OUT_17587
0,0,0,OUT_17588
0,0,0,OUT_17589
0,0,0,OUT_17590
0,0,0,OUT_17591
0,0,0,OUT_17592
1,0,0,OUT_17593
0,0,0,OUT_17594
0,0,0,OUT_17595
1,0,0,OUT_17596
0,0,0,OUT_17597
0,0,0,OUT_17598
0,0,0,OUT_17599
0,0,0,OUT_17600
2,0,2,OUT_17601
0,0,0,OUT_17602
0,0,0,OUT_17603
1,0,0,OUT_17604
0,0,0,OUT_17605
0,1,0,OUT_17606
0,0,0,OUT_17607
0,0,0,OUT_17608
1,0,0,OUT_17609
0,0,0,OUT_17610
0,0,0,OUT_17611
0,0,0,OUT_17612
0,0,0,OUT_17613
0,0,0,OUT_17614
0,0,0,OUT_17615
0,0,0,OUT_17616
0,0,0,OUT_17617
0,0,0,OUT_17618
0,0,1,OUT_17619
0,0,0,OUT_17620
3,0,0,OUT_17621
0,0,0,OUT_17622
0,0,0,OUT_17623
0,0,0,OUT_17624
0,0,0,OUT_17625
0,0,0,OUT_17626
0,0,0,OUT_17627
0,0,0,OUT_17628
0,0,0,OUT_17629
0,0,0,OUT_17630
0,0,0,OUT_17631
0,0,0,OUT_17632
1,0,0,OUT_17633
0,0,0,OUT_17634
0,0,0,OUT_17635
0,0,0,OUT_17636
0,0,0,OUT_17637
0,0,0,OUT_17638
0,0,0,OUT_17639
0,0,0,OUT_17640
0,1,0,OUT_17641
0,0,0,OUT_17642
0,0,2,OUT_17643
0,0,2,OUT_17644
0,0,0,OUT_17645
0,0,0,OUT_17646
0,0,0,OUT_17647
0,0,0,OUT_17648
0,0,0,OUT_17649
0,0,0,OUT_17650
0,0,0,OUT_17651
0,0,0,OUT_17652
0,0,0,OUT_17653
0,0,0,OUT_17654
0,0,0,OUT_17655
0,0,0,OUT_17656
0,0,0,OUT_17657
0,0,0,OUT_17658
3,0,3,OUT_17659
0,0,0,OUT_17660
0,0,0,OUT_17661
0,0,0,OUT_17662
0,0,0,OUT_17663
0,0,0,OUT_17664
0,0,0,OUT_17665
0,0,0,OUT_17666
0,0,0,OUT_17667
0,0,0,OUT_17668
0,0,0,OUT_17669
0,0,0,OUT_17670
0,0,1,OUT_17671
1,0,0,OUT_17672
0,0,0,OUT_17673
0,0,0,OUT_17674
0,0,1,OUT_17675
0,0,0,OUT_17676
0,0,0,OUT_17677
0,0,0,OUT_17678
0,0,0,OUT_17679
0,0,0,OUT_17680
0,0,0,OUT_17681
0,0,1,OUT_17682
0,0,0,OUT_17683
0,0,0,OUT_17684
0,0,0,OUT_17685
0,0,0,OUT_17686
0,0,0,OUT_17687
0,0,0,OUT_17688
0,0,0,OUT_17689
0,0,0,OUT_17690
0,0,0,OUT_17691
1,0,0,OUT_17692
0,0,0,OUT_17693
2,0,0,OUT_17694
0,0,0,OUT_17695
0,0,0,OUT_17696
0,0,0,OUT_17697
0,0,0,OUT_17698
0,0,0,OUT_17699
0,0,0,OUT_17700
0,0,0,OUT_17701
0,0,0,OUT_17702
0,0,0,OUT_17703
0,0,0,OUT_17704
0,0,0,OUT_17705
0,0,0,OUT_17706
0,0,4,OUT_17707
0,0,0,OUT_17708
0,0,0,OUT_17709
0,0,0,OUT_17710
0,0,0,OUT_17711
0,0,0,OUT_17712
0,0,0,OUT_17713
1,0,0,OUT_17714
1,0,0,OUT_17715
0,0,0,OUT_17716
0,0,0,OUT_17717
0,0,0,OUT_17718
0,0,0,OUT_17719
0,0,0,OUT_17720
0,0,0,OUT_17721
0,0,0,OUT_17722
0,0,0,OUT_17723
1,0,0,OUT_17724
0,0,0,OUT_17725
0,0,0,OUT_17726
0,0,0,OUT_17727
0,0,0,OUT_17728
0,0,0,OUT_17729
0,0,0,OUT_17730
0,0,0,OUT_17731
0,0,0,OUT_17732
1,0,0,OUT_17733
0,0,0,OUT_17734
0,0,4,OUT_17735
0,0,0,OUT_17736
0,0,0,OUT_17737
0,0,0,OUT_17738
0,0,0,OUT_17739
0,0,0,OUT_17740
0,0,0,OUT_17741
1,0,0,OUT_17742
0,0,0,OUT_17743
0,0,0,OUT_17744
0,0,0,OUT_17745
1,0,0,OUT_17746
0,0,1,OUT_17747
0,0,0,OUT_17748
0,0,0,OUT_17749
0,0,0,OUT_17750
0,0,0,OUT_17751
0,0,0,OUT_17752
0,0,0,OUT_17753
0,0,0,OUT_17754
0,0,0,OUT_17755
0,0,0,OUT_17756
0,0,0,OUT_17757
0,0,0,OUT_17758
0,0,0,OUT_17759
0,0,2,OUT_17760
0,0,0,OUT_17761
0,0,0,OUT_17762
0,0,0,OUT_17763
0,0,0,OUT_17764
0,0,0,OUT_17765
0,0,0,OUT_17766
1,0,0,OUT_17767
0,0,0,OUT_17768
0,0,0,OUT_17769
0,0,6,OUT_17770
0,0,0,OUT_17771
0,0,0,OUT_17772
0,0,0,OUT_17773
0,1,3,OUT_17774
0,0,4,OUT_17775
0,0,0,OUT_17776
2,1,10,OUT_17777
0,0,0,OUT_17778
0,0,0,OUT_17779
0,0,1,OUT_17780
0,0,0,OUT_17781
0,0,0,OUT_17782
0,0,0,OUT_17783
0,0,0,OUT_17784
0,0,0,OUT_17785
0,0,0,OUT_17786
0,0,0,OUT_17787
0,0,0,OUT_17788
1,0,4,OUT_17789
0,0,0,OUT_17790
0,0,0,OUT_17791
0,0,0,OUT_17792
0,0,0,OUT_17793
0,0,0,OUT_17794
0,0,0,OUT_17795
0,0,0,OUT_17796
0,0,0,OUT_17797
0,0,0,OUT_17798
0,0,1,OUT_17799
0,0,0,OUT_17800
0,0,0,OUT_17801
0,0,0,OUT_17802
0,0,0,OUT_17803
0,0,4,OUT_17804
1,0,0,OUT_17805
0,0,0,OUT_17806
0,0,0,OUT_17807
0,0,0,OUT_17808
0,0,0,OUT_17809
0,0,0,OUT_17810
0,0,0,OUT_17811
0,0,0,OUT_17812
0,0,0,OUT_17813
0,0,0,OUT_17814
0,0,0,OUT_17815
0,0,0,OUT_17816
0,0,0,OUT_17817
0,0,0,OUT_17818
0,0,0,OUT_17819
0,0,0,OUT_17820
0,0,0,OUT_17821
0,0,0,OUT_17822
0,0,0,OUT_17823
0,0,0,OUT_17824
0,0,0,OUT_17825
0,0,0,OUT_17826
1,0,0,OUT_17827
0,0,0,OUT_17828
0,0,0,OUT_17829
0,0,0,OUT_17830
0,0,0,OUT_17831
0,0,0,OUT_17832
0,0,0,OUT_17833
0,0,0,OUT_17834
1,0,0,OUT_17835
0,0,0,OUT_17836
0,0,0,OUT_17837
0,0,0,OUT_17838
0,0,0,OUT_17839
0,0,2,OUT_17840
0,0,0,OUT_17841
1,0,0,OUT_17842
0,0,0,OUT_17843
0,0,0,OUT_17844
0,0,0,OUT_17845
0,0,0,OUT_17846
0,0,0,OUT_17847
0,0,0,OUT_17848
0,0,0,OUT_17849
0,0,0,OUT_17850
0,0,2,OUT_17851
7,1,5,OUT_17852
1,0,0,OUT_17853
0,0,0,OUT_17854
0,0,0,OUT_17855
0,0,0,OUT_17856
0,0,3,OUT_17857
0,0,0,OUT_17858
0,0,0,OUT_17859
0,0,0,OUT_17860
0,0,0,OUT_17861
0,0,0,OUT_17862
0,0,0,OUT_17863
0,0,4,OUT_17864
0,0,0,OUT_17865
0,0,0,OUT_17866
0,0,0,OUT_17867
0,0,0,OUT_17868
1,0,0,OUT_17869
0,0,0,OUT_17870
0,0,0,OUT_17871
1,0,4,OUT_17872
0,0,0,OUT_17873
0,0,0,OUT_17874
0,0,0,OUT_17875
0,0,0,OUT_17876
0,0,0,OUT_17877
0,0,0,OUT_17878
1,0,1,OUT_17879
0,0,0,OUT_17880
0,0,0,OUT_17881
1,0,0,OUT_17882
0,0,0,OUT_17883
0,0,0,OUT_17884
1,0,1,OUT_17885
0,0,0,OUT_17886
0,0,0,OUT_17887
0,0,0,OUT_17888
0,0,0,OUT_17889
0,0,0,OUT_17890
0,0,0,OUT_17891
0,0,0,OUT_17892
1,0,0,OUT_17893
0,0,0,OUT_17894
0,0,0,OUT_17895
0,0,0,OUT_17896
1,0,0,OUT_17897
0,1,1,OUT_17898
0,0,0,OUT_17899
0,0,0,OUT_17900
0,0,0,OUT_17901
0,0,0,OUT_17902
0,0,0,OUT_17903
1,0,0,OUT_17904
0,0,0,OUT_17905
0,0,0,OUT_17906
0,0,0,OUT_17907
0,0,0,OUT_17908
0,0,0,OUT_17909
0,0,0,OUT_17910
1,3,0,OUT_17911
0,0,10,OUT_17912
0,0,0,OUT_17913
0,0,0,OUT_17914
0,0,0,OUT_17915
0,0,0,OUT_17916
0,0,0,OUT_17917
0,0,0,OUT_17918
0,0,0,OUT_17919
1,0,0,OUT_17920
0,0,0,OUT_17921
0,0,0,OUT_17922
0,0,0,OUT_17923
0,0,0,OUT_17924
0,0,0,OUT_17925
0,0,0,OUT_17926
0,0,0,OUT_17927
0,0,0,OUT_17928
0,0,0,OUT_17929
0,0,0,OUT_17930
0,1,2,OUT_17931
0,0,0,OUT_17932
0,0,0,OUT_17933
0,0,0,OUT_17934
0,0,0,OUT_17935
0,0,0,OUT_17936
0,0,0,OUT_17937
0,0,0,OUT_17938
0,0,0,OUT_17939
0,0,0,OUT_17940
1,0,4,OUT_17941
0,0,0,OUT_17942
1,0,0,OUT_17943
0,0,0,OUT_17944
0,0,0,OUT_17945
0,0,0,OUT_17946
0,0,0,OUT_17947
0,0,0,OUT_17948
0,0,0,OUT_17949
0,0,0,OUT_17950
0,0,0,OUT_17951
0,0,0,OUT_17952
0,0,0,OUT_17953
0,0,0,OUT_17954
0,0,0,OUT_17955
0,0,0,OUT_17956
0,0,0,OUT_17957
0,0,0,OUT_17958
0,0,0,OUT_17959
0,0,0,OUT_17960
0,0,3,OUT_17961
0,0,1,OUT_17962
0,0,0,OUT_17963
0,0,1,OUT_17964
0,0,0,OUT_17965
0,0,0,OUT_17966
0,0,0,OUT_17967
0,0,0,OUT_17968
0,0,0,OUT_17969
0,0,0,OUT_17970
0,0,0,OUT_17971
0,0,0,OUT_17972
0,0,0,OUT_17973
0,0,0,OUT_17974
0,0,0,OUT_17975
0,0,0,OUT_17976
1,0,0,OUT_17977
1,0,0,OUT_17978
0,0,0,OUT_17979
1,0,0,OUT_17980
0,0,0,OUT_17981
0,0,0,OUT_17982
0,0,0,OUT_17983
0,0,0,OUT_17984
0,0,0,OUT_17985
0,0,0,OUT_17986
0,0,0,OUT_17987
0,0,0,OUT_17988
0,0,0,OUT_17989
0,0,0,OUT_17990
0,0,1,OUT_17991
0,0,0,OUT_17992
0,0,0,OUT_17993
0,0,0,OUT_17994
0,0,0,OUT_17995
0,0,0,OUT_17996
0,0,0,OUT_17997
0,0,0,OUT_17998
0,0,0,OUT_17999
0,0,0,OUT_18000
0,0,0,OUT_18001
0,0,0,OUT_18002
0,0,0,OUT_18003
0,0,0,OUT_18004
0,0,1,OUT_18005
0,0,0,OUT_18006
0,0,0,OUT_18007
0,0,0,OUT_18008
0,0,0,OUT_18009
0,1,3,OUT_18010
0,0,0,OUT_18011
0,0,0,OUT_18012
0,0,0,OUT_18013
0,0,0,OUT_18014
0,0,0,OUT_18015
0,0,0,OUT_18016
0,0,0,OUT_18017
0,0,0,OUT_18018
0,0,0,OUT_18019
0,0,0,OUT_18020
0,0,0,OUT_18021
1,0,1,OUT_18022
0,0,0,OUT_18023
0,0,0,OUT_18024
0,0,0,OUT_18025
0,0,0,OUT_18026
0,0,0,OUT_18027
0,0,0,OUT_18028
0,0,0,OUT_18029
1,0,0,OUT_18030
0,0,0,OUT_18031
0,0,0,OUT_18032
0,0,0,OUT_18033
0,0,0,OUT_18034
0,0,8,OUT_18035
0,0,0,OUT_18036
0,0,0,OUT_18037
1,0,0,OUT_18038
0,0,0,OUT_18039
0,0,0,OUT_18040
0,0,0,OUT_18041
0,0,0,OUT_18042
0,0,0,OUT_18043
0,0,0,OUT_18044
1,1,1,OUT_18045
0,0,0,OUT_18046
0,0,1,OUT_18047
1,0,0,OUT_18048
0,0,2,OUT_18049
0,0,0,OUT_18050
0,0,0,OUT_18051
0,0,0,OUT_18052
0,0,1,OUT_18053
0,0,0,OUT_18054
0,0,0,OUT_18055
0,0,0,OUT_18056
0,0,0,OUT_18057
0,0,0,OUT_18058
0,0,0,OUT_18059
0,0,0,OUT_18060
0,0,0,OUT_18061
0,0,0,OUT_18062
0,0,0,OUT_18063
0,0,0,OUT_18064
0,0,0,OUT_18065
1,0,0,OUT_18066
0,0,1,OUT_18067
0,0,0,OUT_18068
0,0,0,OUT_18069
0,0,0,OUT_18070
0,0,0,OUT_18071
1,0,0,OUT_18072
0,0,0,OUT_18073
0,0,0,OUT_18074
0,0,0,OUT_18075
0,0,0,OUT_18076
0,0,0,OUT_18077
0,0,0,OUT_18078
0,0,1,OUT_18079
0,0,0,OUT_18080
0,0,0,OUT_18081
0,0,0,OUT_18082
0,0,0,OUT_18083
1,0,0,OUT_18084
0,0,0,OUT_18085
0,0,0,OUT_18086
0,0,0,OUT_18087
0,0,0,OUT_18088
0,0,0,OUT_18089
0,0,0,OUT_18090
0,0,0,OUT_18091
1,0,0,OUT_18092
0,0,0,OUT_18093
0,0,0,OUT_18094
0,0,0,OUT_18095
0,0,0,OUT_18096
0,0,0,OUT_18097
0,0,0,OUT_18098
1,0,0,OUT_18099
0,0,0,OUT_18100
1,0,0,OUT_18101
0,0,0,OUT_18102
0,0,0,OUT_18103
1,0,0,OUT_18104
0,0,0,OUT_18105
0,0,0,OUT_18106
0,0,0,OUT_18107
0,0,0,OUT_18108
0,0,0,OUT_18109
0,0,0,OUT_18110
0,0,0,OUT_18111
0,0,0,OUT_18112
0,1,1,OUT_18113
0,0,0,OUT_18114
0,0,0,OUT_18115
0,0,0,OUT_18116
0,0,0,OUT_18117
1,0,0,OUT_18118
3,0,1,OUT_18119
0,0,0,OUT_18120
0,0,0,OUT_18121
0,0,0,OUT_18122
0,0,0,OUT_18123
0,0,0,OUT_18124
1,0,0,OUT_18125
0,0,0,OUT_18126
0,0,0,OUT_18127
0,0,0,OUT_18128
0,0,0,OUT_18129
0,0,0,OUT_18130
0,0,0,OUT_18131
0,0,0,OUT_18132
0,0,0,OUT_18133
0,0,0,OUT_18134
0,0,0,OUT_18135
0,0,0,OUT_18136
0,0,0,OUT_18137
0,0,0,OUT_18138
0,0,0,OUT_18139
0,0,0,OUT_18140
0,0,0,OUT_18141
1,0,0,OUT_18142
0,0,0,OUT_18143
0,0,0,OUT_18144
1,0,0,OUT_18145
0,0,0,OUT_18146
2,0,4,OUT_18147
0,0,0,OUT_18148
0,0,0,OUT_18149
0,0,0,OUT_18150
0,0,0,OUT_18151
0,0,0,OUT_18152
0,0,0,OUT_18153
0,0,0,OUT_18154
1,0,0,OUT_18155
0,0,0,OUT_18156
0,0,0,OUT_18157
0,0,0,OUT_18158
0,0,0,OUT_18159
0,0,0,OUT_18160
0,0,0,OUT_18161
0,0,0,OUT_18162
0,0,0,OUT_18163
0,0,0,OUT_18164
0,0,0,OUT_18165
0,0,0,OUT_18166
1,0,0,OUT_18167
1,0,0,OUT_18168
1,0,2,OUT_18169
1,0,0,OUT_18170
0,0,0,OUT_18171
0,0,0,OUT_18172
0,0,0,OUT_18173
0,0,0,OUT_18174
0,0,0,OUT_18175
1,0,0,OUT_18176
0,0,0,OUT_18177
0,0,0,OUT_18178
0,0,0,OUT_18179
3,0,2,OUT_18180
0,0,0,OUT_18181
0,0,2,OUT_18182
1,0,0,OUT_18183
0,0,0,OUT_18184
0,0,0,OUT_18185
0,0,4,OUT_18186
4,0,0,OUT_18187
0,0,0,OUT_18188
0,0,0,OUT_18189
0,0,0,OUT_18190
0,0,0,OUT_18191
0,0,2,OUT_18192
0,0,0,OUT_18193
0,0,0,OUT_18194
0,0,0,OUT_18195
1,0,4,OUT_18196
0,0,0,OUT_18197
0,0,0,OUT_18198
0,0,0,OUT_18199
0,0,0,OUT_18200
0,0,0,OUT_18201
0,0,0,OUT_18202
0,0,0,OUT_18203
0,0,0,OUT_18204
0,0,0,OUT_18205
0,0,0,OUT_18206
0,0,0,OUT_18207
0,0,0,OUT_18208
1,0,0,OUT_18209
0,0,1,OUT_18210
0,0,0,OUT_18211
0,0,1,OUT_18212
0,0,0,OUT_18213
0,0,0,OUT_18214
0,0,0,OUT_18215
0,0,0,OUT_18216
0,0,0,OUT_18217
1,0,0,OUT_18218
0,0,0,OUT_18219
0,0,0,OUT_18220
0,0,0,OUT_18221
0,0,0,OUT_18222
0,0,1,OUT_18223
0,0,0,OUT_18224
0,0,0,OUT_18225
0,0,0,OUT_18226
0,0,0,OUT_18227
0,0,0,OUT_18228
0,0,0,OUT_18229
0,0,0,OUT_18230
0,0,0,OUT_18231
0,0,0,OUT_18232
0,0,0,OUT_18233
0,0,0,OUT_18234
0,0,0,OUT_18235
0,0,1,OUT_18236
0,0,0,OUT_18237
0,0,0,OUT_18238
0,0,0,OUT_18239
0,0,0,OUT_18240
0,0,0,OUT_18241
0,0,0,OUT_18242
0,0,0,OUT_18243
0,0,0,OUT_18244
0,0,0,OUT_18245
0,0,0,OUT_18246
0,0,3,OUT_18247
1,0,0,OUT_18248
0,0,0,OUT_18249
0,0,0,OUT_18250
0,0,0,OUT_18251
0,0,0,OUT_18252
0,0,0,OUT_18253
0,0,0,OUT_18254
0,0,0,OUT_18255
0,0,0,OUT_18256
0,0,0,OUT_18257
1,0,0,OUT_18258
0,0,0,OUT_18259
6,3,0,OUT_18260
0,0,0,OUT_18261
0,0,0,OUT_18262
0,0,0,OUT_18263
0,0,0,OUT_18264
0,0,0,OUT_18265
0,0,0,OUT_18266
0,0,0,OUT_18267
0,0,0,OUT_18268
0,0,0,OUT_18269
0,0,0,OUT_18270
0,0,0,OUT_18271
0,0,0,OUT_18272
0,0,0,OUT_18273
0,0,0,OUT_18274
0,0,0,OUT_18275
0,0,0,OUT_18276
0,0,0,OUT_18277
0,0,0,OUT_18278
0,0,0,OUT_18279
0,0,1,OUT_18280
0,0,0,OUT_18281
0,0,0,OUT_18282
0,0,0,OUT_18283
0,0,0,OUT_18284
0,0,0,OUT_18285
0,0,0,OUT_18286
0,0,0,OUT_18287
0,0,0,OUT_18288
0,0,0,OUT_18289
0,0,0,OUT_18290
0,0,0,OUT_18291
0,0,0,OUT_18292
0,0,0,OUT_18293
0,0,0,OUT_18294
0,0,0,OUT_18295
2,1,0,OUT_18296
0,0,4,OUT_18297
0,0,0,OUT_18298
0,1,1,OUT_18299
0,0,0,OUT_18300
0,0,0,OUT_18301
0,0,0,OUT_18302
0,0,0,OUT_18303
0,0,4,OUT_18304
0,0,0,OUT_18305
0,0,0,OUT_18306
0,0,0,OUT_18307
0,1,0,OUT_18308
0,0,0,OUT_18309
0,0,1,OUT_18310
0,0,0,OUT_18311
0,0,0,OUT_18312
0,0,0,OUT_18313
0,0,0,OUT_18314
0,0,0,OUT_18315
0,0,4,OUT_18316
0,0,0,OUT_18317
0,0,0,OUT_18318
0,0,0,OUT_18319
0,0,0,OUT_18320
0,0,0,OUT_18321
0,0,0,OUT_18322
0,0,0,OUT_18323
6,3,0,OUT_18324
0,0,0,OUT_18325
0,0,0,OUT_18326
0,0,0,OUT_18327
0,0,0,OUT_18328
0,0,0,OUT_18329
1,0,0,OUT_18330
0,0,0,OUT_18331
0,0,0,OUT_18332
0,0,0,OUT_18333
0,0,0,OUT_18334
0,0,0,OUT_18335
0,0,0,OUT_18336
0,0,0,OUT_18337
0,0,0,OUT_18338
3,0,0,OUT_18339
0,0,0,OUT_18340
0,0,0,OUT_18341
0,0,0,OUT_18342
0,0,0,OUT_18343
1,0,7,OUT_18344
0,0,0,OUT_18345
0,0,0,OUT_18346
0,0,0,OUT_18347
0,0,4,OUT_18348
1,0,0,OUT_18349
0,0,0,OUT_18350
0,0,1,OUT_18351
0,0,0,OUT_18352
0,0,0,OUT_18353
1,0,0,OUT_18354
0,0,0,OUT_18355
0,0,0,OUT_18356
0,0,0,OUT_18357
1,0,0,OUT_18358
0,0,0,OUT_18359
0,0,0,OUT_18360
0,0,0,OUT_18361
0,0,0,OUT_18362
0,0,0,OUT_18363
0,0,0,OUT_18364
0,0,0,OUT_18365
0,0,0,OUT_18366
0,0,0,OUT_18367
0,0,0,OUT_18368
0,0,0,OUT_18369
0,0,0,OUT_18370
0,0,0,OUT_18371
0,0,0,OUT_18372
0,0,0,OUT_18373
0,0,0,OUT_18374
0,0,0,OUT_18375
0,0,0,OUT_18376
0,0,0,OUT_18377
2,0,0,OUT_18378
0,0,0,OUT_18379
0,0,0,OUT_18380
0,0,0,OUT_18381
0,0,0,OUT_18382
0,0,0,OUT_18383
0,0,4,OUT_18384
0,0,0,OUT_18385
0,0,0,OUT_18386
0,0,0,OUT_18387
0,0,0,OUT_18388
0,0,0,OUT_18389
0,0,0,OUT_18390
0,0,0,OUT_18391
0,0,0,OUT_18392
0,0,0,OUT_18393
0,0,0,OUT_18394
2,0,3,OUT_18395
0,0,0,OUT_18396
0,0,0,OUT_18397
0,0,0,OUT_18398
3,0,2,OUT_18399
0,0,0,OUT_18400
0,0,0,OUT_18401
0,0,0,OUT_18402
0,0,0,OUT_18403
0,0,0,OUT_18404
0,0,0,OUT_18405
0,0,0,OUT_18406
0,0,0,OUT_18407
0,0,0,OUT_18408
0,1,0,OUT_18409
0,0,0,OUT_18410
0,0,0,OUT_18411
0,0,0,OUT_18412
0,0,0,OUT_18413
0,0,0,OUT_18414
0,0,0,OUT_18415
0,0,1,OUT_18416
4,4,3,OUT_18417
0,0,0,OUT_18418
0,0,0,OUT_18419
0,0,0,OUT_18420
0,1,0,OUT_18421
0,0,0,OUT_18422
0,0,0,OUT_18423
0,0,0,OUT_18424
0,0,0,OUT_18425
1,0,0,OUT_18426
0,0,0,OUT_18427
0,0,0,OUT_18428
0,0,0,OUT_18429
0,0,0,OUT_18430
0,0,0,OUT_18431
0,0,0,OUT_18432
0,0,0,OUT_18433
0,0,0,OUT_18434
0,0,0,OUT_18435
0,0,0,OUT_18436
0,0,0,OUT_18437
0,0,0,OUT_18438
1,1,3,OUT_18439
0,0,0,OUT_18440
0,1,0,OUT_18441
0,0,0,OUT_18442
0,1,0,OUT_18443
0,0,2,OUT_18444
1,0,0,OUT_18445
0,0,0,OUT_18446
0,0,0,OUT_18447
0,0,3,OUT_18448
0,0,0,OUT_18449
1,0,0,OUT_18450
0,0,0,OUT_18451
0,0,1,OUT_18452
0,0,0,OUT_18453
0,0,0,OUT_18454
1,0,0,OUT_18455
0,0,0,OUT_18456
0,0,0,OUT_18457
0,0,0,OUT_18458
0,0,0,OUT_18459
0,0,0,OUT_18460
0,0,0,OUT_18461
0,0,0,OUT_18462
0,0,0,OUT_18463
0,0,0,OUT_18464
0,0,0,OUT_18465
1,0,3,OUT_18466
0,0,0,OUT_18467
0,0,0,OUT_18468
0,0,0,OUT_18469
0,0,0,OUT_18470
0,0,0,OUT_18471
1,1,0,OUT_18472
0,0,1,OUT_18473
0,0,1,OUT_18474
0,0,0,OUT_18475
1,0,0,OUT_18476
0,0,0,OUT_18477
0,0,0,OUT_18478
1,0,0,OUT_18479
0,0,0,OUT_18480
0,0,0,OUT_18481
1,0,0,OUT_18482
0,0,0,OUT_18483
0,0,0,OUT_18484
0,0,0,OUT_18485
0,0,0,OUT_18486
0,0,0,OUT_18487
0,0,0,OUT_18488
2,0,7,OUT_18489
0,0,0,OUT_18490
0,0,0,OUT_18491
0,0,0,OUT_18492
0,0,0,OUT_18493
0,0,1,OUT_18494
0,0,0,OUT_18495
0,0,0,OUT_18496
0,0,0,OUT_18497
0,0,0,OUT_18498
0,0,0,OUT_18499
0,0,0,OUT_18500
0,0,0,OUT_18501
0,0,0,OUT_18502
0,0,0,OUT_18503
0,0,0,OUT_18504
0,0,0,OUT_18505
1,0,1,OUT_18506
0,0,0,OUT_18507
0,0,0,OUT_18508
0,0,0,OUT_18509
0,0,0,OUT_18510
1,0,0,OUT_18511
0,0,0,OUT_18512
0,0,0,OUT_18513
0,0,0,OUT_18514
0,0,0,OUT_18515
0,0,0,OUT_18516
0,0,0,OUT_18517
0,0,0,OUT_18518
0,0,0,OUT_18519
0,0,0,OUT_18520
0,0,0,OUT_18521
0,0,0,OUT_18522
1,0,0,OUT_18523
0,0,0,OUT_18524
0,0,0,OUT_18525
1,0,0,OUT_18526
0,0,0,OUT_18527
0,0,0,OUT_18528
0,0,0,OUT_18529
0,0,2,OUT_18530
0,0,0,OUT_18531
0,0,0,OUT_18532
0,0,0,OUT_18533
0,0,0,OUT_18534
0,0,0,OUT_18535
0,0,0,OUT_18536
0,0,0,OUT_18537
0,0,0,OUT_18538
0,0,0,OUT_18539
1,0,0,OUT_18540
0,0,0,OUT_18541
0,0,0,OUT_18542
0,0,0,OUT_18543
0,0,0,OUT_18544
1,0,0,OUT_18545
0,0,0,OUT_18546
0,0,0,OUT_18547
0,0,0,OUT_18548
0,0,0,OUT_18549
0,0,0,OUT_18550
0,0,0,OUT_18551
0,0,0,OUT_18552
0,0,0,OUT_18553
0,0,0,OUT_18554
0,0,0,OUT_18555
1,0,1,OUT_18556
0,0,0,OUT_18557
0,0,0,OUT_18558
1,0,0,OUT_18559
0,0,0,OUT_18560
0,0,0,OUT_18561
0,0,0,OUT_18562
0,0,0,OUT_18563
0,0,0,OUT_18564
1,0,0,OUT_18565
0,0,0,OUT_18566
0,0,0,OUT_18567
0,0,0,OUT_18568
0,0,0,OUT_18569
0,0,0,OUT_18570
0,0,0,OUT_18571
0,0,2,OUT_18572
0,0,0,OUT_18573
0,0,0,OUT_18574
0,0,0,OUT_18575
0,0,0,OUT_18576
0,0,0,OUT_18577
0,0,0,OUT_18578
0,0,0,OUT_18579
0,0,0,OUT_18580
0,0,0,OUT_18581
0,0,0,OUT_18582
0,0,0,OUT_18583
0,0,0,OUT_18584
0,0,0,OUT_18585
0,0,0,OUT_18586
0,0,0,OUT_18587
0,0,0,OUT_18588
0,0,0,OUT_18589
0,0,0,OUT_18590
0,0,0,OUT_18591
1,0,0,OUT_18592
0,0,0,OUT_18593
0,0,0,OUT_18594
0,0,0,OUT_18595
0,0,0,OUT_18596
0,0,0,OUT_18597
0,0,0,OUT_18598
6,1,8,OUT_18599
0,0,0,OUT_18600
0,0,0,OUT_18601
0,0,0,OUT_18602
0,0,0,OUT_18603
0,0,0,OUT_18604
1,1,0,OUT_18605
4,1,2,OUT_18606
0,0,0,OUT_18607
0,0,0,OUT_18608
0,0,0,OUT_18609
0,0,0,OUT_18610
0,0,0,OUT_18611
0,0,0,OUT_18612
0,0,0,OUT_18613
0,0,0,OUT_18614
0,0,0,OUT_18615
0,0,0,OUT_18616
0,0,0,OUT_18617
0,0,0,OUT_18618
0,0,0,OUT_18619
0,0,0,OUT_18620
0,0,0,OUT_18621
0,0,0,OUT_18622
1,0,1,OUT_18623
0,0,0,OUT_18624
0,0,0,OUT_18625
0,0,0,OUT_18626
0,0,0,OUT_18627
1,0,0,OUT_18628
0,0,0,OUT_18629
0,0,0,OUT_18630
0,0,0,OUT_18631
0,0,0,OUT_18632
1,0,0,OUT_18633
0,0,0,OUT_18634
0,0,0,OUT_18635
0,0,0,OUT_18636
0,0,0,OUT_18637
0,0,0,OUT_18638
0,0,0,OUT_18639
0,0,0,OUT_18640
0,0,0,OUT_18641
0,0,0,OUT_18642
0,0,0,OUT_18643
0,0,0,OUT_18644
0,0,0,OUT_18645
0,0,0,OUT_18646
1,0,0,OUT_18647
0,0,0,OUT_18648
0,0,0,OUT_18649
0,0,0,OUT_18650
1,0,0,OUT_18651
0,0,0,OUT_18652
0,0,1,OUT_18653
0,0,0,OUT_18654
1,0,2,OUT_18655
0,0,0,OUT_18656
0,0,0,OUT_18657
0,0,0,OUT_18658
0,0,0,OUT_18659
1,0,0,OUT_18660
0,0,8,OUT_18661
0,0,0,OUT_18662
0,0,0,OUT_18663
0,0,0,OUT_18664
1,0,1,OUT_18665
0,0,0,OUT_18666
0,0,0,OUT_18667
0,0,1,OUT_18668
1,0,0,OUT_18669
0,0,0,OUT_18670
0,0,0,OUT_18671
0,0,0,OUT_18672
0,0,0,OUT_18673
0,0,2,OUT_18674
0,0,0,OUT_18675
0,0,0,OUT_18676
1,0,0,OUT_18677
0,0,0,OUT_18678
0,0,0,OUT_18679
0,0,1,OUT_18680
1,0,0,OUT_18681
0,0,0,OUT_18682
0,0,0,OUT_18683
1,0,0,OUT_18684
0,0,0,OUT_18685
0,0,0,OUT_18686
0,0,0,OUT_18687
0,0,1,OUT_18688
0,0,0,OUT_18689
0,0,0,OUT_18690
0,0,0,OUT_18691
0,0,0,OUT_18692
1,1,0,OUT_18693
0,0,0,OUT_18694
0,0,0,OUT_18695
0,0,0,OUT_18696
0,0,0,OUT_18697
0,0,0,OUT_18698
1,0,0,OUT_18699
2,0,3,OUT_18700
1,0,0,OUT_18701
0,0,0,OUT_18702
0,0,0,OUT_18703
0,0,0,OUT_18704
0,0,0,OUT_18705
0,0,0,OUT_18706
0,0,0,OUT_18707
0,0,0,OUT_18708
0,0,0,OUT_18709
0,0,0,OUT_18710
1,1,0,OUT_18711
0,0,0,OUT_18712
0,0,0,OUT_18713
0,0,0,OUT_18714
0,0,0,OUT_18715
0,0,0,OUT_18716
1,0,0,OUT_18717
0,0,0,OUT_18718
0,0,0,OUT_18719
0,0,0,OUT_18720
0,0,0,OUT_18721
0,0,0,OUT_18722
0,0,0,OUT_18723
0,0,0,OUT_18724
0,0,0,OUT_18725
0,0,0,OUT_18726
0,0,0,OUT_18727
0,0,0,OUT_18728
0,0,0,OUT_18729
0,0,0,OUT_18730
0,0,0,OUT_18731
0,0,0,OUT_18732
0,0,0,OUT_18733
0,0,0,OUT_18734
0,0,0,OUT_18735
0,0,0,OUT_18736
0,0,0,OUT_18737
0,0,0,OUT_18738
0,0,0,OUT_18739
0,0,0,OUT_18740
1,0,0,OUT_18741
0,0,0,OUT_18742
0,0,0,OUT_18743
0,0,0,OUT_18744
1,0,0,OUT_18745
0,0,0,OUT_18746
0,0,0,OUT_18747
0,0,0,OUT_18748
0,0,0,OUT_18749
0,0,0,OUT_18750
1,0,2,OUT_18751
0,0,0,OUT_18752
0,0,0,OUT_18753
0,0,0,OUT_18754
0,0,1,OUT_18755
0,0,0,OUT_18756
0,0,0,OUT_18757
0,0,0,OUT_18758
0,0,0,OUT_18759
0,0,0,OUT_18760
0,0,0,OUT_18761
0,0,0,OUT_18762
0,0,0,OUT_18763
0,0,0,OUT_18764
0,0,0,OUT_18765
1,0,0,OUT_18766
0,0,0,OUT_18767
0,0,0,OUT_18768
0,0,0,OUT_18769
0,0,0,OUT_18770
0,0,0,OUT_18771
0,0,0,OUT_18772
0,0,0,OUT_18773
0,0,0,OUT_18774
0,0,0,OUT_18775
0,0,0,OUT_18776
0,0,0,OUT_18777
0,0,0,OUT_18778
0,0,0,OUT_18779
0,0,0,OUT_18780
0,0,0,OUT_18781
0,0,0,OUT_18782
0,0,0,OUT_18783
0,0,0,OUT_18784
0,0,0,OUT_18785
0,0,0,OUT_18786
0,0,0,OUT_18787
1,0,4,OUT_18788
0,0,0,OUT_18789
0,0,0,OUT_18790
0,0,0,OUT_18791
1,0,0,OUT_18792
0,0,0,OUT_18793
0,0,0,OUT_18794
0,0,0,OUT_18795
0,0,0,OUT_18796
0,0,0,OUT_18797
0,0,0,OUT_18798
1,1,0,OUT_18799
0,0,0,OUT_18800
0,0,0,OUT_18801
1,0,0,OUT_18802
0,0,0,OUT_18803
0,0,0,OUT_18804
1,0,0,OUT_18805
0,0,0,OUT_18806
0,0,0,OUT_18807
0,0,0,OUT_18808
2,0,0,OUT_18809
0,0,0,OUT_18810
0,0,0,OUT_18811
0,0,0,OUT_18812
0,0,0,OUT_18813
0,0,0,OUT_18814
0,0,0,OUT_18815
0,0,0,OUT_18816
0,0,0,OUT_18817
0,0,0,OUT_18818
0,0,0,OUT_18819
0,0,0,OUT_18820
1,0,0,OUT_18821
0,0,0,OUT_18822
1,0,0,OUT_18823
0,0,0,OUT_18824
0,0,0,OUT_18825
0,0,0,OUT_18826
0,0,0,OUT_18827
0,0,3,OUT_18828
0,0,0,OUT_18829
0,0,0,OUT_18830
0,0,0,OUT_18831
0,0,0,OUT_18832
0,0,0,OUT_18833
0,0,0,OUT_18834
0,0,0,OUT_18835
2,0,0,OUT_18836
0,0,0,OUT_18837
1,0,1,OUT_18838
0,0,0,OUT_18839
0,0,0,OUT_18840
0,0,0,OUT_18841
0,0,0,OUT_18842
0,0,0,OUT_18843
0,0,0,OUT_18844
0,0,0,OUT_18845
0,0,0,OUT_18846
0,0,0,OUT_18847
0,0,0,OUT_18848
0,0,0,OUT_18849
0,0,0,OUT_18850
0,0,0,OUT_18851
1,0,3,OUT_18852
0,0,0,OUT_18853
0,0,0,OUT_18854
1,0,2,OUT_18855
0,0,0,OUT_18856
0,0,0,OUT_18857
0,0,0,OUT_18858
0,0,0,OUT_18859
0,0,0,OUT_18860
0,0,0,OUT_18861
0,0,0,OUT_18862
1,0,0,OUT_18863
0,0,0,OUT_18864
0,0,0,OUT_18865
0,0,1,OUT_18866
3,0,5,OUT_18867
0,0,0,OUT_18868
0,0,0,OUT_18869
0,0,0,OUT_18870
0,0,1,OUT_18871
0,0,0,OUT_18872
0,0,0,OUT_18873
0,0,0,OUT_18874
0,0,0,OUT_18875
0,0,0,OUT_18876
0,0,0,OUT_18877
0,0,0,OUT_18878
1,0,0,OUT_18879
1,0,0,OUT_18880
0,0,0,OUT_18881
0,0,0,OUT_18882
1,0,0,OUT_18883
0,0,0,OUT_18884
0,0,0,OUT_18885
0,0,0,OUT_18886
0,0,0,OUT_18887
0,0,0,OUT_18888
0,0,0,OUT_18889
0,0,0,OUT_18890
0,0,0,OUT_18891
1,0,0,OUT_18892
0,0,0,OUT_18893
0,0,0,OUT_18894
0,0,0,OUT_18895
0,0,0,OUT_18896
0,0,0,OUT_18897
0,0,0,OUT_18898
0,0,0,OUT_18899
0,0,0,OUT_18900
0,0,0,OUT_18901
0,0,0,OUT_18902
0,0,0,OUT_18903
0,0,0,OUT_18904
0,0,0,OUT_18905
0,0,0,OUT_18906
0,0,0,OUT_18907
0,0,0,OUT_18908
1,0,0,OUT_18909
1,0,0,OUT_18910
0,0,0,OUT_18911
0,0,0,OUT_18912
2,0,2,OUT_18913
0,0,0,OUT_18914
0,0,0,OUT_18915
6,2,7,OUT_18916
2,0,2,OUT_18917
0,0,0,OUT_18918
0,0,0,OUT_18919
0,0,0,OUT_18920
0,0,0,OUT_18921
0,0,0,OUT_18922
0,0,0,OUT_18923
0,0,0,OUT_18924
0,0,0,OUT_18925
0,0,0,OUT_18926
0,0,0,OUT_18927
0,0,0,OUT_18928
0,0,0,OUT_18929
0,0,0,OUT_18930
0,0,0,OUT_18931
0,0,0,OUT_18932
0,0,0,OUT_18933
0,0,0,OUT_18934
0,0,0,OUT_18935
0,0,0,OUT_18936
0,0,0,OUT_18937
0,0,0,OUT_18938
0,0,0,OUT_18939
1,0,0,OUT_18940
0,0,0,OUT_18941
0,0,0,OUT_18942
0,0,0,OUT_18943
0,0,4,OUT_18944
0,0,0,OUT_18945
0,0,0,OUT_18946
0,0,0,OUT_18947
2,0,0,OUT_18948
0,0,0,OUT_18949
0,0,0,OUT_18950
0,0,0,OUT_18951
0,0,0,OUT_18952
0,0,0,OUT_18953
0,0,0,OUT_18954
0,1,1,OUT_18955
0,0,0,OUT_18956
0,0,0,OUT_18957
0,0,0,OUT_18958
0,0,0,OUT_18959
0,0,0,OUT_18960
0,0,0,OUT_18961
0,0,0,OUT_18962
0,0,0,OUT_18963
0,0,0,OUT_18964
0,0,0,OUT_18965
0,0,1,OUT_18966
1,0,1,OUT_18967
0,0,0,OUT_18968
0,0,0,OUT_18969
0,0,0,OUT_18970
0,0,0,OUT_18971
0,0,0,OUT_18972
4,1,4,OUT_18973
0,0,0,OUT_18974
0,0,0,OUT_18975
0,0,0,OUT_18976
0,0,0,OUT_18977
2,1,0,OUT_18978
0,0,0,OUT_18979
0,0,0,OUT_18980
0,0,0,OUT_18981
0,0,0,OUT_18982
0,0,0,OUT_18983
0,0,0,OUT_18984
0,0,0,OUT_18985
0,0,0,OUT_18986
0,0,0,OUT_18987
0,0,0,OUT_18988
0,0,0,OUT_18989
1,0,0,OUT_18990
0,0,0,OUT_18991
0,0,0,OUT_18992
0,0,0,OUT_18993
0,0,0,OUT_18994
0,0,0,OUT_18995
1,0,0,OUT_18996
0,0,0,OUT_18997
0,0,0,OUT_18998
0,0,0,OUT_18999
0,0,0,OUT_19000
0,0,0,OUT_19001
0,0,0,OUT_19002
0,0,1,OUT_19003
1,1,0,OUT_19004
0,0,0,OUT_19005
0,0,0,OUT_19006
0,0,0,OUT_19007
1,0,0,OUT_19008
0,0,0,OUT_19009
0,0,0,OUT_19010
0,0,0,OUT_19011
0,0,0,OUT_19012
0,0,0,OUT_19013
0,0,0,OUT_19014
0,0,0,OUT_19015
2,0,0,OUT_19016
0,0,0,OUT_19017
0,0,0,OUT_19018
0,0,0,OUT_19019
0,0,0,OUT_19020
0,0,0,OUT_19021
1,0,0,OUT_19022
0,0,0,OUT_19023
0,0,0,OUT_19024
0,0,0,OUT_19025
0,0,0,OUT_19026
0,0,0,OUT_19027
0,0,0,OUT_19028
0,0,0,OUT_19029
0,0,0,OUT_19030
0,0,0,OUT_19031
0,0,0,OUT_19032
0,0,0,OUT_19033
0,0,0,OUT_19034
0,0,3,OUT_19035
0,0,0,OUT_19036
2,0,0,OUT_19037
0,0,0,OUT_19038
0,0,0,OUT_19039
0,0,4,OUT_19040
0,0,0,OUT_19041
0,0,0,OUT_19042
0,0,0,OUT_19043
0,0,0,OUT_19044
0,0,0,OUT_19045
0,0,0,OUT_19046
0,0,0,OUT_19047
0,0,0,OUT_19048
0,0,0,OUT_19049
0,0,0,OUT_19050
0,0,0,OUT_19051
0,0,0,OUT_19052
0,0,0,OUT_19053
0,0,0,OUT_19054
0,0,0,OUT_19055
0,0,1,OUT_19056
0,0,0,OUT_19057
0,0,0,OUT_19058
0,0,0,OUT_19059
0,0,0,OUT_19060
0,0,0,OUT_19061
0,0,0,OUT_19062
1,0,0,OUT_19063
1,0,0,OUT_19064
0,0,0,OUT_19065
0,0,0,OUT_19066
0,0,0,OUT_19067
0,0,1,OUT_19068
0,0,2,OUT_19069
0,0,0,OUT_19070
0,0,3,OUT_19071
1,0,0,OUT_19072
5,1,5,OUT_19073
0,0,0,OUT_19074
1,0,6,OUT_19075
0,0,0,OUT_19076
0,0,0,OUT_19077
0,0,0,OUT_19078
0,0,0,OUT_19079
0,0,0,OUT_19080
0,0,0,OUT_19081
0,0,0,OUT_19082
0,0,0,OUT_19083
0,0,0,OUT_19084
6,3,10,OUT_19085
0,0,0,OUT_19086
0,0,0,OUT_19087
0,0,0,OUT_19088
0,0,0,OUT_19089
0,0,0,OUT_19090
2,0,2,OUT_19091
0,0,0,OUT_19092
0,0,5,OUT_19093
0,0,0,OUT_19094
0,0,0,OUT_19095
0,0,0,OUT_19096
0,0,0,OUT_19097
0,0,0,OUT_19098
0,0,0,OUT_19099
0,0,0,OUT_19100
0,0,0,OUT_19101
0,0,0,OUT_19102
1,1,0,OUT_19103
0,0,0,OUT_19104
1,0,0,OUT_19105
0,0,0,OUT_19106
0,0,0,OUT_19107
0,0,0,OUT_19108
0,0,1,OUT_19109
0,0,0,OUT_19110
0,0,0,OUT_19111
0,0,0,OUT_19112
0,0,0,OUT_19113
0,0,0,OUT_19114
0,0,0,OUT_19115
0,0,0,OUT_19116
0,0,0,OUT_19117
0,0,0,OUT_19118
0,0,0,OUT_19119
0,0,0,OUT_19120
0,0,0,OUT_19121
0,0,0,OUT_19122
0,0,0,OUT_19123
1,1,2,OUT_19124
1,0,0,OUT_19125
0,0,0,OUT_19126
0,0,0,OUT_19127
0,0,0,OUT_19128
1,0,0,OUT_19129
0,0,0,OUT_19130
0,0,0,OUT_19131
0,0,0,OUT_19132
0,0,0,OUT_19133
0,0,0,OUT_19134
0,0,0,OUT_19135
0,0,0,OUT_19136
0,0,0,OUT_19137
0,0,0,OUT_19138
0,0,0,OUT_19139
0,0,0,OUT_19140
0,0,0,OUT_19141
0,0,0,OUT_19142
0,0,0,OUT_19143
0,0,0,OUT_19144
0,0,0,OUT_19145
0,0,0,OUT_19146
0,0,0,OUT_19147
0,0,0,OUT_19148
0,0,0,OUT_19149
0,0,0,OUT_19150
0,0,0,OUT_19151
0,0,0,OUT_19152
0,0,0,OUT_19153
0,0,0,OUT_19154
0,0,0,OUT_19155
0,0,0,OUT_19156
0,0,0,OUT_19157
0,0,0,OUT_19158
0,0,0,OUT_19159
0,0,0,OUT_19160
0,0,0,OUT_19161
0,0,0,OUT_19162
0,0,0,OUT_19163
0,0,0,OUT_19164
0,0,0,OUT_19165
0,0,3,OUT_19166
0,0,0,OUT_19167
0,0,0,OUT_19168
0,0,0,OUT_19169
0,0,0,OUT_19170
0,0,1,OUT_19171
0,0,0,OUT_19172
0,0,0,OUT_19173
0,0,0,OUT_19174
0,0,0,OUT_19175
2,0,0,OUT_19176
0,0,0,OUT_19177
0,0,0,OUT_19178
0,0,0,OUT_19179
0,0,0,OUT_19180
0,0,0,OUT_19181
0,0,0,OUT_19182
0,0,0,OUT_19183
0,0,0,OUT_19184
1,0,0,OUT_19185
0,0,0,OUT_19186
0,0,0,OUT_19187
0,0,0,OUT_19188
0,0,0,OUT_19189
0,0,0,OUT_19190
0,0,0,OUT_19191
0,1,7,OUT_19192
0,0,0,OUT_19193
0,0,0,OUT_19194
0,0,1,OUT_19195
0,0,0,OUT_19196
0,0,0,OUT_19197
1,0,2,OUT_19198
1,0,0,OUT_19199
0,0,1,OUT_19200
0,0,0,OUT_19201
0,0,0,OUT_19202
0,0,0,OUT_19203
0,0,0,OUT_19204
0,0,0,OUT_19205
0,0,0,OUT_19206
0,0,0,OUT_19207
0,0,0,OUT_19208
0,0,0,OUT_19209
0,0,0,OUT_19210
0,0,0,OUT_19211
1,0,0,OUT_19212
0,0,0,OUT_19213
0,0,0,OUT_19214
0,0,0,OUT_19215
0,0,0,OUT_19216
0,0,0,OUT_19217
0,0,0,OUT_19218
0,0,0,OUT_19219
0,0,0,OUT_19220
0,0,0,OUT_19221
0,0,0,OUT_19222
0,0,0,OUT_19223
0,0,0,OUT_19224
0,0,0,OUT_19225
0,0,0,OUT_19226
1,0,0,OUT_19227
0,0,0,OUT_19228
0,0,0,OUT_19229
0,0,0,OUT_19230
0,0,0,OUT_19231
0,0,0,OUT_19232
0,0,0,OUT_19233
0,0,1,OUT_19234
0,0,0,OUT_19235
0,1,4,OUT_19236
0,0,2,OUT_19237
0,0,0,OUT_19238
0,0,0,OUT_19239
0,0,0,OUT_19240
0,0,0,OUT_19241
0,0,0,OUT_19242
0,0,0,OUT_19243
0,0,0,OUT_19244
0,0,0,OUT_19245
0,0,0,OUT_19246
0,0,0,OUT_19247
0,0,0,OUT_19248
0,0,0,OUT_19249
0,0,0,OUT_19250
0,0,0,OUT_19251
0,0,0,OUT_19252
1,0,0,OUT_19253
0,0,0,OUT_19254
0,0,0,OUT_19255
0,0,0,OUT_19256
0,0,0,OUT_19257
0,0,0,OUT_19258
0,0,0,OUT_19259
1,0,0,OUT_19260
0,0,0,OUT_19261
1,0,0,OUT_19262
0,0,0,OUT_19263
1,0,0,OUT_19264
0,0,0,OUT_19265
0,1,0,OUT_19266
0,0,0,OUT_19267
1,0,0,OUT_19268
0,0,0,OUT_19269
0,0,0,OUT_19270
0,0,0,OUT_19271
0,0,0,OUT_19272
0,0,0,OUT_19273
0,0,0,OUT_19274
0,0,0,OUT_19275
0,0,0,OUT_19276
0,0,0,OUT_19277
0,0,0,OUT_19278
0,0,0,OUT_19279
0,0,0,OUT_19280
0,0,0,OUT_19281
0,0,0,OUT_19282
0,0,0,OUT_19283
0,0,0,OUT_19284
0,0,0,OUT_19285
0,1,8,OUT_19286
0,0,0,OUT_19287
0,0,0,OUT_19288
0,0,0,OUT_19289
0,0,0,OUT_19290
0,0,0,OUT_19291
0,0,0,OUT_19292
0,0,0,OUT_19293
0,0,0,OUT_19294
0,0,0,OUT_19295
0,0,0,OUT_19296
0,0,2,OUT_19297
0,0,0,OUT_19298
0,0,0,OUT_19299
0,0,0,OUT_19300
0,0,1,OUT_19301
0,0,0,OUT_19302
0,0,0,OUT_19303
0,0,0,OUT_19304
0,0,0,OUT_19305
1,0,0,OUT_19306
0,0,0,OUT_19307
0,0,0,OUT_19308
0,0,0,OUT_19309
0,0,0,OUT_19310
0,0,0,OUT_19311
0,0,0,OUT_19312
0,0,0,OUT_19313
0,0,0,OUT_19314
0,0,0,OUT_19315
0,0,0,OUT_19316
0,0,2,OUT_19317
0,0,0,OUT_19318
0,0,0,OUT_19319
0,0,0,OUT_19320
0,0,0,OUT_19321
1,0,2,OUT_19322
0,0,0,OUT_19323
0,0,0,OUT_19324
0,0,0,OUT_19325
0,0,0,OUT_19326
0,0,0,OUT_19327
0,0,0,OUT_19328
1,0,0,OUT_19329
0,0,0,OUT_19330
0,0,0,OUT_19331
0,0,0,OUT_19332
0,0,0,OUT_19333
0,0,0,OUT_19334
1,0,0,OUT_19335
0,0,1,OUT_19336
0,0,0,OUT_19337
1,0,0,OUT_19338
0,0,0,OUT_19339
0,0,0,OUT_19340
0,0,0,OUT_19341
0,0,0,OUT_19342
1,0,6,OUT_19343
1,0,0,OUT_19344
0,0,0,OUT_19345
0,0,0,OUT_19346
0,0,0,OUT_19347
0,0,0,OUT_19348
0,0,0,OUT_19349
1,0,0,OUT_19350
0,0,0,OUT_19351
0,0,0,OUT_19352
0,0,0,OUT_19353
0,0,0,OUT_19354
0,0,0,OUT_19355
0,0,0,OUT_19356
0,0,1,OUT_19357
1,0,0,OUT_19358
1,0,0,OUT_19359
1,0,0,OUT_19360
0,1,1,OUT_19361
0,0,0,OUT_19362
0,0,0,OUT_19363
0,0,0,OUT_19364
0,0,0,OUT_19365
1,0,0,OUT_19366
0,0,0,OUT_19367
2,1,10,OUT_19368
0,1,0,OUT_19369
0,0,0,OUT_19370
0,0,0,OUT_19371
0,0,0,OUT_19372
0,0,0,OUT_19373
0,0,0,OUT_19374
0,0,0,OUT_19375
0,0,2,OUT_19376
0,0,0,OUT_19377
0,0,0,OUT_19378
0,0,0,OUT_19379
0,0,0,OUT_19380
0,0,0,OUT_19381
0,0,0,OUT_19382
0,0,0,OUT_19383
0,0,0,OUT_19384
0,0,0,OUT_19385
0,0,0,OUT_19386
0,0,0,OUT_19387
0,0,0,OUT_19388
0,0,0,OUT_19389
0,0,0,OUT_19390
0,0,0,OUT_19391
0,0,0,OUT_19392
0,0,0,OUT_19393
0,0,0,OUT_19394
0,0,0,OUT_19395
0,0,0,OUT_19396
0,0,0,OUT_19397
0,0,0,OUT_19398
0,0,0,OUT_19399
0,0,0,OUT_19400
0,0,0,OUT_19401
0,0,0,OUT_19402
0,0,0,OUT_19403
1,0,0,OUT_19404
0,0,0,OUT_19405
0,0,0,OUT_19406
0,0,0,OUT_19407
0,0,0,OUT_19408
0,0,0,OUT_19409
0,0,0,OUT_19410
0,0,0,OUT_19411
0,0,0,OUT_19412
1,0,1,OUT_19413
0,0,0,OUT_19414
0,0,0,OUT_19415
1,0,0,OUT_19416
0,0,0,OUT_19417
0,0,1,OUT_19418
0,0,0,OUT_19419
0,0,0,OUT_19420
0,0,0,OUT_19421
0,0,0,OUT_19422
0,0,0,OUT_19423
0,0,0,OUT_19424
0,1,1,OUT_19425
0,0,0,OUT_19426
0,0,0,OUT_19427
0,0,0,OUT_19428
1,0,0,OUT_19429
0,0,0,OUT_19430
0,0,0,OUT_19431
0,0,0,OUT_19432
0,0,0,OUT_19433
0,0,0,OUT_19434
1,0,0,OUT_19435
0,0,0,OUT_19436
0,0,0,OUT_19437
0,0,0,OUT_19438
0,0,0,OUT_19439
0,0,0,OUT_19440
0,0,0,OUT_19441
1,0,0,OUT_19442
0,0,0,OUT_19443
0,0,0,OUT_19444
0,0,0,OUT_19445
0,0,0,OUT_19446
0,0,0,OUT_19447
1,0,3,OUT_19448
0,0,0,OUT_19449
0,0,0,OUT_19450
0,0,0,OUT_19451
0,0,0,OUT_19452
0,0,0,OUT_19453
0,0,0,OUT_19454
0,0,0,OUT_19455
0,0,0,OUT_19456
0,0,0,OUT_19457
1,0,0,OUT_19458
0,0,0,OUT_19459
0,0,0,OUT_19460
1,0,0,OUT_19461
0,0,0,OUT_19462
0,0,0,OUT_19463
0,0,0,OUT_19464
0,0,0,OUT_19465
0,0,0,OUT_19466
0,0,0,OUT_19467
0,0,0,OUT_19468
1,0,7,OUT_19469
0,0,0,OUT_19470
0,0,0,OUT_19471
0,0,0,OUT_19472
0,0,0,OUT_19473
0,0,0,OUT_19474
0,0,7,OUT_19475
0,0,0,OUT_19476
0,0,0,OUT_19477
0,0,0,OUT_19478
0,0,0,OUT_19479
0,0,0,OUT_19480
0,0,0,OUT_19481
0,0,0,OUT_19482
0,0,0,OUT_19483
1,0,3,OUT_19484
0,0,0,OUT_19485
0,0,0,OUT_19486
1,0,0,OUT_19487
0,0,0,OUT_19488
0,0,0,OUT_19489
0,0,0,OUT_19490
0,0,0,OUT_19491
0,0,0,OUT_19492
0,0,0,OUT_19493
0,0,0,OUT_19494
0,0,0,OUT_19495
0,0,0,OUT_19496
0,0,0,OUT_19497
1,0,7,OUT_19498
0,0,0,OUT_19499
0,0,0,OUT_19500
0,0,0,OUT_19501
0,0,0,OUT_19502
0,0,0,OUT_19503
0,0,0,OUT_19504
0,0,0,OUT_19505
0,0,0,OUT_19506
1,0,0,OUT_19507
0,0,0,OUT_19508
1,0,2,OUT_19509
0,0,3,OUT_19510
0,0,0,OUT_19511
0,0,0,OUT_19512
0,0,2,OUT_19513
0,0,0,OUT_19514
0,0,0,OUT_19515
0,0,0,OUT_19516
0,0,1,OUT_19517
0,0,0,OUT_19518
0,0,0,OUT_19519
0,0,0,OUT_19520
0,0,0,OUT_19521
0,0,0,OUT_19522
0,0,0,OUT_19523
0,0,0,OUT_19524
0,0,0,OUT_19525
0,0,0,OUT_19526
0,0,0,OUT_19527
0,0,0,OUT_19528
0,0,0,OUT_19529
0,0,1,OUT_19530
0,0,0,OUT_19531
0,1,2,OUT_19532
1,0,0,OUT_19533
1,0,0,OUT_19534
0,0,0,OUT_19535
0,0,0,OUT_19536
0,0,0,OUT_19537
0,0,0,OUT_19538
0,0,0,OUT_19539
0,0,0,OUT_19540
4,0,0,OUT_19541
0,0,0,OUT_19542
1,0,0,OUT_19543
0,0,0,OUT_19544
0,0,0,OUT_19545
0,0,0,OUT_19546
0,0,1,OUT_19547
8,2,6,OUT_19548
0,0,0,OUT_19549
0,0,0,OUT_19550
0,0,0,OUT_19551
2,1,0,OUT_19552
0,0,0,OUT_19553
0,0,0,OUT_19554
0,0,0,OUT_19555
1,0,0,OUT_19556
0,0,0,OUT_19557
0,0,0,OUT_19558
0,0,0,OUT_19559
1,0,0,OUT_19560
0,0,0,OUT_19561
0,0,0,OUT_19562
0,0,0,OUT_19563
0,0,0,OUT_19564
1,0,2,OUT_19565
0,0,0,OUT_19566
1,0,0,OUT_19567
1,0,0,OUT_19568
0,0,0,OUT_19569
0,0,0,OUT_19570
0,0,0,OUT_19571
1,0,6,OUT_19572
0,0,0,OUT_19573
0,0,0,OUT_19574
0,0,0,OUT_19575
0,0,0,OUT_19576
0,0,0,OUT_19577
0,0,0,OUT_19578
0,0,0,OUT_19579
0,0,0,OUT_19580
0,0,0,OUT_19581
0,0,0,OUT_19582
0,0,0,OUT_19583
0,0,0,OUT_19584
0,0,0,OUT_19585
0,0,0,OUT_19586
0,0,0,OUT_19587
0,0,0,OUT_19588
1,0,0,OUT_19589
0,0,0,OUT_19590
0,0,0,OUT_19591
1,0,0,OUT_19592
0,0,0,OUT_19593
0,0,0,OUT_19594
0,0,0,OUT_19595
0,0,0,OUT_19596
0,0,0,OUT_19597
0,0,0,OUT_19598
0,0,0,OUT_19599
1,0,0,OUT_19600
0,0,0,OUT_19601
0,0,0,OUT_19602
0,0,0,OUT_19603
0,0,0,OUT_19604
0,0,0,OUT_19605
0,0,0,OUT_19606
0,0,0,OUT_19607
0,0,0,OUT_19608
0,0,0,OUT_19609
0,0,0,OUT_19610
0,0,0,OUT_19611
0,0,0,OUT_19612
0,0,0,OUT_19613
0,0,0,OUT_19614
0,0,0,OUT_19615
0,0,0,OUT_19616
0,0,0,OUT_19617
0,0,0,OUT_19618
0,0,0,OUT_19619
0,0,0,OUT_19620
0,0,0,OUT_19621
0,0,0,OUT_19622
1,0,2,OUT_19623
0,0,0,OUT_19624
1,0,1,OUT_19625
0,0,0,OUT_19626
0,0,0,OUT_19627
0,0,0,OUT_19628
0,0,0,OUT_19629
0,0,0,OUT_19630
0,0,0,OUT_19631
0,0,0,OUT_19632
0,0,0,OUT_19633
0,0,0,OUT_19634
0,0,0,OUT_19635
0,0,0,OUT_19636
0,0,0,OUT_19637
0,0,0,OUT_19638
0,0,0,OUT_19639
1,0,0,OUT_19640
0,0,0,OUT_19641
1,0,0,OUT_19642
1,0,0,OUT_19643
0,0,0,OUT_19644
0,0,0,OUT_19645
0,0,0,OUT_19646
0,0,0,OUT_19647
0,0,0,OUT_19648
0,0,0,OUT_19649
1,0,1,OUT_19650
0,1,1,OUT_19651
0,0,0,OUT_19652
0,0,0,OUT_19653
0,0,0,OUT_19654
0,0,0,OUT_19655
0,0,0,OUT_19656
0,0,1,OUT_19657
2,3,0,OUT_19658
0,0,0,OUT_19659
0,0,0,OUT_19660
0,0,0,OUT_19661
0,0,0,OUT_19662
0,0,0,OUT_19663
0,0,0,OUT_19664
0,0,0,OUT_19665
0,0,0,OUT_19666
0,0,0,OUT_19667
0,0,0,OUT_19668
0,0,0,OUT_19669
1,0,0,OUT_19670
0,0,0,OUT_19671
0,0,0,OUT_19672
2,0,0,OUT_19673
0,0,0,OUT_19674
0,0,0,OUT_19675
0,0,0,OUT_19676
0,0,0,OUT_19677
0,0,0,OUT_19678
1,0,0,OUT_19679
0,0,0,OUT_19680
0,0,0,OUT_19681
0,0,0,OUT_19682
0,0,0,OUT_19683
0,0,0,OUT_19684
0,0,0,OUT_19685
0,0,0,OUT_19686
0,0,0,OUT_19687
1,0,3,OUT_19688
0,0,0,OUT_19689
0,0,0,OUT_19690
0,0,0,OUT_19691
1,0,0,OUT_19692
1,0,0,OUT_19693
0,0,0,OUT_19694
0,0,0,OUT_19695
0,0,0,OUT_19696
0,0,1,OUT_19697
0,0,0,OUT_19698
0,0,0,OUT_19699
0,0,0,OUT_19700
0,0,0,OUT_19701
0,1,0,OUT_19702
0,0,0,OUT_19703
0,0,0,OUT_19704
0,0,0,OUT_19705
0,0,0,OUT_19706
1,0,2,OUT_19707
0,0,0,OUT_19708
0,0,0,OUT_19709
0,0,0,OUT_19710
0,0,0,OUT_19711
0,0,0,OUT_19712
0,0,0,OUT_19713
0,0,0,OUT_19714
0,0,0,OUT_19715
0,0,0,OUT_19716
1,0,3,OUT_19717
0,0,0,OUT_19718
0,0,0,OUT_19719
1,1,2,OUT_19720
0,0,0,OUT_19721
0,0,0,OUT_19722
0,0,0,OUT_19723
0,0,0,OUT_19724
0,0,0,OUT_19725
0,0,0,OUT_19726
0,0,0,OUT_19727
0,0,0,OUT_19728
0,0,0,OUT_19729
0,0,0,OUT_19730
0,0,4,OUT_19731
0,0,0,OUT_19732
0,0,0,OUT_19733
0,0,0,OUT_19734
0,0,0,OUT_19735
0,0,0,OUT_19736
6,1,5,OUT_19737
0,0,0,OUT_19738
0,0,0,OUT_19739
0,0,0,OUT_19740
4,3,3,OUT_19741
0,0,0,OUT_19742
1,0,2,OUT_19743
0,0,0,OUT_19744
0,0,0,OUT_19745
0,0,0,OUT_19746
1,0,0,OUT_19747
0,0,0,OUT_19748
1,0,7,OUT_19749
0,0,0,OUT_19750
0,0,1,OUT_19751
0,0,0,OUT_19752
1,0,0,OUT_19753
0,0,0,OUT_19754
0,0,0,OUT_19755
0,0,0,OUT_19756
0,0,0,OUT_19757
0,0,0,OUT_19758
0,0,0,OUT_19759
0,0,0,OUT_19760
0,0,0,OUT_19761
0,0,0,OUT_19762
0,0,0,OUT_19763
0,0,0,OUT_19764
0,0,0,OUT_19765
0,0,0,OUT_19766
0,0,0,OUT_19767
0,0,0,OUT_19768
0,0,0,OUT_19769
0,0,0,OUT_19770
0,0,0,OUT_19771
0,0,0,OUT_19772
0,0,0,OUT_19773
0,0,0,OUT_19774
0,0,0,OUT_19775
0,0,0,OUT_19776
0,0,0,OUT_19777
0,0,0,OUT_19778
0,0,0,OUT_19779
0,0,0,OUT_19780
0,0,0,OUT_19781
0,1,0,OUT_19782
0,0,0,OUT_19783
0,0,2,OUT_19784
0,0,0,OUT_19785
0,0,0,OUT_19786
0,0,0,OUT_19787
0,0,0,OUT_19788
0,0,0,OUT_19789
0,0,1,OUT_19790
0,0,0,OUT_19791
0,0,0,OUT_19792
0,0,1,OUT_19793
0,0,0,OUT_19794
0,0,0,OUT_19795
0,0,0,OUT_19796
0,1,0,OUT_19797
0,0,0,OUT_19798
0,0,0,OUT_19799
0,0,0,OUT_19800
0,0,0,OUT_19801
0,0,0,OUT_19802
0,0,0,OUT_19803
0,0,0,OUT_19804
0,0,0,OUT_19805
0,0,0,OUT_19806
0,0,0,OUT_19807
0,0,0,OUT_19808
0,0,0,OUT_19809
0,0,0,OUT_19810
0,0,0,OUT_19811
0,0,0,OUT_19812
1,0,0,OUT_19813
0,0,0,OUT_19814
0,0,0,OUT_19815
0,0,0,OUT_19816
0,0,0,OUT_19817
0,0,0,OUT_19818
0,0,0,OUT_19819
0,0,0,OUT_19820
0,0,0,OUT_19821
0,0,0,OUT_19822
1,0,1,OUT_19823
0,0,0,OUT_19824
0,0,2,OUT_19825
0,0,0,OUT_19826
1,0,0,OUT_19827
0,0,0,OUT_19828
0,0,0,OUT_19829
1,0,0,OUT_19830
1,0,0,OUT_19831
0,0,0,OUT_19832
0,0,0,OUT_19833
0,0,0,OUT_19834
0,0,0,OUT_19835
0,0,0,OUT_19836
0,0,0,OUT_19837
0,0,0,OUT_19838
0,0,0,OUT_19839
0,0,0,OUT_19840
1,0,8,OUT_19841
0,0,0,OUT_19842
1,1,1,OUT_19843
0,0,1,OUT_19844
0,0,0,OUT_19845
0,0,0,OUT_19846
0,0,0,OUT_19847
0,0,0,OUT_19848
0,0,0,OUT_19849
2,0,0,OUT_19850
0,0,0,OUT_19851
0,0,0,OUT_19852
0,0,0,OUT_19853
0,0,0,OUT_19854
0,0,0,OUT_19855
1,0,0,OUT_19856
0,0,0,OUT_19857
0,0,0,OUT_19858
0,0,0,OUT_19859
0,0,0,OUT_19860
0,0,0,OUT_19861
0,0,0,OUT_19862
0,0,0,OUT_19863
0,1,1,OUT_19864
0,0,0,OUT_19865
3,0,0,OUT_19866
0,0,0,OUT_19867
0,0,0,OUT_19868
0,0,0,OUT_19869
0,0,0,OUT_19870
0,0,0,OUT_19871
0,0,0,OUT_19872
0,0,0,OUT_19873
0,0,0,OUT_19874
0,0,3,OUT_19875
0,0,0,OUT_19876
0,0,1,OUT_19877
0,0,0,OUT_19878
1,0,0,OUT_19879
0,0,0,OUT_19880
0,0,0,OUT_19881
0,0,0,OUT_19882
0,0,0,OUT_19883
0,0,0,OUT_19884
0,0,0,OUT_19885
0,0,0,OUT_19886
0,0,0,OUT_19887
0,0,0,OUT_19888
0,0,0,OUT_19889
0,0,0,OUT_19890
0,1,1,OUT_19891
0,0,0,OUT_19892
1,0,0,OUT_19893
0,0,0,OUT_19894
0,0,0,OUT_19895
0,0,0,OUT_19896
0,0,0,OUT_19897
0,0,0,OUT_19898
0,0,0,OUT_19899
0,0,0,OUT_19900
0,0,0,OUT_19901
0,0,0,OUT_19902
0,0,0,OUT_19903
0,0,0,OUT_19904
0,0,0,OUT_19905
0,0,0,OUT_19906
0,0,0,OUT_19907
0,0,0,OUT_19908
0,0,0,OUT_19909
0,0,0,OUT_19910
1,1,0,OUT_19911
0,0,0,OUT_19912
0,0,0,OUT_19913
0,0,0,OUT_19914
0,0,0,OUT_19915
0,0,0,OUT_19916
1,0,3,OUT_19917
0,0,0,OUT_19918
0,0,0,OUT_19919
0,0,0,OUT_19920
0,0,0,OUT_19921
0,0,0,OUT_19922
0,0,0,OUT_19923
0,0,0,OUT_19924
0,0,0,OUT_19925
0,0,0,OUT_19926
0,0,0,OUT_19927
0,0,7,OUT_19928
0,0,0,OUT_19929
0,0,0,OUT_19930
0,0,0,OUT_19931
0,0,0,OUT_19932
0,0,0,OUT_19933
0,1,0,OUT_19934
0,0,0,OUT_19935
0,0,0,OUT_19936
0,0,0,OUT_19937
0,0,0,OUT_19938
0,0,0,OUT_19939
0,0,0,OUT_19940
0,0,0,OUT_19941
0,0,0,OUT_19942
1,0,0,OUT_19943
0,0,1,OUT_19944
0,0,0,OUT_19945
0,0,0,OUT_19946
0,0,0,OUT_19947
0,0,0,OUT_19948
1,0,0,OUT_19949
2,0,2,OUT_19950
0,0,0,OUT_19951
0,0,0,OUT_19952
2,0,6,OUT_19953
2,0,0,OUT_19954
0,0,0,OUT_19955
0,0,0,OUT_19956
1,0,0,OUT_19957
0,0,0,OUT_19958
0,0,1,OUT_19959
1,0,0,OUT_19960
0,0,0,OUT_19961
0,0,0,OUT_19962
0,0,0,OUT_19963
0,0,0,OUT_19964
0,0,0,OUT_19965
1,0,1,OUT_19966
0,0,0,OUT_19967
0,0,0,OUT_19968
0,0,0,OUT_19969
0,0,0,OUT_19970
0,0,0,OUT_19971
0,0,0,OUT_19972
0,0,0,OUT_19973
0,0,0,OUT_19974
0,0,0,OUT_19975
0,0,0,OUT_19976
1,0,0,OUT_19977
0,0,0,OUT_19978
1,0,0,OUT_19979
0,0,0,OUT_19980
0,0,0,OUT_19981
1,0,0,OUT_19982
0,0,0,OUT_19983
0,0,0,OUT_19984
0,0,0,OUT_19985
1,0,0,OUT_19986
0,0,0,OUT_19987
1,0,0,OUT_19988
0,0,0,OUT_19989
0,0,0,OUT_19990
0,0,0,OUT_19991
0,0,0,OUT_19992
0,0,0,OUT_19993
0,0,0,OUT_19994
0,0,0,OUT_19995
0,0,0,OUT_19996
0,0,0,OUT_19997
0,0,0,OUT_19998
0,0,0,OUT_19999
0,0,0,OUT_20000
